57458,2,6,5,1.02,90,0.04,38220,15.13,153,0.05,0,0,81.55,83.63,55.59,46.64,1464.28,999.81,864.41,588.76,1802.3,1230.13,14.55,9.9,5.83,3.98,0
42032,1,6,4,0.46,3,0.01,40338,15.28,19,0.01,0,0,18.27,32.37,28.72,20.76,752.96,373.56,444.32,219.06,928.14,458.4,7.47,3.68,3.02,1.48,0
19719,2,6,4,0.62,4,0.04,18113,14.09,70,0.05,0,0,127.11,142.06,59.12,61.51,1510.6,1170.27,894.56,688.39,1860.8,1439.82,15.03,11.6,6.04,4.67,0
58070,2,6,6,1.68,213,0.2,39023,15.01,931,0.28,0,0,146.02,117.76,66.88,95.1,1547,1024.9,926.59,598.86,1909.8,1256.5,15.46,10.11,6.26,4.07,0
11307,2,6,7,0.71,4,0.14,9871,13.12,183,0.24,0,0,110.28,171.88,62.38,131.89,1239.22,1335.55,753.81,789.31,1536.28,1640.31,12.43,13.26,5.13,5.37,0
47112,2,6,5,1.65,5,0.11,32472,14.77,601,0.22,0,0,81.83,102.42,45.55,103.33,920.99,564.91,556.64,337.28,1142.61,693.75,9.19,5.54,3.83,2.41,0
71151,2,6,6,1.66,63,0.13,43339,15.18,920,0.23,0,0,206.59,142.2,75.85,137.95,1611.82,814.36,973.57,476.68,1994.48,991.12,16.14,7.99,6.61,3.29,0
24621,2,6,6,1.75,5,0.16,18363,13.92,466,0.3,0,0,29.07,67.62,38.6,67.99,768.98,393.23,461.55,222.23,952.56,477.79,7.6,3.75,3.17,1.58,0
165510,1,6,5,2.08,5,0.14,62455,15.66,2694,0.31,0,0,128.72,196.54,69.12,164.88,1340.6,1202.15,816.42,714.91,1662.3,1474.02,13.44,11.89,5.56,4.91,0
125606,2,6,9,2.22,211,0.14,62502,15.76,1394,0.21,0,0,52.54,93.89,37.72,98,778.58,477.18,471.66,292.77,964.57,587.17,7.8,4.71,3.21,2.09,0
185321,1,6,9,2.83,8,0.18,62554,15.65,3434,0.36,0,0,16.57,64.55,31.91,94.57,549.57,342.95,340.28,214.41,684.68,424.07,5.54,3.31,2.34,1.64,0
149775,1,6,11,3.27,11,0.1,60951,15.68,1305,0.16,0,0,11.56,48.49,25.06,50.57,536.37,279.11,324.1,161.73,666.03,342.64,5.38,2.66,2.24,1.2,0
128665,2,6,13,3.39,87,0.22,59116,15.54,2670,0.39,0,0,11.33,45.41,28.02,69.08,506.16,212.89,310.1,121.97,629.95,260.86,5.07,1.88,2.14,1.02,0
131598,1,6,11,3.41,11,0.27,58802,15.42,3565,0.51,0,0,15.44,52.19,30.98,83.55,509.32,209.38,316.7,127.65,636.6,254.68,5.14,1.83,2.2,1.08,0
135312,2,6,12,3.43,12,0.37,58700,15.26,5521,0.77,0,0,35.09,74.76,36.47,88.58,541.89,257.51,341.81,148.29,684.62,316.83,5.49,2.29,2.48,1.33,0
142298,2,6,13,3.46,210,0.6,58111,14.95,9085,1.25,0,0,50.88,89.59,47.91,115.86,552.71,290.61,363.95,169.93,706.97,352.25,5.68,2.54,2.69,1.51,0
128604,2,6,13,3.44,12,0.48,57454,15.08,6739,1,0,0,57.78,94.13,48.53,123.27,570.55,275.13,373.42,167.42,731.01,333.94,5.84,2.35,2.8,1.52,0
139738,2,6,13,3.43,12,0.44,58053,15.15,6653,0.91,0,0,57.94,103.62,44.29,112.7,575.86,301.21,370.13,180.93,734.48,374.11,5.86,2.71,2.76,1.64,0
133247,1,6,12,3.45,93,0.47,57901,15.16,6710,0.96,0,0,51.03,99.1,46.35,120.88,556.85,273.6,361.45,171.17,710.44,335.7,5.66,2.39,2.67,1.56,0
146724,2,6,12,3.44,12,0.57,57909,14.97,9320,1.25,0,0,64.13,112.27,51.47,137.67,563.57,303.94,374.5,196.7,725.59,375.38,5.81,2.67,2.83,1.79,0
128895,1,6,11,3.43,11,0.51,56369,15.02,7317,1.08,0,0,68.69,117.7,49.27,131.96,578.15,316.7,378.92,201.41,743.67,394.57,5.93,2.84,2.89,1.85,0
132558,2,6,13,3.44,205,0.58,54154,14.91,8084,1.18,0,0,58.15,108.83,50,132.32,555.51,299.06,366.6,190.42,714.41,369.81,5.69,2.64,2.77,1.74,0
121613,1,6,11,3.41,11,0.43,55824,15.08,5593,0.89,0,0,53.03,101.99,45.13,127.49,560.47,280.77,364.17,186.39,715.97,348.91,5.74,2.51,2.71,1.69,0
131649,1,6,11,3.39,11,0.38,58381,15.24,5352,0.77,0,0,55.41,111.98,45.8,128.13,569.29,299.84,367.6,195.64,727.12,375.33,5.78,2.72,2.75,1.79,0
127431,2,6,13,3.4,73,0.47,55391,15.09,6497,0.97,0,0,74.1,121.12,51.97,143.62,594.31,327.53,389.15,216.01,766.1,408.83,6.06,2.97,3,1.96,0
136663,1,6,11,3.39,11,0.42,56940,15.15,6240,0.88,0,0,66.73,118.57,48.76,136.05,592.25,319.71,385.12,208.92,759.02,401.69,6.05,2.91,2.91,1.91,0
128341,1,6,11,3.4,11,0.41,59024,15.24,5702,0.84,0,0,71.51,117.2,47.58,139.53,600.19,318.61,388.63,214.74,770.01,400.87,6.13,2.91,2.96,1.94,0
118923,2,6,13,3.43,227,0.46,55917,15.17,5422,0.86,0,0,63.3,121.8,46.03,135.27,582.4,329.54,375.14,217.44,745.45,416.25,5.92,3.01,2.84,1.98,0
121559,2,6,14,3.36,12,0.3,54821,15.27,3755,0.57,0,0,54.12,112.25,39.18,111.73,577.51,298.37,363.85,191.37,733.72,379.96,5.84,2.75,2.72,1.78,0
121872,2,6,13,3.39,12,0.4,59098,15.26,5229,0.8,0,0,77.53,124.95,47.41,133.82,613.25,341.51,394.41,219.96,787.95,431.93,6.24,3.14,3.05,2.02,0
124458,2,6,13,3.41,99,0.46,58749,15.2,5981,0.92,0,0,76.8,130.48,47.34,137.41,608.82,348.59,391.82,228.06,781.98,442.68,6.19,3.22,3.02,2.09,0
120398,2,6,12,3.38,12,0.43,54884,15.1,5717,0.89,0,0,80.07,130.37,50.54,138.99,620.03,351.58,402.08,226.28,798.3,444.12,6.32,3.24,3.11,2.09,0
119954,2,6,12,3.4,12,0.41,54141,15.12,5368,0.84,0,0,77.59,130.67,48.63,131.53,622.44,349.31,401.38,220.78,798.13,442.91,6.34,3.23,3.06,2.06,0
128775,2,6,13,3.42,235,0.48,49223,14.95,6055,0.92,0,0,86.19,142.64,50.23,139.41,631.95,379.13,409.1,239.6,813.71,482.27,6.45,3.48,3.17,2.24,0
121679,1,6,11,3.39,11,0.39,45716,14.88,5100,0.8,0,0,68.12,128.17,46.93,130.9,595.82,333.36,383.55,214.39,763.16,422.54,6.05,3.07,2.92,1.99,0
137072,1,6,11,3.37,11,0.38,51335,15.1,5434,0.78,0,0,80.23,129.92,47.4,134.68,618.63,343.77,398.5,223.4,795.09,436.79,6.31,3.19,3.08,2.07,0
122704,2,6,13,3.4,97,0.39,55896,15.21,5041,0.77,0,0,77.63,135.54,48.43,141.73,619.98,357.49,398.86,234.4,796.71,454.84,6.3,3.3,3.08,2.16,0
122608,1,6,11,3.4,11,0.41,58910,15.21,5580,0.87,0,0,64.62,122.65,47.96,125.5,590.62,335.79,382.69,208.81,756.92,424.01,6.02,3.09,2.9,1.96,0
127765,1,6,11,3.39,11,0.35,55747,15.23,4695,0.69,0,0,66.54,130.62,42.81,125.1,590.86,334.82,376.16,216.44,755.26,429.08,5.99,3.11,2.87,2.03,0
125830,2,6,13,3.4,223,0.45,53404,15.06,5793,0.87,0,0,65.92,121.76,45.21,143.72,582.26,331.56,375.66,229.11,746.42,421.54,5.94,3.05,2.86,2.06,0
123569,2,6,14,3.39,12,0.46,53421,15,6128,0.95,0,0,76.19,135.64,46.51,137.53,592.99,355.5,383.23,233.55,763.57,453.51,6.05,3.29,2.98,2.17,0
121828,2,6,12,3.39,12,0.49,51868,14.86,6912,1.08,0,0,75.12,131.08,52.12,136.15,601.86,349.71,396,217.5,775.63,440.02,6.18,3.17,3.03,2.04,0
140593,2,6,13,3.39,83,0.3,58182,15.36,4257,0.58,0,0,58.61,114.75,38.72,119.92,575.89,291.24,362.8,198.23,732.96,372.5,5.83,2.71,2.73,1.82,0
139873,2,6,12,3.37,12,0.4,60372,15.32,5953,0.81,0,0,75.64,135.16,45.8,136.54,609.42,345.42,391.04,230.51,780.96,441.72,6.21,3.23,2.99,2.12,0
129679,2,6,12,3.31,12,0.35,60325,15.4,4793,0.69,0,0,76.74,134.39,45.79,133.37,622.24,353.4,396.42,228.37,797.18,451.72,6.3,3.27,3.05,2.12,0
129478,2,6,12,3.24,212,0.35,59733,15.41,4325,0.64,0,0,51.96,111.58,39.84,115.86,580.6,302.29,366.54,196.64,737.14,385.95,5.87,2.8,2.72,1.83,0
121108,1,6,10,3.26,10,0.36,56982,15.25,4611,0.72,0,0,62.1,117,45.3,130.27,592.81,323.89,380.29,212.61,758.84,411.12,6.02,3,2.89,1.95,0
134239,2,6,11,3.24,11,0.33,58875,15.28,4861,0.69,0,0,57.48,121.73,44.05,123.8,597.91,332.89,381.35,214.05,761.64,424.95,6.06,3.11,2.85,2,0
119608,1,6,11,3.2,96,0.37,57651,15.25,4803,0.74,0,0,59.66,115.94,45.7,126.42,602.34,330.85,387.43,211.32,768.95,420.05,6.14,3.06,2.9,1.97,0
127768,1,6,10,3.11,10,0.3,57478,15.33,3954,0.59,0,0,62.3,111.2,44.79,129.16,617.23,319.9,393.26,211.05,787.51,407.36,6.26,2.97,2.97,1.95,0
116427,1,6,10,3.11,10,0.38,53279,15.06,4755,0.79,0,0,55.75,106.63,48.23,129.98,599.02,325.55,388.03,207.02,765.55,410.37,6.11,2.97,2.9,1.92,0
119711,2,6,11,3.12,218,0.42,53713,15,5255,0.84,0,0,63.68,115.85,43.69,121.5,608.5,339.13,387.34,213.5,778.61,432.8,6.18,3.13,2.97,2.01,0
120795,2,6,12,3.08,10,0.37,51645,15.01,4861,0.76,0,0,71.09,123.93,44.94,124.6,627.71,358.6,399.89,226.92,803.94,459.7,6.38,3.36,3.07,2.14,0
137839,2,6,10,3.06,10,0.44,57665,15.11,6493,0.95,0,0,64.45,119.92,54.11,153.88,602.96,341.97,398.5,232.58,776.09,431.11,6.19,3.14,3.02,2.12,0
127059,2,6,11,2.92,80,0.33,60106,15.36,4524,0.67,0,0,61.9,111.93,46.96,128.42,640.57,360.72,409.04,227.38,817.53,458.52,6.51,3.38,3.08,2.1,0
129086,2,6,9,2.92,9,0.32,59591,15.39,4408,0.65,0,0,54.68,110.41,46.11,133.79,618.62,352.87,395.17,231.69,788.68,450.78,6.27,3.33,2.96,2.13,0
119489,1,6,8,2.9,8,0.27,58437,15.41,3370,0.52,0,0,50.47,101.4,42.96,127.19,612.41,327.94,388.03,217.07,779.84,419.86,6.2,3.07,2.91,2,0
122782,2,6,10,2.94,229,0.41,59613,15.33,5077,0.79,0,0,54.77,109.34,49.47,142.5,619.33,364.26,401.13,238.83,792.17,464.27,6.32,3.4,3.01,2.2,0
131900,1,6,8,2.93,8,0.37,58351,15.26,5395,0.79,0,0,55.55,104.07,46.38,126.06,619.18,342.38,395.98,217.51,791.22,436.76,6.28,3.2,3,2.04,0
128103,1,6,8,2.92,8,0.34,58536,15.34,4790,0.71,0,0,48.94,96.06,46.83,130.82,598.1,320.05,386.19,209.58,763.74,404.69,6.1,2.96,2.88,1.93,0
116822,2,6,10,2.92,100,0.31,56581,15.36,3724,0.6,0,0,50.61,106.58,43.88,130.08,611.57,352.95,389.24,231.36,778.21,452.59,6.21,3.33,2.9,2.14,0
113065,1,6,8,2.88,8,0.32,56292,15.29,4094,0.67,0,0,54.69,106.76,48.15,138.55,618.93,346.94,397.64,229.92,791.6,442.95,6.28,3.25,3.01,2.13,0
121838,2,6,9,2.91,9,0.3,58173,15.41,3914,0.6,0,0,47.09,97.44,44.56,135.61,601.14,318.64,383.44,219.44,765.11,406.92,6.09,3,2.85,2,0
120720,1,6,9,2.9,217,0.36,59342,15.34,4289,0.69,0,0,61.26,104.25,47.61,131.82,653.81,362.81,416.44,230.26,832.92,460.04,6.63,3.4,3.12,2.11,0
124046,2,6,12,2.91,9,0.33,55173,15.18,4356,0.67,0,0,52.88,98.7,44.62,121.58,617.13,324.9,390.6,208.17,786.14,413.62,6.22,3.05,2.94,1.93,0
125102,1,6,8,2.92,8,0.31,57360,15.27,4129,0.63,0,0,48.49,93.94,42.05,107.64,600.28,315.03,380.44,192.17,762.64,399.7,6.08,2.93,2.82,1.8,0
118563,2,6,10,2.9,61,0.36,52062,15.07,4535,0.73,0,0,55.77,106.48,47.48,127.39,622.68,364.61,400.75,226.2,795.79,463.02,6.35,3.38,3.02,2.11,0
133285,2,6,9,2.9,9,0.32,56362,15.2,4506,0.64,0,0,49.93,98.56,43.68,119.64,600.42,320.4,382.96,204.38,764.61,408.14,6.1,2.99,2.86,1.91,0
132003,1,6,8,2.92,8,0.33,52160,15.06,4784,0.69,0,0,47.02,99.01,46.21,129.03,600.02,335.67,384.16,216.84,764.89,426.92,6.07,3.13,2.87,2.01,0
134995,2,6,10,2.94,203,0.39,50977,14.97,5269,0.76,0,0,51.94,102.51,48.31,138.42,607.6,333.34,391.9,220.9,776.43,423.17,6.18,3.08,2.94,2.04,0
125530,1,6,8,2.91,8,0.29,52863,15.16,4038,0.61,0,0,38.27,89.35,42.26,119.38,576.96,303.64,366.96,198.12,732.05,385.94,5.84,2.84,2.7,1.83,0
113248,1,6,8,2.93,8,0.37,49910,14.97,4592,0.76,0,0,44.54,91.53,48.18,134.11,590.5,314.74,383,208.47,754.4,396.88,6.02,2.91,2.85,1.91,0
129665,2,6,10,2.94,94,0.36,55167,15.11,5027,0.74,0,0,49.62,95.23,45.88,124.67,594.62,315.61,383.16,202.74,759.44,399.22,6.06,2.92,2.87,1.89,0
120708,1,6,8,2.91,8,0.28,52754,15.19,3675,0.57,0,0,49.5,94.47,42.83,119.82,608.73,310.9,385.26,201.2,773.97,395.75,6.16,2.89,2.88,1.87,0
130573,2,6,9,2.92,9,0.33,54994,15.15,4571,0.68,0,0,50.82,96.81,47.5,140.36,604.99,318.81,390.5,218.67,772.66,404.42,6.17,2.96,2.92,2,0
123378,2,6,10,2.87,214,0.26,59325,15.47,3017,0.45,0,0,40.93,86.87,36.05,99.81,585.37,290.56,364.56,183.44,740.37,373.04,5.91,2.71,2.69,1.73,0
117790,2,6,11,2.91,9,0.33,59069,15.39,4299,0.67,0,0,56.21,104.01,47.72,135.42,622.2,341.97,399.52,223.3,795.77,435.67,6.32,3.18,3.02,2.08,0
123779,2,6,9,2.9,9,0.33,60828,15.44,4398,0.66,0,0,49.66,95.61,45.05,128.17,601.48,314,385.03,207.25,766.69,398.42,6.11,2.92,2.88,1.91,0
124373,2,6,10,2.9,86,0.27,58378,15.47,3436,0.51,0,0,50.65,100.23,40.45,117.51,608.01,314.02,382.13,206.37,771.92,403.66,6.14,2.96,2.85,1.93,0
140137,2,6,9,2.91,9,0.29,61665,15.5,4350,0.6,0,0,44.93,95.92,41.67,114.72,589.88,309.15,374.43,198.02,749.42,394.82,5.98,2.9,2.78,1.86,0
136215,1,6,8,2.92,8,0.33,61522,15.43,4999,0.69,0,0,46.26,92.56,44.09,115.87,594.05,312.37,379.8,195.29,756.11,395.28,6.04,2.89,2.82,1.83,0
127304,2,6,10,2.92,235,0.34,54207,15.26,4402,0.64,0,0,42.28,91.3,40.62,107.86,587.16,304.9,371.11,187.55,745.31,388.29,5.94,2.8,2.75,1.78,0
138991,1,6,8,2.91,8,0.29,59766,15.4,4397,0.59,0,0,42.16,90.33,41.31,126.14,568.94,287.55,362.9,199.06,723.3,365.56,5.78,2.67,2.69,1.81,0
129404,1,6,8,2.79,8,0.27,58657,15.41,3681,0.54,0,0,46.45,90.12,41.4,129.24,602.23,313.2,381.23,212.33,762.8,396.18,6.11,2.91,2.79,1.88,0
132759,2,6,10,2.76,80,0.29,59479,15.45,3975,0.56,0,0,37.4,79.89,38.47,108.07,581.29,286.5,365.68,184.72,735.16,363.06,5.88,2.67,2.67,1.69,0
146550,1,6,7,2.69,8,0.25,61766,15.55,3743,0.5,0,0,41.79,89.02,39.17,107.87,607.24,324.08,381.18,204.87,767.55,412.87,6.15,3.07,2.79,1.87,0
115057,1,6,7,2.68,7,0.22,59226,15.53,2629,0.42,0,0,31.12,73.58,34.92,95.5,570.59,275.9,354,173.16,719.76,352.31,5.74,2.56,2.59,1.62,0
109234,2,6,9,2.68,213,0.3,58425,15.47,3155,0.53,0,0,33.82,75.36,38.07,109.19,580.76,288.82,363.95,187.94,734.46,368.66,5.86,2.69,2.67,1.74,0
117102,2,6,11,2.67,8,0.19,58716,15.53,2419,0.38,0,0,34.28,74.08,35.12,97.18,590.43,287.52,365.65,182.28,744.11,367.04,5.94,2.71,2.67,1.67,0
117735,2,6,8,2.68,8,0.26,55120,15.34,3337,0.53,0,0,54.62,82.62,44.6,123.39,654.34,328.79,413.46,210.92,830.83,412.6,6.63,3.08,3.07,1.87,0
134185,2,6,9,2.7,107,0.34,59483,15.34,4901,0.69,0,0,42.62,78.8,45.46,126.86,612.98,320.06,392.22,207.27,777.87,399.1,6.23,2.97,2.87,1.82,0
122782,2,6,8,2.66,8,0.18,54449,15.42,2214,0.34,0,0,53.2,97.46,39.12,114.2,668.4,389.34,412.74,246.33,841.54,491.66,6.72,3.76,3.01,2.09,0
113060,2,6,8,2.68,8,0.26,49468,15.14,3316,0.54,0,0,45.51,85.38,43.08,122.26,629.5,346.36,396.84,221.13,796.31,434.3,6.36,3.27,2.9,1.92,0
112806,2,6,9,2.69,213,0.27,44533,15.04,2880,0.47,0,0,39.3,81.14,34.87,85.14,608.62,324.13,376.05,192.91,766.58,411.37,6.13,3.06,2.74,1.74,0
123541,1,6,7,2.71,7,0.33,39159,14.69,4555,0.71,0,0,59.36,103.63,49.21,133.59,668.29,407.25,425.26,254.4,850.71,510.85,6.76,3.87,3.18,2.19,0
146120,1,6,7,2.68,7,0.25,45572,15.05,3847,0.51,0,0,49.27,97.05,43.26,124.51,647.2,382.51,404.9,244.06,819.6,483.91,6.5,3.68,3,2.12,0
122674,2,6,9,2.7,91,0.33,38929,14.71,4413,0.67,0,0,36.27,79.59,42.29,106.47,595.89,321.73,377.11,195.67,755.35,407.07,6.02,3.02,2.77,1.8,0
122626,2,6,9,2.68,11,0.25,38838,14.84,3180,0.5,0,0,38.27,82.91,37.42,98.32,602.15,340.3,374.62,207.53,759.22,429.26,6.06,3.23,2.73,1.81,0
118705,2,6,10,2.67,10,0.31,40252,14.8,4053,0.65,0,0,36.97,89.53,43.55,116.31,599.8,363.47,380.57,226.04,759.39,457.35,6.06,3.46,2.77,1.97,0
137886,2,6,10,2.68,210,0.31,41883,14.93,4251,0.6,0,0,36.76,72.38,40.61,111.24,593.79,292.75,375.28,186.81,751.17,368.46,6.02,2.72,2.73,1.69,0
122473,2,6,11,2.69,8,0.25,44661,14.99,3325,0.51,0,0,51.97,95.03,45.22,135.82,661.05,379.6,414.97,249.46,838.29,479.7,6.65,3.64,3.08,2.15,0
117486,1,6,8,2.68,10,0.29,45776,15,3775,0.61,0,0,41.03,89.24,47.25,149.56,607.76,366.68,390.59,249.67,770.45,456.74,6.17,3.48,2.83,2.09,0
136297,2,6,9,2.69,62,0.28,57225,15.35,4091,0.56,0,0,40.95,93.61,42.26,126.6,614.49,375.94,388.28,243.26,777.16,474.27,6.22,3.6,2.83,2.08,0
140851,2,6,253,2.75,22,0.31,53863,15.28,4009,0.54,0,0,44.88,86.51,42.69,111.55,633.47,355.31,399.62,219.3,801.03,445.77,6.42,3.38,2.91,1.9,0
128341,2,6,468,2.82,22,0.35,56691,15.4,2916,0.43,0,0,40.39,80.82,39.48,108.69,617.34,329.04,384.95,212.53,780.06,416.72,6.21,3.17,2.83,1.83,0
119723,2,6,486,2.92,219,0.51,57720,15.39,3677,0.57,0,0,35.06,76.93,42.35,113.02,582.94,312.27,371.96,198.68,739.73,393.95,5.93,2.92,2.73,1.79,0
132898,2,6,738,2.94,24,0.43,59390,15.5,3080,0.44,0,0,36.27,75.13,41.03,109.65,596.14,305.93,377.5,196.38,753.96,383.52,6.05,2.89,2.74,1.72,0
123090,2,6,740,2.99,28,0.52,54360,15.34,3347,0.5,0,0,38.1,74.53,45.14,119.25,606.37,304.77,386.38,197.96,768.47,380.02,6.13,2.85,2.82,1.73,0
48630,2,6,743,3.45,30,0.73,38915,15.07,643,0.22,0,0,21.54,58.55,39.06,78,564.46,846.76,349.33,149.86,711.43,898.39,5.58,2.28,2.56,1.56,0
42633,2,6,805,2.29,28,0.36,16550,13.92,31,0.03,0,0,0.81,0.98,33.9,266.17,562.98,1999.54,313.9,290.41,686.19,2080.46,5.04,0.86,2.13,1.61,0
146899,1,6,801,4.08,31,1.15,30167,14.51,47,0.01,0,0,1.61,1.4,23.82,153.65,522.62,1172.84,302.86,167.92,641.29,1220.24,5.02,0.53,2.05,0.94,0
220449,2,6,825,4.4,58,1.58,41444,14.99,109,0.01,0,0,2.03,4.22,22.03,135.4,509.06,874.8,298.55,157.88,625.93,917.67,4.97,1.02,2.02,1.23,0
226976,2,6,822,4.43,71,1.63,46427,15.09,1490,0.13,0,0,6.11,22.26,21.82,178.78,494.81,819.89,291.11,195.96,610.59,854.54,4.84,0.71,2,0.77,0
219026,2,6,836,4.43,93,1.64,43930,15.11,1141,0.11,0,0,2.15,6.93,21.9,199.86,484.73,606.71,288.41,214.18,596.88,633.28,4.79,0.73,1.94,0.63,0
221214,2,6,847,4.46,79,1.68,48028,15.18,2178,0.21,0,0,1.75,1.61,21.47,130.26,481.58,670.54,285.91,151.59,592.98,701.55,4.76,0.99,1.92,0.88,0
220232,1,6,851,4.44,76,1.64,52724,15.32,987,0.09,0,0,1.85,3.41,22.22,304.28,484.78,535.05,287.64,329.11,597.14,559.39,4.77,0.82,1.94,0.66,0
221719,2,6,852,4.46,83,1.68,51021,15.23,2214,0.2,0,0,2.01,5.55,21.74,199.45,479.03,423.6,287.09,217.68,590.41,444.8,4.77,0.79,1.92,0.57,0
218651,2,6,826,4.45,89,1.64,50771,15.26,1615,0.15,0,0,2.03,5.16,21.34,128.93,484.58,588.47,286.89,144.81,596.54,615.18,4.78,0.74,1.93,0.63,0
224137,1,6,839,4.43,93,1.63,52227,15.28,984,0.09,0,0,1.81,3.18,21.83,156.3,484.53,571.3,288.02,171.99,596.65,596.42,4.79,0.72,1.93,0.61,0
217723,2,6,845,4.43,81,1.63,55581,15.32,917,0.08,0,0,1.93,2.6,22.27,241.78,492.39,985.99,288.43,268.48,605.25,1028.99,4.79,1.21,1.95,1.18,0
203034,2,6,846,4.43,87,1.68,55952,15.3,1007,0.1,0,0,3.62,3.89,22.76,123.19,488.17,753.85,288.64,138.1,601.74,785.77,4.78,0.75,1.96,0.72,0
214664,2,6,856,4.4,90,1.73,58433,15.34,1724,0.16,0,0,5.08,4.47,22,131.52,497.25,1369.04,285.45,150.53,610.09,1424.73,4.74,0.94,1.95,1.11,0
213839,1,6,849,4.44,87,1.87,60039,15.08,4619,0.44,0,0,6.97,15.92,21.94,130.97,492.46,1270.81,283.21,152.3,605.15,1323.24,4.7,1.01,1.95,1.08,0
218249,1,6,851,4.51,86,2.08,60334,14.89,10383,1.01,0,0,9.04,22,22,230.69,475.92,1180.96,277.62,253.51,585.86,1232.16,4.6,1.2,1.9,1.11,0
220719,2,6,856,4.49,92,2.04,59800,15.03,9272,0.91,0,0,9.27,22.89,21.94,216.28,477.25,1141.03,277.74,245.28,588.3,1198.18,4.6,1.52,1.92,1.48,0
215022,2,6,859,4.5,87,2.01,55321,14.99,7886,0.77,0,0,8.34,20.44,21.67,129.19,469.58,606.4,277.66,151.57,580.11,637.17,4.6,1.06,1.91,0.77,0
223387,2,6,836,4.51,105,2.03,57542,15.01,9398,0.89,0,0,8.99,21.47,21.68,123.59,471.76,953.72,277.46,149.53,581.96,996.09,4.6,1.19,1.91,1.01,0
205629,2,6,848,4.54,107,2.1,52424,14.83,10276,1.07,0,0,11.16,25.73,22.38,240.87,466.48,901.58,274.75,263.93,576.39,942.3,4.54,1.19,1.9,0.96,0
205579,2,6,858,4.51,104,2.04,54513,15.05,8668,0.86,0,0,8.89,21.03,21.81,162.15,474.19,1225.85,277.91,187.35,584.2,1277.88,4.61,1.17,1.9,1.11,0
220893,2,6,851,4.55,98,2.11,58713,15.08,11101,1.08,0,0,8.6,21.16,21.43,142.1,465.77,884.65,274.3,168.28,574.84,925.25,4.55,1.25,1.89,1,0
210712,1,6,838,4.49,77,2.02,63575,15.34,8255,0.8,0,0,9.36,22.09,22.43,146.84,484.74,1328.13,280.95,171.3,596.8,1384.16,4.65,1.17,1.94,1.2,0
225329,2,6,845,4.52,101,2.14,62026,15.12,12627,1.17,0,0,10.76,25.14,21.65,296.01,469.35,1153.59,274.97,325.48,578.82,1204.86,4.56,1.29,1.89,1.15,0
215940,2,6,845,4.51,116,2.02,56958,15.19,8779,0.83,0,0,10.25,23.79,22.05,210.59,468.99,589.5,278.72,230.73,580.08,620.37,4.62,1.13,1.92,0.86,0
222915,2,6,851,4.51,111,1.99,55441,15.11,8432,0.78,0,0,10,23.63,21.58,145.7,476.49,989.44,278.76,168.48,587.85,1032.85,4.63,1.1,1.93,0.97,0
218632,1,6,849,4.52,103,2.04,52547,14.97,9284,0.87,0,0,7.8,18.18,21.65,178.23,483.24,1284.04,277.05,202.93,593.43,1338.22,4.59,1.17,1.9,1.14,0
216644,1,6,872,4.54,111,2.06,52846,14.94,9244,0.9,0,0,7.85,18.42,22.18,178.39,481.96,1321.49,277.82,203.56,592.17,1377.25,4.6,1.19,1.91,1.17,0
195005,2,6,869,4.57,104,2.19,55476,14.79,11139,1.24,0,0,9.28,21.07,21.74,161.12,475.84,1298.37,273.19,191.87,584.52,1354.39,4.52,1.4,1.88,1.3,0
223359,2,6,855,4.52,100,2.1,57163,15.06,10446,1.01,0,0,11.25,26.28,21.35,128.31,473.29,1044.33,276.2,154.12,584.39,1089.89,4.58,1.16,1.92,1.01,0
215381,1,6,860,4.52,105,2.04,57151,15.14,8944,0.87,0,0,9.72,23.27,22.27,215.18,481.23,1111.04,279.03,240.66,593.95,1158.91,4.62,1.19,1.95,1.11,0
217597,2,6,887,4.55,122,2.07,58507,15.09,9784,0.94,0,0,10.32,23.71,22.35,257,473.06,959.24,277.99,283.13,584.03,1001.29,4.6,1.15,1.92,0.98,0
216941,2,6,852,4.53,116,2.09,54035,14.96,10097,0.96,0,0,8.29,20.09,21.97,140.33,479.16,1142.05,276.05,165.72,590.25,1191.63,4.57,1.19,1.92,1.09,0
194169,2,6,869,4.56,95,2.09,51771,14.92,9504,1,0,0,9.39,20.46,22.28,160.25,475.54,1188.81,275.83,185.62,585.36,1239.55,4.56,1.2,1.9,1.09,0
215107,2,6,862,4.56,104,2.17,54262,14.86,11819,1.2,0,0,8.31,19.46,21.84,239.73,470.15,1174.88,273.91,264.82,578.61,1225.99,4.53,1.33,1.87,1.18,0
208674,2,6,877,4.56,101,2.11,61388,15.07,10506,1.05,0,0,7.45,16.45,22.04,158.37,471.35,940.39,276.29,183.63,580.78,982.36,4.57,1.17,1.89,0.96,0
213891,2,6,861,4.55,93,2.06,60459,15.17,9035,0.89,0,0,8.6,19.98,22.18,160.23,478.81,1224.7,278.16,183.44,589.42,1277.25,4.6,1.15,1.91,1.11,0
224838,2,6,855,4.53,103,2.14,60224,15.02,11950,1.14,0,0,9.82,23.66,22.4,155.45,469.32,1072.37,275.38,179.81,579.25,1119.16,4.55,1.2,1.9,1.04,0
202658,1,6,858,4.47,107,2.09,57845,15.11,9351,0.98,0,0,8.31,18.6,22.67,317.28,471.85,1126.68,278.25,344.28,581.3,1175.09,4.6,1.22,1.89,1.08,0
206404,1,6,861,4.47,82,2.16,56307,14.91,12070,1.22,0,0,8.74,21.76,22.36,205.11,743.93,43650.71,280.08,1053.2,863.98,45366,4.64,18.59,2.09,31.78,0
154025,2,6,900,4.52,104,2,50485,14.88,7391,0.95,0,0,13.91,28.82,61.22,10380.37,3109.18,121569.67,379.95,11173.42,3326.39,126334.82,5.72,52.25,3.89,88.36,0
138475,2,6,921,4.55,123,2.23,47625,14.41,10815,1.6,0,0,14.19,29.23,117.33,15958.35,4102.57,144418.68,452.79,16942.78,4356.95,150080.24,6.01,62.42,4.58,105.05,0
124068,2,6,947,4.58,111,2.18,49262,14.67,7822,1.25,0,0,6.76,7.44,353.01,39718.97,4240.85,138774.31,705.95,41408.63,4505.56,144217.72,6.32,65.66,4.76,102.12,0
115942,2,6,925,4.54,98,2.18,46179,14.59,7447,1.25,0,0,6.79,6.4,191.11,27757.22,5467.03,165985.91,570.21,29127.64,5776.06,172494.05,6.78,74.37,5.59,121.06,0
114806,2,6,937,4.62,105,2.18,47228,14.67,6744,1.14,0,0,6.99,6.38,142.59,18075.84,5392.2,153848.36,523.48,19171.41,5699.62,159884.28,6.81,68.99,5.55,112.11,0
118773,2,6,938,4.57,107,2.12,49490,14.79,6435,1.05,0,0,6.85,6.5,53.72,8375.98,5350.71,163016.18,429.22,9608.49,5655.74,169438.43,6.71,71.97,5.51,119.41,0
116058,2,6,932,4.6,102,2.17,51440,14.79,6874,1.15,0,0,7.14,6.93,218.01,30299.64,5447.24,161748.87,602.49,31741.88,5760.11,168121.87,6.88,74.36,5.65,119.1,0
106864,2,6,930,4.63,114,2.28,50740,14.59,7924,1.42,0,0,7.11,7.36,287.67,37167.16,6126.14,176241.92,686.47,38863.65,6466.07,183171.14,7.13,80.78,6.16,129.53,0
112955,2,6,938,4.56,101,2.12,54127,14.86,6893,1.18,0,0,7.43,7.83,296.82,31869.25,6077.15,175790.69,699.09,33420.57,6418.95,182860.83,7.19,81.99,6.19,133.9,0
102498,2,6,935,4.62,93,2.13,48606,14.8,5766,1.06,0,0,7.25,8.1,134.17,14113.44,6548.97,178799.69,546.57,15388.06,6907.11,185873.42,7.36,80.26,6.49,132.03,0
108251,1,6,919,4.55,101,2.09,46900,14.76,5744,1,0,0,7.59,8.28,141.41,15416.07,7014.43,188489.9,565.42,16712.39,7387.7,195906.11,7.57,84.61,6.77,137.88,0
94139,1,6,939,4.65,119,2.29,42056,14.4,6671,1.34,0,0,7.45,8.29,220.49,29116.96,6942.58,184104.35,640.33,30599.51,7313.51,191337.58,7.5,83.27,6.73,134.77,0
94767,2,6,926,4.63,125,2.23,44657,14.58,6067,1.22,0,0,7.76,8.48,210.39,21493.67,7466.12,184669.89,650.9,22847.28,7869.49,192178.13,7.86,86.18,7.33,142.74,0
97426,2,6,935,4.66,108,2.23,51200,14.87,5860,1.14,0,0,7.9,8.05,488.41,42192.79,7490.71,197623.96,938.24,44195.07,7893.58,205404.38,8.04,92.64,7.31,145.87,0
100750,2,6,927,4.57,118,2.1,56962,15.13,5189,0.97,0,0,7.82,8.44,283.99,23246.05,6657.61,178524.6,709.94,24749.61,7025.6,185578.06,7.61,82.77,6.67,131.97,0
95115,1,6,942,4.64,100,2.14,53109,14.96,5316,1.03,0,0,7.97,7.86,324.29,32410.83,6575.64,170321.03,747.12,33990.8,6937.52,177011.78,7.55,79.37,6.56,124.93,0
110355,2,6,928,4.6,126,2.16,52178,14.9,6174,1.05,0,0,7.5,7.74,403.84,44751.89,6795.88,184491.37,834.41,46739.07,7169.03,191765.77,7.69,88.62,6.76,136.68,0
99069,2,6,938,4.6,109,2.12,48063,14.75,5142,0.97,0,0,7.71,7.77,271.17,30677.54,6310.42,175579.52,685.62,32187.3,6662.13,182495.65,7.4,81.38,6.37,129.17,0
96534,2,6,936,4.66,116,2.21,45799,14.6,6115,1.19,0,0,7.47,7.92,378.65,30785.28,6994.88,183432.67,813.16,32347.88,7378.31,190716.05,7.76,85.77,6.96,136.76,0
98890,2,6,945,4.63,109,2.18,44660,14.69,5213,1.01,0,0,7.83,7.56,575.53,48908.68,6772.59,179985.98,1014.86,51054.31,7154.38,187280.78,7.86,90.15,6.92,139.66,0
100935,2,6,909,4.62,106,2.18,49630,14.83,5541,1.06,0,0,7.7,7.97,622.04,57502.37,6639.4,178769.26,1059.26,59938.27,7016.65,186022.95,7.82,93.01,6.84,139.6,0
102927,2,6,929,4.55,97,2.09,47341,14.86,4813,0.9,0,0,7.27,7,633.46,58160.15,5814.11,166454.54,1050.13,60585.85,6156.36,173052.67,7.46,85.89,6.19,125.65,0
108514,1,6,941,4.55,121,2.07,48389,14.94,4494,0.78,0,0,7.37,7.51,395.74,41104.06,6745.17,186231.48,827.69,42971.46,7115.43,193547.98,7.72,88.18,6.71,136.88,0
102138,1,6,924,4.66,111,2.25,50986,14.73,6635,1.24,0,0,7.34,7.13,155.38,23707.98,6143.6,166687.01,554.79,24989.39,6483.69,173266.18,7.13,75.87,6.16,122.83,0
98328,2,6,926,4.64,116,2.19,45143,14.65,5738,1.1,0,0,7.7,7.42,264.9,30749.44,5646.84,165068.98,657.02,32228.97,5969.56,171550.04,7.01,75.51,5.84,120.88,0
93476,2,6,940,4.66,122,2.2,44937,14.62,5457,1.1,0,0,8.22,8.32,432.19,42538.52,6912.3,185822.55,863.84,44444.06,7289.95,193125.21,7.71,87.07,6.85,136.65,0
95809,2,6,926,4.66,107,2.17,48292,14.83,4918,0.97,0,0,8.38,8.97,593.37,51623.38,7088.2,188214.13,1046.55,54504.43,7486.45,195783.57,8.1,101.29,7.22,145.99,0
89262,1,6,928,4.63,111,2.14,43151,14.75,4051,0.86,0,0,7.83,8.12,540.05,55682.16,8014.23,201599.49,1010.95,58098.24,8441.74,209568.75,8.41,98.7,7.77,150.33,0
94113,2,6,931,4.66,104,2.14,41672,14.74,4390,0.87,0,0,8.22,9.1,388.18,39160.17,8483.18,204996.9,869.2,41074.09,8928.18,213240.49,8.58,99.53,8.09,156.28,0
93706,2,6,943,4.64,98,2.18,43688,14.65,5718,1.15,0,0,7.75,7.84,159.62,16529.22,6666.54,180350.92,577.88,17775.33,7029.41,187445.15,7.47,81.22,6.58,131.89,0
92065,1,6,935,4.61,103,2.13,47600,14.91,4493,0.92,0,0,7.92,7.84,456.57,45373.87,6514.22,179215.44,888.39,47748.78,6879.23,186247.13,7.72,90.3,6.61,132.75,0
97727,2,6,944,4.6,116,2.1,49037,14.98,4448,0.85,0,0,7.89,7.61,355.18,31167.5,7210.02,190524.08,798.97,32756.85,7602.55,198090.46,7.93,89.2,7.12,142.06,0
92124,2,6,943,4.66,101,2.11,47998,14.95,4198,0.84,0,0,7.96,7.78,304.58,31896.35,7169.58,186243.77,743.73,33478.79,7556.82,193567.34,7.84,85.76,7.03,136.67,0
93911,2,6,940,4.59,103,2.07,50582,15.05,4158,0.83,0,0,8.23,7.82,503.23,44903.7,7221.2,186745.87,960.84,46944.67,7624.36,194357.21,8.18,94.53,7.32,145.96,0
95978,1,6,927,4.62,111,2.12,52346,15.01,4830,0.94,0,0,8.03,7.67,449.76,43322.8,7401.42,187127.4,902.64,45273.96,7802.77,194535.84,8.09,90.34,7.28,139.42,0
90670,1,6,915,4.67,108,2.06,46191,14.89,3842,0.78,0,0,8.01,7.55,302.16,35458.25,7612.5,190801.87,756.03,37191.02,8022.56,198543.84,8.1,92.93,7.45,147.45,0
87117,2,6,925,4.65,116,2.12,43870,14.75,4067,0.86,0,0,8.41,7.82,415.87,37426.59,7003.36,187240.15,857.24,39274.18,7388.25,194620.08,7.89,88.46,6.98,138.38,0
84298,2,6,938,4.72,110,2.24,38604,14.49,4704,1.04,0,0,8.6,8.28,269.35,26766.66,7906.16,202061.02,727.06,28302.43,8324.14,210081.66,8.17,93.1,7.6,150.3,0
77729,2,6,938,4.67,99,2.16,38404,14.54,3806,0.9,0,0,8.82,8.47,264.39,32591.43,8411.02,201434.53,738.02,34259.36,8851.89,209415.59,8.45,93.98,8.02,149.56,0
77415,1,6,925,4.67,107,2.17,41004,14.7,3425,0.82,0,0,8.36,8.03,607.46,48178.16,7926.63,198280.39,1082.89,50325.9,8355.69,206147.4,8.49,97.23,7.79,148.41,0
79401,2,6,939,4.7,92,2.07,43323,14.82,3469,0.8,0,0,8.71,8.6,381.81,33146.36,8894.68,209649.79,872.97,34865.76,9355.82,217940.89,8.76,97.62,8.39,155.14,0
78298,2,6,931,4.67,88,2.18,44391,14.78,3999,0.93,0,0,8.68,8.79,302.22,38171.34,9919.19,221657.51,813.14,40065.68,10413.71,230363.95,9.11,103.4,9.01,162.26,0
82163,1,6,938,4.7,92,2.13,49307,15.01,3531,0.79,0,0,8.71,9.26,272.73,30871.9,7405.04,191126.07,724.04,32503.34,7808.29,198886.49,8.06,92.81,7.32,147.75,0
69221,2,6,928,4.78,98,2.27,42041,14.69,3631,0.95,0,0,9.12,9.24,376.56,36534.74,10530.64,235022.05,910.68,38568.08,11060.74,244322.05,9.52,110.08,9.67,174.24,0
78289,2,6,947,4.68,94,2.18,45740,14.88,3877,0.91,0,0,8.75,8.58,439.12,36021.9,7986.53,198853.21,910.31,38112.29,8411.89,206661.49,8.42,95.2,7.73,146.26,0
76634,2,6,947,4.69,84,2.11,42124,14.75,3589,0.85,0,0,9.23,8.79,293.92,25205.59,9106.5,213328.51,785.43,26756.91,9571.17,221744.46,8.76,97.49,8.46,156.98,0
75453,1,6,942,4.71,96,2.2,44208,14.82,3527,0.85,0,0,9.18,8.9,207.92,29653.63,9311.51,218112.15,697.54,31300.94,9780.36,226684.31,8.73,99.09,8.54,159.5,0
72604,1,6,927,4.65,82,2.15,43516,14.83,3361,0.84,0,0,9.1,8.69,309.27,24753.81,9649.39,223898.33,812.49,26328.91,10134.25,232681.74,8.97,100.77,8.83,163.1,0
72035,2,6,944,4.69,88,2.22,39386,14.61,3624,0.92,0,0,9.17,8.81,504.5,43840.78,9178.67,216925.65,1004.65,45888.44,9650.02,225446.79,8.92,102.34,8.58,159.19,0
67018,2,6,943,4.78,89,2.17,40276,14.74,2955,0.79,0,0,9.14,8.6,548.36,49714.82,8512.09,205440.24,1029.83,51913.47,8957.3,213497.54,8.6,97.02,8.09,150.81,0
70143,1,6,957,4.73,97,2.06,43263,14.87,2835,0.73,0,0,9.9,9.47,453.2,43795.82,9834.4,218408.27,973.79,45871.78,10340.82,227105.18,9.28,103.94,9.23,163.95,0
66319,2,6,943,4.75,97,2.13,42040,14.8,2818,0.77,0,0,9.38,10.29,558.78,39157.63,11704.9,244403.05,1134.3,41309.07,12283.89,254030.28,10.26,115.12,10.57,179.98,0
66832,2,6,934,4.77,88,2.06,40641,14.81,2687,0.72,0,0,9.65,9.47,269.25,33666.9,10557.91,232244.65,797.03,35477.7,11082.88,241403.13,9.4,106.46,9.58,170.91,0
70994,2,6,942,4.7,91,2.11,45088,14.87,3183,0.81,0,0,9.4,9.04,423.42,38005.47,9532.09,211573.01,932.73,39869.17,10023.46,220033.06,9.08,100.23,8.95,159.7,0
70761,1,6,913,4.65,88,2.09,44874,14.96,2709,0.69,0,0,9.2,8.93,531.97,52037.57,9671.6,219538.06,1047.27,54362.13,10169.15,228229.44,9.19,105.4,9.06,163.59,0
66819,2,6,933,4.74,95,2.15,39985,14.74,2826,0.76,0,0,9.48,9.46,772.18,57083.98,9750.01,216002.46,1296.05,59565.02,10250.11,224476.95,9.35,104.23,9.1,158.94,0
67238,2,6,933,4.7,82,2.18,40065,14.68,3265,0.87,0,0,9.33,9.64,371.1,31843.92,8703.51,200672.4,856.29,33768.96,9157.25,208582.91,8.66,94.12,8.25,148.21,0
61589,2,6,920,4.6,90,2.09,38755,14.66,2757,0.8,0,0,9,9.68,525.84,46274.16,12099.02,255523.11,1110.68,48565.12,12700.61,265831.4,10.42,125.17,10.99,195.62,0
62822,1,6,938,4.77,95,2.27,40560,14.68,3217,0.92,0,0,9.75,9.8,349.29,35211.58,11316.35,236275.05,904.48,37130.77,11879.53,245825,9.89,113.41,10.28,181.23,0
64668,1,6,933,4.68,88,2.12,38157,14.66,2828,0.78,0,0,9.73,9.64,551.25,52677.64,10406.23,224940.83,1097.42,55082.05,10946.93,234226.48,9.74,114.71,9.86,179.07,0
58845,2,6,898,4.7,87,2.14,33246,14.48,2506,0.76,0,0,9.77,9.63,461.61,32918.53,11701.27,249641.65,1032.13,35452.67,12277.96,259480.13,10.17,118.85,10.53,184.73,0
61062,2,6,892,4.6,92,2.12,37686,14.65,2405,0.7,0,0,9.57,9.53,432.31,37197.26,11279.66,239419.7,987.27,39141.04,11840.33,248918.86,9.9,111.21,10.23,178.18,0
63426,2,6,892,4.66,72,2.1,38975,14.75,2220,0.63,0,0,10.05,9.65,351.71,38790.85,10131.58,220963.67,876.34,40733.33,10648.53,229927.16,9.36,105.97,9.42,170.61,0
56556,2,6,886,4.59,79,2.14,37692,14.65,2390,0.76,0,0,9.49,9.63,528.72,44910.6,12466.43,244561.5,1116.5,47137.43,13074.4,254202.46,10.48,114.21,11.11,180.38,0
58598,2,6,872,4.66,99,2.18,38065,14.6,2881,0.88,0,0,9.99,10.06,732.12,52185.76,12066.93,239584.43,1321.49,54682.05,12671.36,249279.63,10.51,118.4,11.04,184.97,0
61093,1,6,837,4.53,97,2.05,35498,14.5,2600,0.76,0,0,10.22,9.97,552.47,41532.48,11329.56,231638.3,1120.67,43829.6,11906.93,241049.47,10.14,113.01,10.54,179.77,0
57048,2,6,792,4.54,84,2.08,34385,14.55,2347,0.73,0,0,10.31,9.68,700.66,52927.13,12792.46,252497.55,1306.34,55534.06,13429.24,262921.2,10.81,126.77,11.64,200.82,0
58433,2,6,795,4.49,81,2.08,40591,14.9,1957,0.6,0,0,9.9,9.04,683.57,52153.07,11829.59,226066.25,1259.04,54961.24,12418.77,235209.04,10.28,113.6,10.75,175.21,0
65565,2,6,790,4.46,74,1.87,45715,15.06,2151,0.59,0,0,9.55,8.55,428.59,39827.21,8638.04,192897.88,912.01,41676.29,9092.47,200663.54,8.64,91.7,8.27,147.28,0
63704,2,6,799,4.48,79,1.95,40801,14.95,1947,0.55,0,0,9.51,8.43,544.32,42434.92,10129.44,223233.32,1078.94,44688.27,10650.48,232079.32,9.55,105.46,9.49,166.46,0
57563,2,6,779,4.6,72,2.07,36506,14.58,2726,0.84,0,0,9.93,9.64,470.09,42262.9,12993.03,252539.79,1073.63,44597.43,13632.64,262807.33,10.76,122.28,11.69,195.85,0
60420,1,6,781,4.53,76,2,38138,14.77,2097,0.62,0,0,9.95,9.65,287.82,36520.58,11843.79,238588.23,847.58,38444.96,12426.28,248265.96,9.99,112,10.64,183.99,0
54347,2,6,761,4.56,71,2.1,36680,14.71,2044,0.67,0,0,9.88,9.22,172.01,23088.1,11734.46,231536.55,728.16,24706.24,12310.44,240759.98,9.92,105.61,10.52,172.96,0
55363,2,6,767,4.55,67,2.01,36359,14.72,1922,0.61,0,0,10.46,9.85,520.96,48741.42,11273.46,228997.63,1086.95,52195.27,11835.1,237990.09,10.11,119.23,10.25,170.58,0
62078,2,6,772,4.44,76,1.92,37252,14.79,2078,0.6,0,0,9.39,9.27,497.38,51208.1,11746.11,243419.19,1069.78,53591.65,12329.87,253252.23,10.22,118.68,10.66,187.1,0
49921,1,6,764,4.5,64,2.1,33563,14.62,1673,0.59,0,0,9.88,10.31,431.94,38858.87,14194.86,261530.97,1078.08,41283.08,14889.32,272271.24,11.52,131.4,12.71,205.95,0
59131,2,6,787,4.35,88,1.97,34539,14.56,2277,0.69,0,0,9.53,9.13,509.56,44654.44,11155,224471.19,1062.84,46784.62,11705.45,233295.24,9.88,105.41,10.04,164.97,0
59355,2,6,774,4.33,63,2,42238,14.9,2283,0.68,0,0,8.96,9.16,237.77,26695.47,11250.1,228224.73,789.64,28730.99,11810.43,237344.38,9.85,107.32,10.23,171.91,0
55232,2,6,765,4.39,59,2.04,38201,14.78,1875,0.61,0,0,9.87,9.8,198.51,29966.19,12356.84,247323.73,777.02,31835.43,12957.76,257331.48,10.32,119.19,10.98,189.76,0
48627,2,6,780,4.58,72,2.2,35586,14.63,2093,0.75,0,0,10.37,9.82,304.22,24621.56,13981.58,262535.45,919.97,26433.36,14639.91,272872.93,10.98,118.89,12.04,192.34,0
50903,2,6,770,4.52,66,2.12,39118,14.86,1654,0.57,0,0,10.79,10.99,276.2,24673.07,15504.2,282306,945.94,26787.19,16242.64,293958.89,11.93,138.72,13.53,223.2,0
54046,2,6,773,4.4,75,1.94,36157,14.73,1807,0.59,0,0,9.92,9.49,358.16,31988.35,12871.18,239510.03,958.41,34034.65,13498.25,249230.33,10.72,115.91,11.46,184.89,0
52944,1,6,764,4.45,71,2.09,34202,14.61,1903,0.63,0,0,10.18,9.49,384.76,32573.24,12279.29,236424.03,975.9,34932.47,12890.8,245971.29,10.56,115.88,11.17,181.58,0
49922,1,6,760,4.55,64,2.1,31208,14.45,2014,0.71,0,0,10.13,9.76,153.76,14884.05,12574.91,234121.69,728.1,16558.84,13175.83,243356.41,10.24,105.26,10.98,171.88,0
50100,2,6,756,4.59,64,2.15,31893,14.49,1799,0.64,0,0,11.1,10.44,547.45,46228.72,13949.9,259959.99,1181.64,49413.86,14618.62,270194.38,11.32,129.35,12.23,192.9,0
48170,2,6,753,4.54,74,2.07,30633,14.42,1601,0.58,0,0,10.59,10.13,662,56782.95,13742.77,264154.1,1294.64,59460.51,14411.3,274672.84,11.29,127.82,12.22,198.59,0
54557,2,6,757,4.44,60,1.99,32463,14.61,1403,0.46,0,0,9.8,9.79,203.33,18782.75,12358.3,255260.79,791.41,20888.51,12967.88,265651.61,10.5,123.74,11.14,197.52,0
56175,1,6,740,4.32,68,1.98,34944,14.65,1757,0.56,0,0,9.71,11.12,425.01,40482.44,13892.96,250495.23,1070.26,42704.67,14589.19,261058.42,11.52,128.52,12.74,205.02,0
52754,2,6,754,4.43,66,1.99,37207,14.74,1916,0.64,0,0,9.92,10.3,328.03,30450.95,13926.54,246213.79,954.06,32507.32,14595.81,256201.5,11.18,119.31,12.25,189.91,0
47329,2,6,738,4.51,64,2.04,31710,14.49,1747,0.65,0,0,10.31,10.19,874.91,68470.73,13324.21,240637.27,1509.17,71600.37,13989.39,250542.05,11.35,127.82,12.16,191.75,0
43271,1,6,747,4.41,72,2.14,31495,14.4,1867,0.75,0,0,10.65,10.12,908.93,63157.28,16181.64,272226.67,1621.06,66384.26,16968.53,283404.51,12.73,140.64,14.41,215.65,0
37008,2,6,742,4.4,69,1.91,27884,14.12,2171,1,0,0,9.66,10.19,438.45,31502.93,19060.01,301978.45,1202.66,34399.25,19955.44,314323.07,13.65,146.83,16.43,236.13,0
36507,2,6,739,4.05,61,1.47,30710,14.36,1858,0.87,0,0,10.49,10.93,400.26,42896.34,19481.28,299352.32,1184.98,47583.68,20395.28,311847.36,14.02,164.7,16.78,244.09,0
37917,2,6,751,4.05,60,1.6,32667,14.47,1931,0.87,0,0,9.16,9.41,962.31,67596.88,18276.55,274837.16,1725.29,70986.69,19127.48,285671.69,13.62,138.1,15.6,204.65,0
33206,1,6,753,4.09,46,1.41,26637,14.41,900,0.47,0,0,9.89,9.19,230.69,27960.39,17595.47,279136.26,950.29,29938.48,18417.5,290290.22,12.83,129.56,15.08,209.61,0
32214,1,6,738,4.15,50,1.35,23380,14.15,981,0.52,0,0,10.25,9.92,300.33,24451.93,21602.64,336890.78,1114.84,26935.03,22570.26,350154.37,14.52,151.96,17.77,246.79,0
31876,2,6,754,4.07,50,1.37,25857,14.31,960,0.52,0,0,10.84,10.19,192.02,25964.68,21178.24,325058.04,997.54,28235.27,22133.05,337931.22,14.35,148.64,17.53,240.37,0
30724,2,6,727,4.06,41,1.37,25854,14.38,813,0.46,0,0,9.94,10.21,109.2,7384.48,22710.96,332780.3,946.15,11455.63,23719.23,345931.26,14.91,150.73,18.53,244.94,0
33825,2,6,740,3.9,47,1.23,28494,14.61,516,0.27,0,0,9.42,9.12,149.38,16191.68,22714.83,325271.88,985.28,18713.34,23712.63,338023.37,14.88,145.48,18.33,236.24,0
26646,1,6,705,4.1,46,1.41,22944,14.27,577,0.37,0,0,10.25,10.87,270.77,24717.88,27035.13,350127.68,1237.32,27237.46,28219.77,363975.79,17.18,161.5,21.79,258.32,0
