637,2,6.02,23,0.81,10,1.71,115,3.12,216,7.27,0.0,0.0,0.22,1.4,15.44,50.82,1576.94,9704.77,124.49,262.84,1654.42,10104.28,1.94,4.13,1.42,7.43,0
637,1,6.0,20,0.9,8,1.59,124,3.24,212,7.16,0.0,0.0,0.17,1.11,18.71,56.22,2506.86,13477.05,146.64,338.6,2619.61,14026.73,2.28,5.49,2.07,10.18,0
616,2,6.02,17,0.68,10,1.62,103,2.99,213,7.28,0.0,0.0,0.12,0.97,14.29,49.27,1669.32,10195.75,121.66,269.45,1747.78,10615.02,1.91,4.28,1.44,7.78,0
623,2,6.02,24,0.77,10,1.79,110,3.08,212,7.26,0.0,0.0,0.17,1.28,14.75,49.49,2355.77,12884.83,137.98,325.89,2463.52,13411.1,2.2,5.3,1.98,9.76,0
629,2,6.04,25,0.84,11,1.78,111,3.13,213,7.25,0.0,0.0,0.18,1.27,15.39,50.98,1858.07,8759.06,128.73,254.56,1944.76,9125.86,2.02,3.88,1.59,6.81,0
608,1,6.0,13,0.56,8,1.63,95,2.89,212,7.32,0.0,0.0,0.09,0.94,11.7,45.32,1351.18,9272.67,110.33,245.75,1415.16,9654.39,1.75,3.9,1.17,7.08,0
631,2,6.03,20,0.82,11,1.81,116,3.16,212,7.21,0.0,0.0,0.09,0.94,17.99,55.11,2202.01,11009.79,139.44,297.64,2303.61,11464.01,2.17,4.69,1.87,8.42,0
625,1,6.0,21,0.79,9,1.76,113,3.11,211,7.23,0.0,0.0,0.16,1.23,15.35,50.8,2109.59,12348.29,134.92,315.32,2207.5,12852.58,2.13,5.11,1.8,9.35,0
635,1,6.0,19,0.84,10,1.79,122,3.22,212,7.18,0.0,0.0,0.15,1.15,17.99,55.31,1665.73,7687.46,130.03,240.31,1746.95,8013.91,1.99,3.55,1.49,6.07,0
615,1,6.0,18,0.65,9,1.74,97,2.95,213,7.29,0.0,0.0,0.11,1.05,13.21,47.25,1985.88,12275.87,127.65,311.59,2076.84,12776.3,2.04,5.09,1.67,9.28,0
639,2,6.02,22,0.94,13,1.82,126,3.28,214,7.16,0.0,0.0,0.11,1.0,19.94,57.53,2643.45,12245.37,152.25,324.45,2764.38,12749.59,2.37,5.14,2.22,9.35,0
632,1,6.0,21,0.86,9,1.75,118,3.17,212,7.22,0.0,0.0,0.22,1.35,15.98,51.99,1893.58,9271.69,131.58,264.87,1982.48,9658.49,2.06,4.08,1.63,7.18,0
624,2,6.04,19,0.73,11,1.79,111,3.09,213,7.24,0.0,0.0,0.21,3.39,16.22,52.76,1876.02,8693.25,128.99,255.66,1963.16,9058.99,2.01,3.88,1.6,6.78,0
627,2,6.05,22,0.81,9,1.75,106,3.1,213,7.24,0.0,0.0,0.13,1.08,17.29,56.57,1702.84,9833.32,128.27,269.57,1784.94,10239.82,1.98,4.21,1.51,7.55,0
642,2,6.02,20,0.93,10,1.85,111,3.25,212,7.14,0.0,0.0,0.12,1.06,20.52,58.4,2617.33,10221.22,152.79,295.75,2737.55,10649.72,2.37,4.51,2.21,7.94,0
619,2,6.02,24,0.73,11,1.69,90,2.99,212,7.28,0.0,0.0,0.18,1.27,13.27,47.66,823.63,5048.63,105.02,179.06,869.07,5267.78,1.62,2.54,0.83,4.11,0
612,2,6.02,17,0.59,12,1.67,93,2.91,215,7.33,0.0,0.0,0.23,4.23,12.7,48.74,696.82,4275.15,99.07,162.7,735.21,4464.89,1.52,2.23,0.7,3.55,0
625,2,6.02,21,0.77,11,1.79,111,3.09,214,7.26,0.0,0.0,0.16,1.23,15.75,51.34,1524.18,9497.11,123.79,260.1,1600.3,9889.11,1.92,4.08,1.4,7.3,0
624,2,6.04,21,0.79,9,1.62,111,3.1,212,7.26,0.0,0.0,0.22,1.33,14.11,49.0,1170.72,8159.2,113.61,231.35,1229.35,8496.74,1.76,3.59,1.07,6.28,0
618,1,6.0,16,0.67,8,1.68,101,3.0,211,7.26,0.0,0.0,0.1,0.98,14.65,50.17,1426.77,9229.66,118.39,251.71,1496.95,9610.52,1.84,3.94,1.29,7.08,0
620,1,6.0,20,0.59,10,1.58,96,2.88,217,7.35,0.0,0.0,0.11,0.96,11.24,43.98,707.65,5890.84,97.38,178.98,746.23,6136.94,1.52,2.66,0.7,4.6,0
746,1,6.0,20,0.57,10,1.8,109,2.83,267,7.65,0.0,0.0,0.1,0.96,10.77,43.17,1268.52,9317.2,107.37,243.5,1328.9,9699.65,1.71,3.89,1.11,7.1,0
699,2,6.02,21,0.65,11,1.83,108,2.93,249,7.53,0.0,0.0,0.16,1.21,10.94,43.08,1595.01,10887.46,115.58,276.51,1668.8,11331.82,1.86,4.5,1.36,8.24,0
660,2,6.02,13,0.32,9,1.63,75,2.57,244,7.61,0.0,0.0,0.08,0.87,5.73,31.12,248.8,2545.78,76.93,106.85,265.57,2659.84,1.24,1.46,0.31,2.2,0
767,2,6.01,23,0.64,11,1.75,117,2.89,278,7.67,0.0,0.0,0.14,1.06,12.05,45.37,936.93,7924.59,103.78,217.54,985.08,8251.38,1.62,3.41,0.88,6.08,0
629,1,6.0,23,0.76,8,1.58,109,3.05,214,7.28,0.0,0.0,0.22,1.33,13.8,48.25,1302.83,9102.52,116.33,248.6,1367.37,9476.85,1.82,3.92,1.18,6.96,0
769,2,6.01,23,0.79,9,1.81,132,3.07,268,7.55,0.0,0.0,0.12,1.02,16.33,52.73,1414.75,8790.17,120.88,246.31,1484.81,9154.56,1.86,3.8,1.28,6.78,0
702,2,6.03,19,0.66,9,1.72,114,2.96,250,7.5,0.0,0.0,0.09,0.84,13.95,49.32,752.9,4372.72,102.46,167.91,794.27,4566.25,1.56,2.29,0.75,3.62,0
632,2,6.05,23,0.78,10,1.74,111,3.09,218,7.31,0.0,0.0,0.19,1.3,14.61,52.56,848.72,4847.69,107.68,180.94,896.08,5061.83,1.64,2.53,0.87,4.03,0
634,2,6.03,19,0.63,11,1.75,94,2.88,223,7.39,0.0,0.0,0.22,3.16,12.17,47.59,1763.95,11891.84,119.01,298.09,1843.47,12376.66,1.9,4.89,1.46,8.98,0
688,2,6.03,25,0.68,11,1.71,107,2.93,241,7.49,0.0,0.0,0.16,1.22,12.32,45.57,1236.06,8933.33,110.5,240.57,1297.47,9301.9,1.74,3.81,1.13,6.86,0
697,1,6.0,19,0.58,10,1.73,107,2.88,249,7.53,0.0,0.0,0.08,0.85,11.9,45.72,601.86,3722.08,96.16,152.26,636.24,3890.0,1.48,2.04,0.63,3.15,0
708,1,6.0,17,0.63,9,1.77,116,2.98,248,7.49,0.0,0.0,0.15,1.16,13.04,47.58,666.87,3781.65,101.11,160.75,705.66,3953.56,1.55,2.16,0.71,3.24,0
614,1,6.0,16,0.46,9,1.6,87,2.76,217,7.4,0.0,0.0,0.11,1.01,8.23,37.79,475.6,3529.75,87.18,137.49,503.59,3687.06,1.38,1.9,0.51,2.98,0
648,2,6.02,22,0.82,12,1.74,117,3.13,221,7.29,0.0,0.0,0.17,1.22,16.02,52.09,1328.64,8075.25,120.33,236.11,1396.48,8412.55,1.85,3.6,1.24,6.29,0
733,2,6.02,21,1.25,107,2.94,104,3.24,312,7.73,0.0,0.0,0.1,0.97,14.17,49.5,1218.41,7724.81,127.13,223.95,1279.03,8047.43,2.0,3.42,1.11,6.0,0
643,2,6.02,16,0.74,8,1.72,95,3.02,222,7.3,0.0,0.0,0.13,0.99,15.51,51.99,2019.04,11598.18,130.23,298.83,2110.47,12074.13,2.04,4.79,1.68,8.81,0
642,1,6.0,19,0.69,9,1.78,93,2.95,223,7.34,0.0,0.0,0.15,1.18,13.84,48.25,1099.44,6142.06,111.84,203.12,1157.48,6404.65,1.73,2.97,1.06,4.92,0
643,2,6.02,18,0.67,10,1.81,103,2.99,225,7.34,0.0,0.0,0.1,1.0,13.74,48.52,2132.16,12447.14,129.87,313.16,2228.43,12955.52,2.07,5.1,1.77,9.42,0
645,1,6.0,17,0.78,9,1.8,117,3.12,220,7.27,0.0,0.0,0.15,1.17,16.43,53.01,1196.77,6060.4,118.1,207.75,1258.81,6322.15,1.8,2.98,1.14,4.89,0
652,2,6.05,24,0.87,12,1.76,112,3.12,226,7.32,0.0,0.0,0.15,1.08,16.3,52.65,2026.58,12181.16,132.76,308.75,2119.53,12678.72,2.08,5.0,1.71,9.22,0
659,1,6.0,23,0.87,10,1.84,123,3.17,211,7.19,0.0,0.0,0.16,1.2,18.09,54.76,2528.16,13314.19,148.55,343.74,2644.97,13858.09,2.33,5.58,2.15,10.09,0
648,2,6.05,21,0.75,9,1.77,107,3.05,197,7.16,0.0,0.0,0.12,1.05,15.05,50.97,809.21,4456.01,106.42,173.19,853.94,4654.65,1.61,2.36,0.82,3.72,0
665,2,6.02,19,0.88,10,1.86,124,3.23,225,7.24,0.0,0.0,0.12,1.03,18.84,56.54,1745.29,7858.75,132.51,244.55,1829.73,8193.01,2.02,3.61,1.55,6.2,0
652,2,6.05,24,0.81,10,1.84,116,3.1,226,7.33,0.0,0.0,0.17,1.26,16.38,54.92,1677.38,8169.83,126.99,247.57,1758.9,8515.01,1.97,3.74,1.5,6.42,0
665,1,6.0,18,0.88,10,1.88,131,3.27,224,7.2,0.0,0.0,0.07,0.83,20.46,58.72,2003.61,8411.18,140.58,261.58,2099.19,8768.06,2.14,3.89,1.75,6.62,0
681,2,6.02,22,1.04,12,1.89,144,3.41,228,7.18,0.0,0.0,0.16,1.17,22.61,61.31,1910.9,8683.9,143.85,262.8,2004.81,9049.35,2.16,3.92,1.72,6.79,0
643,2,6.02,23,0.8,9,1.92,119,3.1,233,7.34,0.0,0.0,0.2,1.34,16.07,52.12,839.41,4413.48,111.63,180.85,887.93,4610.77,1.69,2.48,0.88,3.73,0
629,2,6.02,16,0.74,9,1.44,112,2.68,264,7.5,0.0,0.0,0.05,0.69,17.39,54.94,971.0,4709.45,112.87,185.32,1023.16,4921.03,1.69,2.5,0.95,3.95,0
633,1,6.0,23,0.78,9,1.45,110,2.64,265,7.56,0.0,0.0,0.2,1.3,14.23,48.99,840.28,5956.82,107.58,191.37,887.34,6208.39,1.65,2.8,0.86,4.72,0
633,2,6.02,19,0.78,7,1.43,114,2.7,264,7.52,0.0,0.0,0.14,1.09,16.51,53.11,1154.73,6877.99,116.46,214.59,1214.67,7168.63,1.77,3.16,1.1,5.42,0
627,1,6.0,17,0.66,8,1.4,104,2.57,265,7.58,0.0,0.0,0.16,1.14,13.69,48.36,1018.51,6099.63,108.81,197.39,1071.42,6358.6,1.68,2.88,0.97,4.84,0
625,2,6.04,16,0.61,9,1.4,103,2.57,266,7.58,0.0,0.0,0.07,0.79,13.77,49.28,733.46,4295.78,101.11,165.13,773.51,4486.65,1.54,2.25,0.73,3.57,0
633,2,6.02,26,0.78,9,1.47,110,2.64,266,7.58,0.0,0.0,0.24,1.45,13.82,47.94,793.15,4989.1,106.79,178.97,839.34,5204.75,1.64,2.54,0.84,4.08,0
630,2,6.03,22,0.74,7,1.38,106,2.6,266,7.58,0.0,0.0,0.16,1.13,14.04,49.01,1226.88,9016.77,113.37,243.24,1287.6,9388.91,1.76,3.84,1.11,6.92,0
605,1,6.0,16,0.52,8,1.32,91,2.41,261,7.61,0.0,0.0,0.07,0.81,11.07,44.01,618.95,4131.61,94.62,155.97,653.7,4314.29,1.47,2.15,0.63,3.43,0
626,1,6.0,21,0.67,8,1.41,103,2.55,266,7.6,0.0,0.0,0.16,1.21,12.49,46.27,562.8,3695.42,98.15,152.84,597.43,3861.13,1.5,2.05,0.63,3.15,0
617,1,6.0,20,0.61,7,1.35,98,2.49,264,7.61,0.0,0.0,0.17,1.26,11.24,43.71,496.63,3345.27,94.97,145.9,528.29,3496.79,1.47,1.95,0.58,2.9,0
614,2,6.02,18,0.54,11,1.36,90,2.39,269,7.68,0.0,0.0,0.08,0.9,10.06,41.69,513.29,3771.97,91.17,145.79,543.71,3938.99,1.42,2.01,0.55,3.16,0
619,2,6.09,19,0.6,9,1.38,93,2.45,268,7.67,0.0,0.0,0.31,4.14,11.28,47.61,426.54,3225.85,91.05,137.94,453.12,3370.86,1.4,1.83,0.48,2.76,0
639,2,6.02,20,0.79,10,1.47,117,2.73,266,7.52,0.0,0.0,0.18,1.22,16.54,52.72,1033.69,5802.34,115.26,199.34,1089.54,6050.87,1.75,2.85,1.02,4.66,0
605,1,6.0,18,0.45,9,1.29,83,2.28,265,7.69,0.0,0.0,0.14,1.12,6.93,34.19,752.13,6636.34,90.49,186.82,789.59,6911.19,1.47,2.94,0.69,5.12,0
600,2,6.02,16,0.49,10,1.32,86,2.34,262,7.65,0.0,0.0,0.1,0.86,9.55,40.72,741.77,5556.48,93.18,170.71,779.26,5790.38,1.47,2.53,0.69,4.36,0
625,1,6.0,21,0.67,8,1.4,102,2.54,265,7.61,0.0,0.0,0.22,1.39,11.84,44.64,1023.98,7750.57,107.06,220.91,1076.91,8070.8,1.68,3.45,0.97,5.97,0
627,2,6.05,24,0.71,12,1.47,102,2.57,268,7.62,0.0,0.0,0.15,1.17,12.96,47.04,658.4,4425.78,100.14,163.56,696.59,4617.75,1.54,2.28,0.7,3.63,0
613,1,6.0,17,0.56,8,1.31,93,2.43,264,7.62,0.0,0.0,0.09,0.88,10.89,43.43,771.67,6132.5,97.69,188.7,811.97,6389.64,1.53,2.86,0.74,4.79,0
649,2,6.03,23,0.92,10,1.58,125,2.84,266,7.46,0.0,0.0,0.17,1.16,19.67,57.23,2413.27,13111.61,147.18,333.73,2524.22,13646.43,2.28,5.4,2.04,9.91,0
602,1,6.0,20,0.42,9,1.28,79,2.23,265,7.71,0.0,0.0,0.19,1.32,5.26,28.88,425.3,4194.86,82.22,139.26,450.23,4371.61,1.35,2.1,0.46,3.35,0
618,1,6.0,17,0.55,9,1.35,95,2.45,265,7.63,0.0,0.0,0.1,0.97,10.97,43.95,568.16,3599.91,93.85,147.71,600.52,3762.72,1.45,1.98,0.59,3.06,0
631,1,6.0,20,0.73,10,1.45,109,2.63,265,7.54,0.0,0.0,0.14,1.08,15.06,50.51,1276.16,8156.62,116.63,234.56,1340.37,8495.76,1.8,3.6,1.18,6.31,0
638,2,6.02,25,0.95,11,1.54,123,2.84,264,7.48,0.0,0.0,0.23,1.37,17.8,54.24,1625.73,10890.43,130.34,283.17,1705.89,11334.82,2.0,4.52,1.47,8.26,0
633,1,6.0,19,0.74,8,1.49,111,2.66,265,7.53,0.0,0.0,0.12,1.03,15.45,51.23,2596.59,14440.82,142.73,355.58,2712.14,15027.98,2.28,5.86,2.13,10.88,0
611,2,6.04,21,0.58,10,1.38,91,2.4,266,7.66,0.0,0.0,0.26,3.44,10.32,42.07,1485.31,8901.39,110.17,241.75,1552.79,9269.02,1.77,3.81,1.24,6.82,0
615,1,6.0,21,0.57,10,1.35,94,2.44,264,7.63,0.0,0.0,0.16,1.16,9.65,40.16,637.15,5946.02,94.01,175.3,672.63,6192.23,1.48,2.66,0.65,4.61,0
607,2,6.07,22,0.48,10,1.32,82,2.29,267,7.72,0.0,0.0,0.17,1.25,7.46,39.1,180.95,1965.0,79.64,104.89,196.43,2055.58,1.26,1.36,0.28,1.83,0
621,1,6.0,18,0.63,10,1.45,98,2.49,265,7.61,0.0,0.0,0.09,0.89,12.04,45.72,1971.45,12263.72,122.83,305.18,2059.28,12763.97,1.97,4.99,1.62,9.26,0
644,2,6.03,23,0.87,13,1.55,118,2.76,269,7.53,0.0,0.0,0.3,3.95,17.56,55.75,1155.67,6759.81,119.13,216.62,1216.56,7047.4,1.8,3.18,1.11,5.37,0
614,2,6.04,24,0.68,10,1.44,100,2.54,262,7.59,0.0,0.0,0.17,1.25,12.32,45.88,667.17,4120.12,99.47,161.36,705.69,4303.58,1.53,2.23,0.7,3.47,0
616,2,6.02,17,0.54,9,1.35,93,2.42,267,7.64,0.0,0.0,0.08,0.87,11.17,44.21,586.79,3873.52,94.09,151.49,620.31,4046.25,1.46,2.07,0.61,3.25,0
606,1,6.0,17,0.48,8,1.31,87,2.35,264,7.66,0.0,0.0,0.13,1.08,8.65,38.75,372.15,2807.98,85.96,126.27,396.04,2936.74,1.35,1.67,0.43,2.47,0
619,1,6.0,20,0.61,7,1.36,96,2.46,266,7.64,0.0,0.0,0.24,1.43,10.37,41.29,875.53,5982.04,101.22,186.88,922.46,6234.4,1.6,2.79,0.86,4.74,0
613,1,6.0,19,0.54,8,1.33,91,2.39,265,7.65,0.0,0.0,0.16,1.18,9.03,39.27,577.69,5632.55,91.28,168.61,609.99,5868.13,1.44,2.55,0.59,4.41,0
606,2,6.02,13,0.41,9,1.29,84,2.3,267,7.69,0.0,0.0,0.05,0.67,8.24,38.55,406.63,3259.39,83.94,127.99,430.03,3405.13,1.32,1.73,0.43,2.74,0
624,2,6.02,20,0.65,11,1.46,101,2.53,267,7.62,0.0,0.0,0.17,1.24,11.97,45.08,1162.35,8783.04,109.24,238.51,1220.3,9143.9,1.72,3.79,1.06,6.72,0
607,2,6.02,22,0.61,9,1.36,93,2.44,262,7.63,0.0,0.0,0.21,1.36,9.93,40.69,853.92,6729.09,99.46,196.36,898.87,7009.22,1.58,3.03,0.82,5.24,0
608,1,6.0,16,0.45,8,1.31,86,2.33,265,7.66,0.0,0.0,0.08,0.85,8.61,39.01,361.59,2780.3,84.57,123.25,383.97,2907.17,1.33,1.62,0.41,2.41,0
611,2,6.02,17,0.49,8,1.32,88,2.35,267,7.68,0.0,0.0,0.1,0.95,9.35,40.42,645.5,5734.03,91.84,171.38,679.92,5974.19,1.45,2.58,0.63,4.48,0
634,2,6.02,23,0.81,9,1.52,114,2.7,265,7.54,0.0,0.0,0.25,1.48,15.15,49.98,1509.83,9537.94,123.8,263.38,1585.1,9930.41,1.93,4.16,1.38,7.31,0
642,2,6.02,21,0.85,10,1.51,119,2.76,267,7.51,0.0,0.0,0.13,1.03,17.53,54.58,1785.6,10034.24,130.65,274.24,1870.2,10448.54,2.01,4.29,1.55,7.69,0
644,2,6.1,24,0.89,10,1.57,117,2.77,267,7.51,0.0,0.0,0.2,3.29,19.68,61.2,2236.85,12324.98,140.78,318.92,2339.15,12829.86,2.16,5.12,1.88,9.35,0
626,2,6.02,22,0.67,8,1.43,104,2.57,266,7.6,0.0,0.0,0.2,1.38,12.59,46.04,594.04,3752.88,100.07,157.57,631.71,3921.67,1.54,2.14,0.69,3.24,0
625,1,6.0,19,0.66,10,1.48,103,2.55,265,7.59,0.0,0.0,0.14,1.14,12.17,45.48,1913.63,12212.45,123.83,305.15,2000.49,12710.06,1.99,5.0,1.6,9.22,0
609,1,6.0,18,0.62,10,1.4,95,2.46,261,7.59,0.0,0.0,0.12,0.92,11.93,45.42,1798.15,11569.44,119.81,294.22,1878.9,12041.71,1.92,4.8,1.49,8.75,0
600,1,6.0,20,0.39,9,1.27,77,2.2,266,7.72,0.0,0.0,0.16,1.22,5.12,28.68,240.56,2189.45,77.5,105.02,257.9,2291.02,1.26,1.44,0.32,2.01,0
622,2,6.02,23,0.67,31,1.62,85,2.44,284,7.78,0.0,0.0,0.16,1.23,6.91,33.63,266.64,2421.04,84.81,114.73,286.38,2531.97,1.36,1.57,0.36,2.19,0
700,2,6.02,23,1.08,89,2.52,100,2.73,344,7.98,0.0,0.0,0.13,1.07,10.23,41.79,1340.52,8160.66,119.51,227.22,1402.65,8499.54,1.94,3.54,1.14,6.29,0
604,2,6.02,13,0.38,9,1.26,81,2.26,266,7.7,0.0,0.0,0.07,0.8,7.6,36.96,388.06,3364.48,82.37,126.2,409.99,3511.9,1.31,1.74,0.4,2.76,0
622,1,6.0,21,0.63,8,1.39,98,2.48,266,7.63,0.0,0.0,0.19,1.34,11.29,43.28,572.8,3833.33,97.54,156.29,609.02,4004.09,1.52,2.16,0.66,3.27,0
609,2,6.02,16,0.46,9,1.3,86,2.32,267,7.69,0.0,0.0,0.11,1.0,8.49,38.67,361.71,2795.42,84.69,123.68,384.31,2922.92,1.33,1.64,0.41,2.43,0
628,2,6.02,18,0.79,9,1.52,115,2.73,262,7.49,0.0,0.0,0.14,1.1,16.9,53.62,1954.89,11370.69,132.87,297.92,2046.07,11837.01,2.07,4.77,1.67,8.65,0
631,2,6.02,20,0.74,10,1.44,108,2.62,268,7.58,0.0,0.0,0.15,1.13,14.52,49.75,1163.64,7226.74,113.51,218.6,1222.84,7529.81,1.75,3.29,1.08,5.65,0
639,2,6.03,21,0.86,8,1.49,119,2.78,265,7.51,0.0,0.0,0.22,1.34,17.49,54.3,1208.38,6329.12,120.29,211.21,1271.7,6600.24,1.82,3.04,1.16,5.07,0
628,2,6.04,20,0.7,9,1.42,106,2.59,267,7.59,0.0,0.0,0.17,1.17,13.42,47.87,937.77,5792.32,106.79,193.79,986.43,6038.85,1.65,2.84,0.89,4.6,0
609,1,6.0,17,0.47,7,1.29,87,2.34,265,7.66,0.0,0.0,0.1,0.95,8.61,38.51,321.32,2708.76,84.55,121.6,343.06,2831.96,1.33,1.6,0.39,2.36,0
642,2,6.03,24,0.86,9,1.54,119,2.76,268,7.52,0.0,0.0,0.17,1.24,17.48,53.81,1625.51,10112.73,128.75,272.15,1706.18,10528.24,1.98,4.29,1.48,7.73,0
623,2,6.04,25,0.68,9,1.38,100,2.51,268,7.63,0.0,0.0,0.17,1.18,12.25,48.97,841.05,6409.39,101.56,192.23,884.64,6677.26,1.57,2.88,0.8,4.99,0
606,2,6.02,16,0.51,10,1.34,89,2.39,265,7.66,0.0,0.0,0.1,0.95,8.96,39.78,398.61,3217.08,86.73,130.64,422.68,3360.84,1.36,1.76,0.44,2.71,0
630,2,6.02,23,0.77,9,1.47,110,2.65,265,7.55,0.0,0.0,0.17,1.24,15.43,50.6,1212.83,8004.71,116.83,230.8,1275.88,8336.72,1.8,3.53,1.15,6.2,0
628,2,6.02,23,0.71,9,1.36,104,2.56,267,7.6,0.0,0.0,0.18,1.16,13.04,47.06,1172.85,9036.44,110.27,238.78,1230.38,9406.03,1.72,3.78,1.05,6.87,0
612,1,6.0,18,0.56,7,1.32,93,2.43,263,7.63,0.0,0.0,0.13,1.03,10.09,42.09,756.16,6156.9,95.7,181.53,794.72,6414.03,1.5,2.74,0.71,4.79,0
610,2,6.02,19,0.5,10,1.34,87,2.34,266,7.68,0.0,0.0,0.11,1.05,8.87,38.62,285.03,2314.79,84.81,118.29,306.21,2422.99,1.33,1.53,0.38,2.12,0
618,2,6.02,20,0.59,9,1.33,96,2.46,266,7.64,0.0,0.0,0.21,1.32,10.78,42.16,901.78,6271.74,101.51,190.7,948.96,6533.89,1.6,2.87,0.86,4.91,0
616,2,6.04,27,0.61,9,1.36,93,2.43,266,7.66,0.0,0.0,0.19,1.28,8.99,39.2,365.2,3434.47,86.76,130.36,388.45,3582.54,1.36,1.8,0.42,2.82,0
597,2,6.02,14,0.33,10,1.21,74,2.16,266,7.73,0.0,0.0,0.07,0.76,5.27,30.31,273.39,3249.04,75.56,110.65,289.32,3388.14,1.22,1.58,0.29,2.61,0
612,2,6.02,22,0.67,10,1.43,98,2.5,262,7.61,0.0,0.0,0.23,1.41,11.79,43.71,1439.43,9926.23,114.97,259.49,1509.65,10331.97,1.83,4.17,1.29,7.55,0
622,1,6.0,14,0.6,9,1.41,100,2.52,265,7.59,0.0,0.0,0.13,1.03,12.66,46.58,1580.62,10015.12,116.98,263.91,1654.25,10426.27,1.85,4.2,1.35,7.63,0
619,1,6.0,19,0.64,7,1.36,100,2.52,263,7.6,0.0,0.0,0.19,1.21,11.22,44.34,843.92,5558.08,100.13,178.61,886.55,5794.11,1.56,2.6,0.78,4.39,0
603,1,6.0,14,0.4,7,1.22,80,2.24,265,7.7,0.0,0.0,0.1,0.94,7.25,34.98,569.5,5707.92,86.68,164.56,600.01,5944.83,1.39,2.53,0.56,4.43,0
625,2,6.02,21,0.67,10,1.37,101,2.52,268,7.63,0.0,0.0,0.19,1.27,12.2,44.95,1424.37,12266.29,114.98,295.39,1493.32,12761.39,1.82,4.91,1.27,9.2,0
610,2,6.04,22,0.54,10,1.34,88,2.35,267,7.69,0.0,0.0,0.33,4.21,8.27,37.95,873.43,8533.11,95.12,217.74,915.84,8880.21,1.53,3.54,0.78,6.45,0
612,2,6.07,23,0.55,12,1.36,88,2.37,267,7.69,0.0,0.0,0.14,1.07,9.15,43.08,1180.61,9973.93,100.81,247.7,1234.37,10380.16,1.62,4.06,0.99,7.53,0
608,1,6.0,21,0.6,10,1.42,93,2.44,262,7.62,0.0,0.0,0.17,1.23,10.81,42.37,1366.77,10183.0,111.0,264.37,1432.34,10598.17,1.78,4.3,1.2,7.72,0
621,2,6.02,18,0.61,9,1.45,99,2.5,266,7.62,0.0,0.0,0.14,1.17,11.94,44.86,2373.93,14317.34,132.5,350.48,2479.53,14898.35,2.15,5.84,1.95,10.77,0
615,2,6.02,20,0.59,10,1.4,94,2.44,266,7.64,0.0,0.0,0.12,1.0,10.16,42.34,1373.99,9540.34,107.24,246.97,1436.36,9931.98,1.72,3.96,1.15,7.25,0
607,2,6.02,20,0.5,14,1.38,86,2.34,268,7.69,0.0,0.0,0.11,1.03,7.89,36.7,314.8,2529.21,83.05,118.0,335.76,2645.96,1.31,1.56,0.38,2.25,0
620,2,6.04,25,0.65,11,1.47,96,2.47,267,7.65,0.0,0.0,0.18,1.3,11.35,43.43,1219.66,9085.92,109.37,244.69,1280.66,9458.81,1.74,3.92,1.12,6.95,0
621,2,6.02,21,0.63,9,1.43,98,2.49,267,7.63,0.0,0.0,0.13,1.09,11.35,44.42,1307.81,7227.03,108.92,215.0,1369.12,7531.43,1.73,3.25,1.13,5.65,0
612,1,6.0,15,0.49,10,1.36,89,2.37,266,7.66,0.0,0.0,0.1,0.96,9.12,39.99,409.34,2976.04,87.16,129.72,434.08,3111.42,1.36,1.72,0.45,2.56,0
597,1,6.0,17,0.38,9,1.23,77,2.2,264,7.71,0.0,0.0,0.14,1.11,6.04,31.24,437.16,5434.51,82.59,153.69,462.5,5657.53,1.34,2.4,0.46,4.19,0
621,1,6.0,22,0.71,10,1.47,105,2.59,262,7.56,0.0,0.0,0.21,1.33,13.45,47.07,1545.39,9924.58,120.0,263.63,1620.08,10331.43,1.89,4.19,1.37,7.57,0
635,2,6.02,20,0.75,13,1.47,111,2.67,269,7.57,0.0,0.0,0.18,1.1,14.52,49.94,1334.41,7339.57,115.77,221.12,1398.0,7648.09,1.79,3.31,1.17,5.72,0
626,1,6.0,22,0.72,9,1.41,106,2.6,264,7.56,0.0,0.0,0.17,1.15,14.21,48.99,1595.32,10457.79,121.24,276.25,1670.88,10886.72,1.9,4.43,1.39,7.96,0
654,2,6.03,25,0.99,10,1.61,132,2.92,267,7.43,0.0,0.0,0.3,3.37,21.03,58.89,2162.92,9196.38,145.63,274.78,2265.65,9582.25,2.23,4.15,1.89,7.17,0
640,1,6.0,17,0.79,9,1.52,118,2.75,265,7.5,0.0,0.0,0.18,1.21,16.83,53.0,2529.27,10446.57,144.0,293.61,2642.86,10882.02,2.27,4.54,2.09,8.07,0
616,2,6.02,17,0.54,9,1.35,93,2.42,266,7.65,0.0,0.0,0.1,0.94,10.29,42.9,592.97,3989.87,92.08,148.95,625.04,4166.3,1.43,2.05,0.59,3.29,0
606,2,6.05,16,0.44,9,1.32,82,2.28,267,7.72,0.0,0.0,0.14,1.1,8.1,41.01,351.54,2893.32,83.32,123.71,373.86,3024.26,1.32,1.66,0.41,2.51,0
606,2,6.04,23,0.61,13,1.46,91,2.43,263,7.65,0.0,0.0,0.34,4.36,10.11,42.62,1097.88,9060.89,103.92,235.28,1152.53,9431.24,1.66,3.79,1.0,6.9,0
616,2,6.04,19,0.57,8,1.33,92,2.42,266,7.66,0.0,0.0,0.16,1.16,9.42,40.74,717.0,6181.55,93.52,178.37,753.33,6438.54,1.48,2.72,0.67,4.78,0
610,2,6.02,20,0.55,8,1.33,91,2.4,264,7.65,0.0,0.0,0.15,1.14,9.93,41.14,723.79,6209.81,95.14,181.49,762.29,6467.84,1.5,2.76,0.7,4.82,0
625,1,6.0,15,0.62,9,1.42,102,2.54,265,7.58,0.0,0.0,0.09,0.95,13.58,48.3,1102.58,8418.55,110.25,237.45,1158.59,8765.15,1.71,3.74,1.03,6.45,0
646,1,6.0,22,0.9,8,1.53,123,2.81,265,7.48,0.0,0.0,0.18,1.25,18.17,55.14,1907.26,10716.12,136.14,291.56,1998.68,11157.03,2.1,4.61,1.68,8.19,0
609,1,6.0,16,0.48,7,1.28,87,2.34,265,7.67,0.0,0.0,0.15,1.11,8.19,37.45,666.84,6170.95,90.91,176.37,701.71,6426.52,1.45,2.72,0.64,4.77,0
609,2,6.02,17,0.47,10,1.32,85,2.32,269,7.7,0.0,0.0,0.1,0.93,7.87,37.23,437.81,3631.36,84.92,133.61,462.87,3791.06,1.35,1.87,0.46,3.01,0
637,2,6.02,23,0.89,11,1.6,123,2.83,262,7.45,0.0,0.0,0.15,1.2,19.02,56.03,2083.87,11999.89,141.65,317.21,2183.31,12490.67,2.19,5.11,1.83,9.11,0
615,2,6.02,19,0.56,10,1.37,92,2.41,266,7.66,0.0,0.0,0.17,1.23,9.28,39.93,602.45,4386.66,92.43,154.78,636.14,4576.8,1.46,2.21,0.62,3.58,0
631,1,6.0,15,0.69,10,1.46,109,2.63,265,7.54,0.0,0.0,0.09,0.91,15.05,51.18,1426.7,9146.86,118.56,251.53,1495.43,9524.66,1.83,3.93,1.26,7.01,0
607,2,6.02,19,0.52,9,1.34,88,2.36,265,7.67,0.0,0.0,0.13,1.13,9.23,39.55,589.2,4386.84,91.5,154.52,622.97,4578.13,1.45,2.21,0.62,3.61,0
620,2,6.04,17,0.58,8,1.38,97,2.47,268,7.65,0.0,0.0,0.14,1.14,11.35,44.12,585.94,4059.38,95.6,154.75,620.31,4238.63,1.48,2.14,0.63,3.39,0
613,1,6.0,17,0.53,9,1.33,90,2.38,267,7.67,0.0,0.0,0.16,1.16,8.77,38.81,636.69,5875.06,91.73,171.84,670.92,6119.29,1.46,2.61,0.63,4.56,0
629,2,6.05,21,0.7,10,1.49,104,2.58,267,7.6,0.0,0.0,0.26,3.28,14.59,51.42,1349.51,9132.42,116.46,252.78,1415.83,9508.71,1.81,3.99,1.22,7.0,0
617,2,6.07,19,0.6,10,1.43,93,2.44,267,7.66,0.0,0.0,0.11,1.01,11.21,47.06,1862.55,12209.78,118.27,303.25,1944.9,12706.95,1.91,4.99,1.52,9.21,0
600,1,6.0,19,0.5,9,1.37,86,2.34,261,7.66,0.0,0.0,0.21,1.38,7.6,35.6,1004.28,8797.29,97.78,225.21,1053.36,9156.22,1.59,3.66,0.9,6.68,0
619,1,6.0,15,0.56,9,1.34,96,2.46,266,7.61,0.0,0.0,0.07,0.73,11.95,45.78,854.74,6236.23,100.91,193.61,898.45,6498.21,1.57,2.9,0.8,4.87,0
623,1,6.0,21,0.69,7,1.37,104,2.57,264,7.58,0.0,0.0,0.24,1.38,12.8,45.92,1111.2,7534.14,111.04,223.53,1168.43,7846.55,1.74,3.45,1.05,5.83,0
668,2,6.02,19,1.01,38,1.86,119,2.88,293,7.64,0.0,0.0,0.14,1.07,16.46,53.01,1132.96,6139.12,119.98,204.1,1191.5,6402.08,1.83,2.94,1.07,4.9,0
695,2,6.02,20,1.04,87,2.41,95,2.67,344,8.01,0.0,0.0,0.17,1.19,8.76,38.38,1032.7,8582.96,111.37,225.18,1082.38,8934.51,1.81,3.63,0.91,6.53,0
621,2,6.02,22,0.65,9,1.39,98,2.49,266,7.62,0.0,0.0,0.17,1.17,11.92,44.63,803.24,6465.03,101.2,191.44,846.92,6733.67,1.57,2.89,0.8,5.03,0
620,1,6.0,18,0.6,10,1.39,97,2.47,265,7.62,0.0,0.0,0.14,1.07,11.1,43.91,1423.02,10222.29,111.21,262.25,1488.71,10639.98,1.77,4.24,1.21,7.74,0
623,2,6.02,21,0.75,10,1.53,110,2.67,261,7.53,0.0,0.0,0.22,1.39,14.88,49.49,2297.96,12878.15,137.59,325.94,2403.28,13403.37,2.19,5.31,1.94,9.75,0
638,1,6.0,19,0.82,9,1.52,115,2.71,265,7.5,0.0,0.0,0.12,0.91,17.01,53.65,2811.35,14705.73,149.2,364.29,2935.3,15304.37,2.37,5.98,2.28,11.08,0
653,2,6.05,27,1.03,13,1.65,132,2.94,267,7.44,0.0,0.0,0.21,1.24,20.47,57.89,3169.39,14102.89,163.57,361.23,3309.92,14680.19,2.57,5.83,2.59,10.69,0
642,2,6.03,23,0.86,10,1.57,118,2.75,266,7.52,0.0,0.0,0.17,1.23,17.3,53.74,2108.03,9846.11,136.88,278.83,2205.77,10255.65,2.13,4.32,1.8,7.6,0
671,2,6.02,24,1.14,9,1.7,148,3.11,266,7.3,0.0,0.0,0.11,0.96,25.39,64.17,4816.69,18268.38,205.4,456.7,5025.41,19013.28,3.25,7.51,3.84,13.78,0
631,1,6.0,19,0.72,9,1.47,109,2.63,265,7.55,0.0,0.0,0.13,1.09,14.29,49.8,1431.77,9183.22,117.76,250.7,1500.65,9562.59,1.83,3.92,1.26,7.04,0
649,2,6.02,23,0.92,12,1.61,126,2.84,267,7.47,0.0,0.0,0.2,1.32,18.98,56.04,2331.28,12944.65,146.13,332.82,2440.81,13473.38,2.27,5.39,2.01,9.81,0
623,2,6.02,21,0.77,11,1.51,109,2.65,262,7.52,0.0,0.0,0.1,0.92,15.94,52.01,1751.34,10606.33,126.38,280.18,1833.57,11041.49,1.96,4.45,1.51,8.07,0
612,2,6.05,16,0.52,9,1.33,89,2.38,267,7.67,0.0,0.0,0.14,1.0,10.11,45.27,790.93,5828.77,94.41,176.1,829.89,6073.43,1.48,2.62,0.71,4.55,0
668,2,6.02,22,0.64,10,1.46,103,2.47,288,7.75,0.0,0.0,0.21,1.39,10.51,41.85,1117.76,8734.87,106.14,231.62,1173.58,9092.87,1.69,3.69,1.02,6.67,0
636,2,6.02,17,0.58,10,1.41,99,2.47,273,7.66,0.0,0.0,0.14,1.12,11.41,43.87,1487.22,10314.72,114.07,274.26,1557.15,10736.47,1.82,4.46,1.29,7.83,0
629,1,6.0,16,0.7,10,1.48,106,2.59,265,7.55,0.0,0.0,0.09,0.88,14.46,50.02,2397.8,12104.93,135.21,312.63,2503.27,12602.38,2.15,5.02,1.94,9.2,0
616,2,6.02,20,0.53,11,1.38,89,2.36,269,7.69,0.0,0.0,0.14,1.14,8.72,38.66,1065.49,8798.52,99.59,227.09,1116.58,9158.65,1.6,3.66,0.94,6.69,0
598,1,6.0,20,0.37,11,1.27,75,2.17,266,7.73,0.0,0.0,0.2,1.37,4.28,24.81,77.65,1114.33,73.87,85.65,89.42,1169.69,1.21,1.16,0.21,1.33,0
606,2,6.04,21,0.47,12,1.29,82,2.29,268,7.71,0.0,0.0,0.11,0.94,6.91,34.58,498.3,5513.58,83.86,154.03,524.24,5740.95,1.35,2.37,0.47,4.24,0
618,2,6.07,26,0.71,12,1.41,99,2.52,266,7.63,0.0,0.0,0.18,1.18,12.28,46.16,973.97,7712.48,104.31,213.07,1022.81,8030.15,1.63,3.31,0.89,5.91,0
623,2,6.05,20,0.66,10,1.46,101,2.53,268,7.64,0.0,0.0,0.19,1.31,11.81,44.33,1494.72,10382.52,115.06,267.46,1565.85,10806.73,1.83,4.32,1.31,7.88,0
644,2,6.19,27,1.0,10,1.61,124,2.87,264,7.5,0.0,0.0,0.17,1.16,18.86,56.12,2145.86,12782.32,140.13,322.03,2245.05,13303.13,2.18,5.22,1.82,9.66,0
628,1,6.0,15,0.68,7,1.44,105,2.58,266,7.55,0.0,0.0,0.04,0.53,15.02,51.2,1909.55,10440.13,126.86,285.25,1995.9,10870.85,1.99,4.53,1.59,7.97,0
627,2,6.11,24,0.71,12,1.53,102,2.56,268,7.64,0.0,0.0,0.18,1.28,11.61,43.51,1406.73,7800.39,112.48,225.7,1473.16,8127.14,1.79,3.46,1.22,6.07,0
623,2,6.11,24,0.69,11,1.45,99,2.52,268,7.65,0.0,0.0,0.41,6.16,14.57,84.44,1118.04,8866.76,111.89,267.63,1173.51,9230.16,1.74,3.99,1.02,6.76,0
621,2,6.04,16,0.58,8,1.37,98,2.49,267,7.64,0.0,0.0,0.31,4.16,11.84,45.35,821.88,6413.92,100.63,190.47,865.17,6681.66,1.57,2.87,0.79,5.0,0
603,2,6.05,21,0.44,12,1.29,80,2.24,268,7.73,0.0,0.0,0.12,1.05,6.54,33.74,425.87,5320.12,82.49,153.64,449.77,5539.15,1.33,2.39,0.44,4.1,0
611,2,6.05,23,0.61,9,1.41,93,2.44,264,7.65,0.0,0.0,0.21,1.38,10.18,44.26,1171.57,8694.19,105.38,232.71,1228.69,9050.75,1.69,3.71,1.05,6.64,0
630,2,6.02,14,0.68,8,1.46,109,2.63,266,7.55,0.0,0.0,0.09,0.9,15.32,51.48,1718.41,8188.67,124.37,245.42,1798.23,8533.86,1.94,3.71,1.47,6.4,0
615,2,6.14,19,0.65,10,1.45,95,2.49,265,7.65,0.0,0.0,0.14,1.05,11.0,42.54,898.05,5927.31,99.63,183.87,942.75,6178.23,1.57,2.73,0.82,4.68,0
625,2,6.14,23,0.69,11,1.47,100,2.54,269,7.66,0.0,0.0,0.16,1.18,12.13,47.15,468.06,3289.09,94.43,144.56,496.92,3437.69,1.45,1.94,0.53,2.83,0
627,2,6.04,23,0.7,10,1.43,103,2.56,267,7.61,0.0,0.0,0.17,1.23,13.14,47.08,951.37,7579.26,106.58,214.44,1001.83,7894.15,1.65,3.32,0.92,5.87,0
618,2,6.02,19,0.59,8,1.33,95,2.45,267,7.64,0.0,0.0,0.13,1.07,10.91,43.37,435.28,3244.21,91.8,139.21,463.26,3390.56,1.42,1.85,0.51,2.79,0
612,1,6.0,16,0.49,7,1.3,90,2.38,265,7.65,0.0,0.0,0.13,1.04,9.3,40.24,957.72,8549.51,98.81,227.9,1004.47,8899.08,1.58,3.68,0.86,6.49,0
620,1,6.0,19,0.61,7,1.34,95,2.44,266,7.65,0.0,0.0,0.18,1.31,11.22,43.39,561.8,3929.37,96.42,155.62,596.55,4102.34,1.5,2.16,0.63,3.3,0
631,1,6.0,14,0.68,8,0.6,102,2.53,268,7.61,0.0,0.0,0.15,1.1,14.97,50.58,1249.51,7542.23,114.93,222.74,1311.56,7857.62,1.77,3.35,1.14,5.87,0
339,2,6.03,17,1.45,12,2.38,252,7.01,84,5.48,0.0,0.0,2.07,3.11,56.38,79.56,3580.96,13677.13,327.43,349.6,3851.16,14214.76,4.89,5.55,4.9,10.08,0
217,1,6.0,23,2.04,11,2.82,216,7.75,20,3.28,0.0,0.0,3.33,3.37,92.61,78.94,4022.26,12162.32,441.65,277.09,4371.87,12621.32,6.31,4.39,6.33,8.55,0
4228,2,6.07,19,0.13,14,0.41,111,0.67,3988,11.8,0.0,0.0,0.09,1.45,8.43,79.08,100.74,1474.78,77.62,116.7,161.4,1539.28,1.2,1.1,1.11,1.27,0
8833,1,6.0,17,0.06,8,0.05,46,0.07,8789,13.08,0.0,0.0,0.01,0.27,0.88,12.73,46.85,1109.27,60.91,45.04,103.23,1156.71,1.04,0.62,1.04,0.89,0
8980,2,6.0,15,0.06,8,0.06,49,0.08,8934,13.11,0.0,0.0,0.01,0.28,0.91,13.04,76.17,1913.2,61.54,60.0,133.63,1991.36,1.05,0.92,1.06,1.45,0
9073,1,6.0,17,0.06,7,0.06,49,0.08,9026,13.12,0.0,0.0,0.01,0.36,0.83,12.21,50.01,1257.99,61.04,48.07,106.58,1310.63,1.04,0.69,1.05,0.99,0
9084,2,6.01,18,0.08,9,0.07,59,0.1,9026,13.12,0.0,0.0,0.02,1.09,1.22,15.98,82.94,1733.56,62.29,61.62,140.8,1805.43,1.06,0.91,1.07,1.33,0
8985,2,6.0,18,0.08,10,0.07,62,0.1,8924,13.1,0.0,0.0,0.01,0.28,1.21,15.02,78.87,1637.16,62.18,58.2,136.57,1705.16,1.05,0.84,1.07,1.26,0
9037,2,6.0,18,0.06,9,0.05,48,0.08,8992,13.12,0.0,0.0,0.01,0.33,0.83,12.33,40.38,996.52,60.76,42.97,96.52,1039.41,1.04,0.59,1.04,0.81,0
7968,1,6.0,17,0.09,7,0.08,62,0.11,7908,12.92,0.0,0.0,0.01,0.3,1.34,15.78,138.62,2822.01,63.61,78.73,198.82,2936.76,1.08,1.22,1.11,2.12,0
69,2,6.32,17,3.27,7,1.76,68,6.09,9,1.75,0.0,0.0,3.38,5.25,166.32,180.6,7122.5,11129.08,612.76,276.41,7586.09,11541.45,7.96,4.11,8.26,7.88,0
48,1,6.0,11,2.96,6,1.49,47,5.55,2,0.61,0.0,0.0,1.62,3.32,170.96,52.62,12894.06,20548.35,686.66,414.71,13553.0,21352.2,9.38,7.41,12.06,14.94,0
60,2,6.19,17,3.37,9,1.99,58,5.85,5,0.97,0.0,0.0,1.73,3.48,167.56,55.37,11829.15,19383.1,661.76,390.02,12446.95,20133.77,9.0,6.92,11.31,13.98,0
54,2,6.21,21,3.71,9,2.23,53,5.73,3,0.9,0.0,0.0,2.42,3.91,157.13,61.19,11101.23,20136.88,637.77,410.1,11689.08,20918.13,8.74,7.2,10.75,14.56,0
50,2,6.22,14,3.16,9,1.81,49,5.61,3,0.55,0.0,0.0,1.04,2.77,181.61,35.76,12096.84,19632.32,678.84,402.5,12719.45,20396.11,9.06,7.34,11.39,14.19,0
55,1,6.0,18,3.34,6,1.29,54,5.75,2,0.76,0.0,0.0,2.11,3.97,164.85,54.43,8503.85,11700.2,608.74,240.28,9010.41,12140.43,8.06,4.09,9.24,8.31,0
45,2,6.25,16,3.16,9,1.86,44,5.46,3,0.78,0.0,0.0,1.41,3.26,166.32,58.41,16013.32,28967.97,736.18,588.04,16783.77,30101.18,10.39,10.6,14.14,21.02,0
35,2,6.32,17,3.42,9,2.2,34,5.09,3,1.01,0.0,0.0,2.56,4.22,157.82,55.64,8713.09,14315.41,608.59,288.3,9233.38,14853.77,8.21,4.96,9.5,10.13,0
39,2,6.29,13,2.96,9,1.69,38,5.25,4,0.97,0.0,0.0,1.53,3.53,165.11,57.28,8464.24,12492.09,589.79,269.63,8948.87,12978.27,7.71,4.58,8.84,9.12,0
53,2,6.63,24,3.78,8,2.18,50,5.61,3,1.07,0.0,0.0,3.98,11.5,165.4,67.97,10409.54,19629.9,636.4,414.74,10977.23,20389.91,8.58,7.42,10.38,14.19,0
38,2,6.3,19,3.76,9,2.53,37,5.21,3,1.01,0.0,0.0,2.59,4.28,154.65,59.08,18581.22,32002.34,790.97,632.87,19478.62,33237.09,11.62,11.35,16.49,22.93,0
49,2,6.69,17,3.48,8,2.14,47,5.54,4,0.93,0.0,0.0,1.63,3.21,173.29,75.88,10891.69,20263.24,637.29,418.76,11460.06,21063.16,8.46,7.46,10.4,14.87,0
58,1,6.0,20,3.65,9,2.22,57,5.83,2,0.63,0.0,0.0,1.88,3.54,171.39,45.86,13656.6,23375.55,709.53,456.7,14353.05,24276.66,9.81,8.26,12.75,16.75,0
37,1,6.0,20,3.81,7,2.22,36,5.17,2,0.85,0.0,0.0,2.94,4.17,151.08,63.94,12965.22,23282.75,691.86,489.54,13635.33,24181.11,9.83,8.63,12.28,16.73,0
174,2,6.06,20,1.52,147,6.96,36,1.76,140,6.55,0.0,0.0,0.46,2.02,33.64,69.92,4151.72,16989.19,297.98,398.01,4349.27,17679.54,4.75,6.5,3.63,12.83,0
69,2,6.16,19,3.58,8,1.88,68,6.09,3,0.63,0.0,0.0,1.29,3.08,175.1,42.73,10164.15,17031.94,638.13,338.85,10718.15,17691.9,8.43,6.07,10.12,12.29,0
53,2,6.21,20,3.62,11,2.91,52,5.7,3,0.8,0.0,0.0,1.88,3.56,164.96,55.5,25777.13,37801.83,936.04,773.72,26932.9,39273.3,14.12,14.02,21.27,27.28,0
43,1,6.0,18,3.5,8,2.39,42,5.39,2,0.83,0.0,0.0,2.83,4.33,158.07,57.85,12834.24,21620.77,694.36,435.15,13511.52,22447.1,9.76,7.71,12.4,15.4,0
80,2,6.14,13,3.09,9,2.22,79,6.3,3,0.48,0.0,0.0,1.01,2.6,180.22,40.66,17681.27,21322.32,780.52,432.25,18509.8,22152.52,10.96,7.83,15.2,15.4,0
58,1,6.0,21,3.76,8,2.23,57,5.83,2,0.59,0.0,0.0,1.86,3.41,172.6,44.59,12850.86,18159.13,691.79,351.09,13512.26,18853.18,9.46,6.28,12.11,12.92,0
94,2,6.24,25,3.88,7,2.03,92,6.52,4,0.86,0.0,0.0,2.0,3.5,168.17,53.63,15089.66,25640.2,722.99,510.98,15829.74,26636.76,10.12,9.21,13.57,18.51,0
66,2,6.34,15,3.32,5,1.64,64,5.99,3,0.47,0.0,0.0,0.94,2.22,183.85,35.41,15244.95,23734.62,733.38,483.11,15971.08,24667.04,10.03,8.84,13.31,17.28,0
42,2,6.54,17,3.42,8,2.07,41,5.36,4,1.07,0.0,0.0,2.12,3.96,163.46,52.21,7522.83,12253.94,581.61,256.77,7984.44,12723.65,7.61,4.44,8.41,8.87,0
60,1,6.0,20,3.59,7,2.24,59,5.88,2,0.57,0.0,0.0,1.46,3.12,170.39,52.21,18790.76,31901.46,796.36,628.82,19671.37,33147.42,11.42,11.41,16.17,23.1,0
62,2,6.18,23,3.82,9,2.37,61,5.93,3,0.8,0.0,0.0,2.11,3.73,169.7,46.73,11147.28,16509.53,660.36,329.39,11748.0,17137.22,8.93,5.88,10.98,11.73,0
39,1,6.0,11,3.1,5,2.01,38,5.25,2,0.56,0.0,0.0,2.11,3.17,168.55,53.94,17671.32,25184.85,770.39,508.31,18495.79,26168.58,10.97,9.1,15.13,18.25,0
69,2,6.32,21,3.62,10,1.86,67,6.06,6,1.06,0.0,0.0,1.54,3.46,161.88,63.7,14338.32,24879.52,693.79,507.39,15042.5,25852.19,9.69,9.01,12.91,18.07,0
83,2,6.4,24,3.69,9,2.09,81,6.33,4,0.79,0.0,0.0,1.63,3.34,180.06,55.6,12654.04,21052.74,692.18,415.67,13307.01,21866.79,9.35,7.56,11.95,15.14,0
54,2,6.21,13,3.03,6,0.94,53,5.73,3,0.52,0.0,0.0,0.74,2.58,183.51,34.73,9915.91,12301.13,635.66,248.0,10455.45,12780.36,8.23,4.44,9.85,8.94,0
61,1,6.0,15,3.24,5,0.87,60,5.91,2,0.69,0.0,0.0,1.77,3.73,169.38,55.47,9650.42,12615.19,627.55,261.69,10188.88,13100.88,8.32,4.47,9.83,9.11,0
59,2,6.19,18,3.36,8,1.53,58,5.86,3,0.74,0.0,0.0,1.43,3.36,170.22,54.23,8519.41,11584.79,596.09,248.94,9003.41,12036.0,7.72,4.24,8.83,8.46,0
48,1,6.0,16,3.34,5,1.31,47,5.55,2,0.7,0.0,0.0,1.87,3.86,171.02,45.02,9050.17,12347.62,627.45,241.37,9585.36,12809.23,8.3,4.25,9.77,8.68,0
60,2,6.37,15,2.91,9,1.24,57,5.81,5,0.74,0.0,0.0,0.47,2.06,180.07,45.81,9980.34,12654.98,621.49,272.74,10509.36,13157.5,8.03,4.77,9.66,9.35,0
64,2,6.35,21,3.6,7,1.73,62,5.95,3,0.93,0.0,0.0,2.13,3.82,164.86,58.59,10533.89,18299.26,635.49,374.68,11101.57,19009.43,8.56,6.62,10.38,13.25,0
71,2,6.16,20,3.36,8,1.48,70,6.13,3,0.66,0.0,0.0,1.21,3.18,175.73,46.71,8810.03,11402.5,609.19,237.26,9308.97,11843.5,7.87,4.13,9.1,8.27,0
60,1,6.0,20,3.6,7,2.2,59,5.88,2,0.57,0.0,0.0,1.31,3.31,173.64,43.95,26817.75,39020.29,970.22,778.91,28027.2,40533.05,14.59,14.23,22.25,28.04,0
45,1,6.0,20,3.73,10,2.42,44,5.46,2,0.68,0.0,0.0,1.68,3.59,165.55,54.55,12234.09,16163.28,676.59,334.58,12869.91,16781.27,9.3,5.82,11.64,11.53,0
95,1,6.0,20,3.58,9,2.09,94,6.55,2,0.49,0.0,0.0,1.26,2.87,176.0,47.37,20581.68,30521.9,840.32,624.11,21528.51,31712.86,12.14,11.37,17.39,22.08,0
83,2,6.13,22,3.88,12,2.83,81,6.33,5,0.81,0.0,0.0,1.54,3.28,172.38,45.32,22289.62,31259.25,872.45,623.11,23315.99,32468.16,12.82,11.32,18.87,22.43,0
65,2,6.34,20,3.87,10,2.45,64,6.0,4,0.57,0.0,0.0,2.44,12.64,181.84,38.11,21386.36,33180.1,849.63,655.29,22359.95,34479.69,12.23,12.02,17.89,24.08,0
51,2,6.22,18,3.46,9,2.08,50,5.64,3,0.77,0.0,0.0,1.52,3.49,168.8,56.58,17341.06,27936.43,766.28,568.51,18166.9,29025.87,10.9,10.25,15.16,20.21,0
72,1,6.0,25,3.95,8,2.19,71,6.15,2,0.72,0.0,0.0,1.94,3.83,168.82,50.32,13901.27,19539.39,716.73,385.02,14617.01,20281.75,9.99,6.86,13.11,13.83,0
92,2,6.48,25,3.94,8,2.28,89,6.46,4,0.65,0.0,0.0,0.9,2.59,183.41,53.22,23754.01,27421.85,895.58,545.98,24820.71,28490.99,13.05,9.97,19.62,19.82,0
81,1,6.0,24,3.99,10,2.11,80,6.32,2,0.47,0.0,0.0,1.11,2.82,175.85,45.98,15836.42,19035.15,740.85,380.25,16598.0,19771.55,10.3,6.79,13.96,13.67,0
85,2,6.26,27,4.04,10,2.4,83,6.37,4,0.9,0.0,0.0,1.77,3.57,168.17,52.87,16322.39,21398.34,748.6,427.17,17114.65,22221.15,10.6,7.59,14.54,15.31,0
76,2,6.29,20,3.65,9,1.88,74,6.2,3,0.62,0.0,0.0,1.23,2.89,180.29,38.96,12611.76,16580.79,679.23,329.1,13251.49,17223.7,9.09,5.93,11.71,11.96,0
75,2,6.15,14,3.13,7,1.18,74,6.21,3,0.41,0.0,0.0,0.68,2.28,186.2,29.69,15193.84,24127.4,742.18,483.2,15937.92,25069.4,10.15,8.88,13.64,17.47,0
60,1,6.0,21,3.69,8,1.66,59,5.88,2,0.69,0.0,0.0,1.81,3.57,162.93,61.39,11024.49,18509.11,638.42,381.37,11603.71,19233.64,8.63,6.67,10.59,13.48,0
73,1,6.0,24,4.03,9,2.65,72,6.17,2,0.65,0.0,0.0,2.13,3.7,171.83,40.25,20651.61,32529.95,855.06,637.69,21628.5,33782.13,12.5,11.64,17.94,23.24,0
51,1,6.0,12,2.63,6,0.99,50,5.64,2,0.47,0.0,0.0,0.94,2.83,178.44,43.67,11778.7,14352.27,674.16,302.25,12393.34,14911.09,9.02,5.35,11.24,10.4,0
58,2,6.19,16,3.13,8,0.97,57,5.83,3,0.66,0.0,0.0,1.12,3.01,173.91,53.04,9867.4,12996.95,619.42,277.22,10398.6,13509.29,8.09,4.78,9.7,9.55,0
54,1,6.0,18,3.38,8,1.41,53,5.73,2,0.77,0.0,0.0,2.17,4.02,162.23,58.2,9977.85,14406.35,632.98,295.93,10537.47,14958.65,8.55,5.06,10.23,10.35,0
81,2,6.28,23,3.91,8,2.02,80,6.32,4,0.66,0.0,0.0,2.41,9.14,180.31,35.41,15007.75,24455.94,737.54,476.91,15749.85,25404.14,10.19,8.72,13.6,17.6,0
69,1,6.0,19,3.4,6,1.18,68,6.09,2,0.6,0.0,0.0,1.37,3.24,170.97,54.88,9020.88,12113.04,606.59,256.73,9524.62,12586.49,7.9,4.37,9.19,8.86,0
70,2,6.16,16,3.31,8,1.63,69,6.11,3,0.53,0.0,0.0,1.07,2.58,176.93,47.32,12566.46,16574.93,672.35,336.36,13194.49,17225.45,9.01,5.96,11.49,12.08,0
70,2,6.16,21,3.7,9,1.75,69,6.11,3,0.7,0.0,0.0,1.62,3.54,177.77,35.07,11152.2,17807.79,669.91,341.98,11761.91,18486.85,8.97,6.24,11.14,12.66,0
75,2,6.15,17,3.43,10,1.21,74,6.21,3,0.51,0.0,0.0,2.19,11.96,185.08,46.7,10765.42,13543.94,651.35,269.24,11337.18,14071.57,8.49,4.85,10.45,9.83,0
87,2,6.64,22,3.83,10,2.05,83,6.35,4,0.85,0.0,0.0,1.2,2.86,177.38,64.45,15143.24,23908.68,722.36,505.68,15869.9,24846.88,9.95,9.14,13.33,17.41,0
49,2,6.23,21,3.74,9,2.25,48,5.58,3,0.91,0.0,0.0,2.46,4.02,162.02,55.3,10534.75,16427.97,643.1,338.05,11112.46,17054.13,8.75,5.93,10.56,11.72,0
51,1,6.0,19,3.63,8,2.39,50,5.64,2,0.63,0.0,0.0,1.9,3.62,171.58,41.69,11344.82,19919.94,672.38,395.14,11958.54,20689.77,9.12,7.15,11.22,14.33,0
56,1,6.0,19,3.44,7,1.89,55,5.78,2,0.6,0.0,0.0,1.71,3.29,169.53,54.04,12086.6,16874.36,672.55,357.14,12704.71,17528.3,9.15,6.29,11.31,12.17,0
47,1,6.0,15,3.24,6,1.96,46,5.52,2,0.62,0.0,0.0,1.89,3.38,167.04,57.02,11737.98,17024.95,650.7,345.82,12335.76,17687.22,8.78,6.04,10.93,12.32,0
46,2,6.24,21,3.58,11,2.43,44,5.45,5,1.23,0.0,0.0,2.4,4.22,153.42,61.45,6771.07,11876.46,564.89,256.02,7210.18,12329.64,7.47,4.3,8.0,8.6,0
77,2,6.14,23,3.68,10,1.65,76,6.25,3,0.58,0.0,0.0,1.13,2.96,177.62,41.05,11787.33,20253.08,670.2,404.56,12403.22,21044.52,8.97,7.33,11.26,14.71,0
54,2,6.21,18,3.62,9,2.21,53,5.73,3,0.69,0.0,0.0,1.42,3.12,170.75,53.92,19996.96,30915.19,815.36,618.35,20921.19,32128.3,11.77,11.19,16.98,22.49,0
60,1,6.0,21,3.68,10,2.52,59,5.88,2,0.69,0.0,0.0,1.97,3.71,167.59,51.19,12165.73,19846.36,675.22,391.16,12803.93,20609.14,9.24,6.99,11.68,14.21,0
71,2,6.16,19,3.58,9,1.7,70,6.13,3,0.57,0.0,0.0,1.16,2.99,181.17,35.6,11617.73,14253.35,668.17,281.3,12230.3,14801.45,8.87,5.07,11.2,10.22,0
77,2,6.29,19,3.51,8,1.36,76,6.25,4,0.6,0.0,0.0,0.79,2.51,181.09,41.94,10238.8,11776.98,638.64,258.4,10779.88,12240.33,8.33,4.54,9.88,8.64,0
92,1,6.0,20,3.49,9,1.53,91,6.51,3,0.55,0.0,0.0,1.16,2.77,175.49,50.98,12237.21,15605.8,667.41,317.87,12856.48,16215.63,8.95,5.58,11.33,11.34,0
85,2,6.39,23,3.62,7,1.92,82,6.34,3,0.81,0.0,0.0,2.71,8.86,178.81,49.59,13400.01,17774.67,704.48,349.79,14081.89,18455.46,9.6,6.34,12.49,12.69,0
50,2,6.22,14,3.19,8,1.58,49,5.61,3,0.62,0.0,0.0,1.18,2.97,179.92,37.85,10678.63,14459.9,651.8,292.2,11250.55,15018.13,8.59,5.26,10.45,10.41,0
69,1,6.0,19,3.47,6,0.85,68,6.09,2,0.64,0.0,0.0,1.5,3.43,168.43,58.69,9665.44,12754.25,616.99,273.26,10192.88,13253.72,8.13,4.62,9.63,9.34,0
71,2,6.47,24,3.72,9,2.03,69,6.1,4,0.94,0.0,0.0,2.01,3.74,173.26,65.28,10102.33,17485.81,641.83,359.56,10662.1,18162.83,8.54,6.44,10.23,12.64,0
37,1,6.0,13,3.06,7,2.12,36,5.17,2,0.65,0.0,0.0,1.56,3.5,167.64,50.99,19970.22,31877.67,824.53,626.38,20912.28,33111.95,12.0,11.34,17.31,22.9,0
183,2,6.06,16,1.27,157,6.9,36,1.69,150,6.64,0.0,0.0,0.15,1.19,34.59,72.93,1562.16,5412.49,247.0,193.56,1651.74,5658.34,3.79,2.46,1.63,4.62,0
45,2,6.25,32,4.75,11,2.95,44,5.46,3,1.05,0.0,0.0,3.5,4.25,143.02,63.46,13117.39,26753.77,681.07,558.68,13794.39,27786.48,9.8,9.9,12.41,19.22,0
48,2,6.23,19,3.73,10,2.48,47,5.55,3,0.85,0.0,0.0,2.06,3.74,165.51,54.16,11219.98,19864.21,652.06,398.69,11816.7,20632.95,8.85,7.1,10.91,14.32,0
37,1,6.0,15,3.29,8,2.23,36,5.17,2,0.65,0.0,0.0,1.86,3.68,170.31,44.4,10531.36,20604.89,651.25,401.49,11112.14,21397.79,8.75,7.27,10.61,14.76,0
51,2,6.22,20,3.69,9,2.28,50,5.64,3,0.77,0.0,0.0,1.84,3.52,169.22,51.99,12412.22,20505.51,670.26,410.92,13048.14,21302.12,9.12,7.35,11.64,14.82,0
52,2,6.22,22,3.64,11,2.38,51,5.67,3,0.98,0.0,0.0,2.65,4.19,154.65,62.99,7412.0,11926.25,572.53,258.29,7865.88,12380.96,7.57,4.33,8.27,8.61,0
61,2,6.18,21,3.43,11,1.61,60,5.91,4,0.8,0.0,0.0,1.27,3.2,170.25,53.41,7631.62,10238.18,581.92,230.6,8080.85,10636.3,7.47,3.89,8.18,7.49,0
47,2,6.48,17,3.53,10,2.3,45,5.48,3,0.75,0.0,0.0,1.13,3.03,178.09,38.63,18842.54,29550.52,806.57,587.55,19732.8,30700.05,11.5,10.74,16.35,21.32,0
56,2,6.4,21,3.73,10,2.39,55,5.78,4,0.97,0.0,0.0,2.09,3.71,163.84,56.42,11282.05,19161.02,652.93,402.1,11879.25,19903.96,8.91,7.12,10.93,13.85,0
53,1,6.0,20,3.76,9,2.08,52,5.7,2,0.66,0.0,0.0,1.85,3.59,167.37,51.83,15538.6,27537.31,743.29,545.94,16307.33,28606.01,10.5,9.86,14.1,19.84,0
64,2,6.17,20,3.7,11,2.63,63,5.98,3,0.62,0.0,0.0,1.24,3.01,176.75,41.78,22548.22,29993.05,876.65,587.87,23578.41,31155.63,12.81,10.71,18.94,21.56,0
44,1,6.0,19,3.75,9,2.5,43,5.43,2,0.69,0.0,0.0,2.42,3.51,158.67,62.47,20336.95,31269.92,814.02,640.63,21267.05,32493.13,11.95,11.46,17.09,22.68,0
61,2,6.18,22,3.93,9,2.43,60,5.91,4,0.99,0.0,0.0,2.65,3.95,161.12,56.02,12964.8,21637.0,686.18,427.42,13634.53,22467.08,9.57,7.59,12.27,15.47,0
62,2,6.36,19,3.53,9,2.14,60,5.9,3,0.49,0.0,0.0,0.85,2.27,181.39,29.72,15513.54,28209.61,740.05,555.22,16267.54,29312.72,10.21,10.16,13.82,20.45,0
56,2,7.0,20,3.75,8,2.4,53,5.71,5,1.27,0.0,0.0,2.44,3.76,168.55,79.53,10009.51,18857.57,619.89,388.06,10545.4,19594.54,8.25,6.86,9.8,13.75,0
55,1,6.0,24,4.02,9,2.34,54,5.75,2,0.73,0.0,0.0,2.33,3.77,162.48,56.24,13849.41,24617.51,700.67,486.95,14547.81,25570.08,9.8,8.71,12.8,17.71,0
45,2,6.25,16,3.2,10,2.47,44,5.46,3,0.78,0.0,0.0,1.86,3.5,169.07,48.2,12788.05,21923.32,680.52,433.51,13443.5,22771.12,9.32,7.8,12.0,15.77,0
43,2,6.26,17,3.13,9,1.76,42,5.39,3,0.81,0.0,0.0,1.57,3.53,169.45,49.82,6716.57,9125.75,568.6,197.8,7140.57,9471.99,7.24,3.35,7.71,6.58,0
55,2,6.2,17,3.45,8,1.35,53,5.72,5,1.11,0.0,0.0,1.89,3.75,156.7,68.1,10977.7,18520.08,627.81,389.97,11556.52,19244.7,8.56,6.74,10.59,13.51,0
61,2,6.37,22,3.75,11,2.34,59,5.87,3,0.77,0.0,0.0,1.5,3.37,174.65,44.02,19051.2,31756.93,806.22,624.99,19950.57,32991.25,11.55,11.41,16.52,22.9,0
67,2,6.17,17,3.46,7,1.42,66,6.04,3,0.6,0.0,0.0,1.09,3.02,180.74,36.51,15467.86,24935.18,745.05,486.43,16231.62,25902.42,10.3,8.9,14.0,17.95,0
75,1,6.0,20,3.57,7,1.21,74,6.21,2,0.53,0.0,0.0,1.14,3.06,175.7,49.08,11616.2,14049.9,667.65,296.06,12221.42,14593.34,8.95,5.19,11.07,10.13,0
29,1,6.0,15,3.66,6,1.97,28,4.81,2,0.86,0.0,0.0,2.68,4.26,152.57,64.31,12158.36,16413.81,667.57,343.42,12803.86,17040.48,9.36,5.79,11.82,11.74,0
45,1,6.0,19,3.42,6,1.62,44,5.46,2,0.88,0.0,0.0,2.84,4.41,155.25,58.37,8024.25,12996.94,603.7,264.76,8526.3,13484.71,8.14,4.49,9.16,9.21,0
69,2,6.16,15,3.17,10,1.75,67,6.06,5,0.65,0.0,0.0,0.57,2.31,179.0,43.82,16755.54,18686.36,755.53,372.55,17554.01,19411.06,10.53,6.65,14.65,13.45,0
56,2,6.4,21,3.54,9,1.93,55,5.78,4,1.04,0.0,0.0,4.0,13.89,159.25,65.54,9372.42,13850.87,605.29,295.16,9890.78,14385.55,8.11,4.98,9.47,10.04,0
47,2,6.24,18,3.75,10,2.6,46,5.52,3,0.76,0.0,0.0,1.65,3.34,168.57,52.33,20365.33,24720.3,826.35,519.7,21308.24,25682.9,12.02,9.29,17.33,17.87,0
63,1,6.0,21,3.69,11,2.31,62,5.95,2,0.6,0.0,0.0,1.81,3.55,176.6,34.64,11698.34,16102.84,681.05,301.93,12327.34,16708.07,9.19,5.49,11.5,11.3,0
48,2,6.23,13,2.86,8,1.13,47,5.55,3,0.7,0.0,0.0,1.09,2.85,168.47,60.34,8818.66,12393.14,587.91,275.63,9295.55,12889.97,7.6,4.62,8.7,9.25,0
74,2,6.6,22,3.91,9,2.12,71,6.14,4,0.93,0.0,0.0,1.64,3.41,176.16,65.33,17166.37,27452.11,769.26,564.05,17987.3,28521.11,10.85,10.24,15.07,19.84,0
50,2,6.22,21,3.86,11,2.64,48,5.57,5,1.14,0.0,0.0,2.2,3.88,157.35,58.86,9957.76,19596.75,621.84,396.09,10511.55,20352.6,8.45,7.0,10.12,14.1,0
53,2,6.42,17,3.24,9,1.83,51,5.66,3,0.8,0.0,0.0,1.48,3.23,173.08,50.57,10789.19,18762.08,640.23,381.61,11356.15,19494.13,8.5,6.83,10.37,13.62,0
39,2,6.29,19,3.75,8,2.25,38,5.25,3,1.03,0.0,0.0,2.82,4.25,151.92,64.06,8654.45,14802.28,594.5,310.29,9158.76,15368.69,8.03,5.29,9.21,10.65,0
39,1,6.0,13,2.98,7,2.06,38,5.25,2,0.69,0.0,0.0,2.13,3.66,164.05,56.5,10919.37,21146.82,643.68,422.26,11498.0,21968.49,8.71,7.53,10.58,15.28,0
41,1,6.0,13,2.81,7,2.06,40,5.32,2,0.72,0.0,0.0,2.17,3.95,169.38,46.25,9569.85,14188.56,640.83,282.0,10119.0,14721.26,8.57,5.01,10.03,9.99,0
48,1,6.0,18,3.39,8,2.01,47,5.55,2,0.75,0.0,0.0,2.19,3.84,159.17,62.65,13330.19,24502.35,689.34,519.41,14001.43,25455.26,9.64,9.27,12.3,17.71,0
52,2,6.22,18,3.36,8,2.33,51,5.67,4,0.89,0.0,0.0,2.14,3.43,165.2,56.2,12603.73,18221.41,667.16,368.8,13238.82,18926.23,9.14,6.47,11.63,13.13,0
39,1,6.0,17,3.47,9,1.96,38,5.25,2,0.74,0.0,0.0,2.05,3.99,167.79,47.06,8254.16,12488.29,611.05,245.33,8759.32,12957.26,8.05,4.32,9.21,8.83,0
63,2,6.35,20,3.56,10,2.66,62,5.95,4,0.87,0.0,0.0,3.15,10.33,169.24,53.73,16979.34,27404.75,759.53,543.21,17787.85,28470.47,10.79,9.8,14.84,19.78,0
59,1,6.0,19,3.45,6,2.07,58,5.86,2,0.66,0.0,0.0,2.14,3.55,166.98,54.24,14468.03,21575.44,718.88,442.78,15184.0,22410.56,10.05,7.89,13.12,15.53,0
55,2,6.2,17,3.47,8,2.16,54,5.75,3,0.69,0.0,0.0,1.69,3.28,174.39,44.59,14503.3,21467.18,715.61,423.05,15220.85,22298.08,9.87,7.63,13.15,15.44,0
59,2,6.19,18,3.41,9,2.39,58,5.86,3,0.7,0.0,0.0,1.84,3.42,175.02,39.35,14770.91,27063.63,737.84,546.63,15505.78,28115.43,10.28,10.01,13.47,19.53,0
64,2,6.17,22,3.72,9,2.16,62,5.95,5,0.93,0.0,0.0,3.54,13.67,166.22,69.74,13148.48,18338.24,672.13,376.85,13794.89,19055.3,9.21,6.57,11.84,13.34,0
55,2,6.41,17,3.26,7,2.14,53,5.72,3,0.87,0.0,0.0,2.19,3.55,167.83,55.33,13371.93,18739.86,680.28,383.58,14035.04,19468.95,9.33,6.78,12.15,13.57,0
45,2,7.0,17,3.5,7,2.32,42,5.37,4,1.08,0.0,0.0,1.86,3.55,180.86,67.95,12248.36,24575.97,679.86,487.55,12885.23,25530.2,9.14,8.92,11.66,17.74,0
60,1,6.0,16,3.02,6,1.78,59,5.88,2,0.62,0.0,0.0,1.81,3.52,171.56,49.67,13117.69,17482.13,691.08,346.85,13784.27,18153.54,9.46,6.15,12.2,12.51,0
59,1,6.0,23,3.79,8,2.08,58,5.86,2,0.74,0.0,0.0,2.31,3.78,162.1,59.05,10547.03,16190.2,634.21,327.91,11112.97,16812.18,8.57,5.69,10.34,11.62,0
41,1,6.0,18,3.61,9,2.78,40,5.32,2,0.67,0.0,0.0,1.95,3.65,166.82,49.75,21452.78,31552.17,856.02,618.48,22451.28,32771.15,12.6,11.18,18.35,22.62,0
48,2,6.23,16,3.41,12,3.1,46,5.51,5,0.98,0.0,0.0,1.77,3.33,166.02,52.5,20997.66,32860.65,838.02,654.7,21968.94,34140.29,12.3,11.83,17.85,23.74,0
53,2,6.21,19,3.71,9,2.71,52,5.7,3,0.87,0.0,0.0,2.38,3.82,158.04,60.86,18894.56,29508.62,784.85,589.71,19780.17,30655.11,11.44,10.52,16.27,21.28,0
61,2,6.18,20,3.78,11,2.68,60,5.91,3,0.69,0.0,0.0,1.95,3.3,172.03,47.82,14249.72,22103.12,706.1,437.54,14949.28,22960.64,9.73,7.88,12.82,15.93,0
44,1,6.0,17,3.6,6,2.28,43,5.43,2,0.64,0.0,0.0,2.14,3.64,172.23,42.88,18184.65,30203.42,800.98,595.37,19061.49,31369.48,11.49,10.86,16.09,21.64,0
39,2,6.29,16,3.48,8,2.48,38,5.25,3,0.91,0.0,0.0,2.0,3.78,163.5,58.15,18167.39,31062.16,783.29,620.34,19034.29,32268.23,11.32,11.19,15.92,22.39,0
47,2,6.48,22,4.04,7,2.34,46,5.52,4,1.11,0.0,0.0,3.22,3.76,151.26,66.72,11530.43,22300.53,634.22,459.01,12118.13,23172.33,8.78,8.07,10.76,16.23,0
30,1,6.0,19,4.12,7,2.47,29,4.86,3,1.0,0.0,0.0,2.59,4.18,155.69,56.91,10227.03,15882.64,639.07,318.75,10798.69,16483.39,8.79,5.5,10.45,11.28,0
38,2,6.89,21,3.99,8,2.55,35,5.08,3,1.08,0.0,0.0,4.32,11.38,171.11,65.28,12902.89,23487.42,684.46,470.72,13556.35,24399.76,9.38,8.53,11.97,16.98,0
37,2,6.31,20,3.8,8,2.5,36,5.17,3,1.11,0.0,0.0,3.61,4.44,141.67,69.08,5892.14,11078.3,533.83,250.77,6291.81,11500.83,7.08,4.12,7.28,8.1,0
30,1,6.0,14,3.17,6,1.79,29,4.86,2,0.8,0.0,0.0,2.34,4.03,155.62,62.5,6281.14,10651.0,552.59,234.3,6688.66,11062.38,7.17,3.85,7.41,7.79,0
35,1,6.0,17,3.42,9,2.43,34,5.09,2,0.73,0.0,0.0,2.06,3.93,165.18,46.55,6311.5,10016.81,572.29,200.71,6738.56,10390.18,7.38,3.49,7.76,7.1,0
53,2,6.63,20,3.92,10,2.8,51,5.66,4,0.93,0.0,0.0,1.94,3.41,174.58,70.51,20598.83,33562.61,838.92,687.09,21552.1,34869.7,12.17,12.51,17.52,24.24,0
142,2,6.08,23,1.95,111,6.36,40,2.31,105,5.99,0.0,0.0,1.03,2.88,37.48,71.98,1762.4,7058.39,264.82,221.75,1874.84,7360.55,4.05,3.09,2.05,5.79,0
40,2,6.28,20,3.65,11,2.71,39,5.29,3,0.79,0.0,0.0,1.69,3.61,171.21,36.87,7272.41,11631.51,592.38,236.84,7731.59,12068.14,7.67,4.22,8.36,8.23,0
29,2,6.39,13,3.09,8,2.11,28,4.81,3,0.81,0.0,0.0,1.39,3.42,173.04,45.25,7847.86,11091.7,589.75,233.12,8314.29,11519.33,7.57,4.08,8.5,8.05,0
32,1,6.0,19,3.66,8,2.12,31,4.95,2,1.0,0.0,0.0,4.52,4.7,121.48,76.74,5916.1,11125.47,521.55,268.02,6317.71,11552.35,7.19,4.15,7.32,8.22,0
29,2,6.39,13,3.13,7,1.94,28,4.81,3,1.02,0.0,0.0,2.36,4.11,160.25,58.12,9943.68,14532.93,627.68,303.47,10504.32,15089.15,8.5,5.21,10.25,10.45,0
36,2,6.31,13,3.0,6,1.92,35,5.13,3,0.9,0.0,0.0,1.94,3.9,170.11,47.35,20607.49,32106.22,841.43,625.67,21587.03,33341.52,12.29,11.38,18.0,22.93,0
39,2,6.29,17,3.52,10,2.14,37,5.2,5,1.35,0.0,0.0,2.66,4.19,140.34,75.46,7420.05,11698.98,547.82,282.42,7862.63,12157.2,7.37,4.5,8.08,8.69,0
40,2,6.28,16,3.46,7,2.01,39,5.29,3,0.9,0.0,0.0,1.97,3.9,166.85,52.64,18351.97,30534.74,799.62,609.45,19234.44,31714.16,11.56,11.04,16.21,21.9,0
26,2,6.88,17,3.81,10,3.03,25,4.64,4,1.34,0.0,0.0,3.52,4.23,143.44,64.36,11135.4,25166.38,628.16,519.06,11729.32,26151.82,8.84,9.2,10.88,18.36,0
35,1,6.0,13,2.87,7,1.71,34,5.09,2,0.52,0.0,0.0,1.15,3.14,176.06,41.73,8789.5,11796.56,622.88,250.84,9294.38,12249.36,8.12,4.42,9.21,8.47,0
33,2,6.34,25,4.44,8,2.41,32,5.0,3,1.17,0.0,0.0,4.47,4.78,127.66,68.84,5134.63,12338.07,518.91,274.59,5524.19,12809.15,7.06,4.58,7.09,9.03,0
32,1,6.0,11,2.89,5,1.87,31,4.95,2,0.87,0.0,0.0,3.1,4.18,154.55,63.56,11885.81,22296.26,671.0,452.63,12518.39,23153.19,9.39,8.01,11.58,15.97,0
37,2,6.31,16,3.55,11,2.94,36,5.17,4,0.86,0.0,0.0,1.19,3.1,168.97,49.16,21335.92,35201.08,841.36,694.93,22319.75,36572.36,12.31,12.62,18.08,25.42,0
56,2,6.4,24,3.98,8,2.66,55,5.78,4,1.06,0.0,0.0,2.73,4.02,153.27,64.06,18482.0,30991.42,777.67,632.14,19352.84,32196.83,11.4,11.28,16.0,22.38,0
38,2,6.3,20,3.96,11,3.02,37,5.21,3,0.74,0.0,0.0,1.73,3.39,171.11,40.99,23420.62,35646.24,886.84,696.32,24487.76,37029.28,13.11,12.7,19.62,25.65,0
24,2,7.43,22,4.44,9,3.03,22,4.44,4,1.54,0.0,0.0,5.09,4.6,133.65,106.43,2107.13,5378.92,459.39,183.93,2373.65,5582.54,5.91,2.86,4.83,4.57,0
32,2,6.35,12,3.02,9,2.61,31,4.95,3,0.83,0.0,0.0,1.48,3.25,164.9,59.2,28056.23,42774.3,966.39,865.73,29291.26,44449.3,14.68,15.72,22.74,31.04,0
26,2,6.44,20,4.18,10,3.03,25,4.64,3,1.2,0.0,0.0,4.96,4.8,121.6,66.95,8294.68,18012.58,580.64,371.4,8810.84,18687.77,8.32,6.3,9.44,12.73,0
17,2,6.69,16,4.0,7,2.61,16,4.0,4,1.42,0.0,0.0,6.06,4.71,97.25,67.36,314.63,225.54,407.38,148.09,526.0,378.28,5.56,2.37,3.81,3.03,0
20,2,6.58,12,2.98,8,2.29,19,4.25,3,1.11,0.0,0.0,2.47,4.16,153.58,63.39,5559.21,9661.05,526.0,225.69,5932.58,10035.09,6.74,3.74,6.79,7.16,0
38,2,6.3,16,3.35,7,2.19,37,5.21,3,0.97,0.0,0.0,2.57,3.95,155.81,63.63,10865.14,21521.73,630.57,437.69,11444.16,22357.7,8.62,7.74,10.59,15.57,0
25,1,6.0,17,3.82,6,2.37,24,4.58,2,1.0,0.0,0.0,4.92,4.69,129.46,65.81,5342.33,12556.2,544.46,264.23,5758.83,13022.24,7.5,4.42,7.58,8.93,0
35,1,6.0,16,3.43,7,2.15,34,5.09,2,0.67,0.0,0.0,2.06,3.73,165.91,51.92,15868.12,31987.33,746.62,626.73,16649.12,33229.94,10.59,11.38,14.32,23.06,0
36,1,6.0,15,3.19,6,1.84,35,5.13,2,0.78,0.0,0.0,2.31,4.04,161.14,60.1,8606.94,12392.95,600.97,261.2,9104.89,12866.23,7.97,4.4,9.09,8.91,0
27,2,6.42,20,4.1,8,2.62,26,4.7,4,1.39,0.0,0.0,4.54,4.77,124.38,74.08,3743.81,8371.72,485.08,218.26,4069.81,8692.87,6.5,3.42,5.92,6.42,0
30,2,6.76,17,3.76,7,2.57,29,4.86,4,1.25,0.0,0.0,7.03,18.47,165.45,75.46,15727.07,34224.89,750.21,667.46,16510.45,35552.33,10.72,12.15,14.38,24.66,0
29,2,6.39,15,3.59,7,2.19,28,4.81,3,0.96,0.0,0.0,2.82,3.69,156.86,61.68,16202.18,30899.52,725.14,618.4,16970.82,32107.33,10.36,11.11,14.11,22.42,0
29,1,6.0,21,4.16,8,2.71,28,4.81,2,0.97,0.0,0.0,4.18,4.5,134.64,66.9,8656.32,23159.19,590.43,465.68,9168.46,24051.32,8.25,8.22,9.36,16.65,0
20,2,6.58,18,4.14,9,2.93,19,4.25,3,1.24,0.0,0.0,5.16,4.9,123.95,58.74,772.53,1593.9,453.74,115.79,1020.84,1655.17,5.95,2.09,4.47,2.7,0
19,2,6.61,12,3.26,9,2.89,18,4.17,3,1.13,0.0,0.0,2.44,3.98,145.0,71.26,27750.06,41346.53,934.56,844.57,28971.28,42972.11,14.44,15.08,22.5,30.14,0
29,2,7.57,18,3.91,9,3.1,26,4.66,4,1.52,0.0,0.0,3.11,4.13,150.5,101.69,18278.96,35540.98,747.21,724.74,19127.46,36933.3,10.93,12.96,15.61,25.84,0
37,2,6.31,21,3.71,7,2.06,36,5.17,3,1.13,0.0,0.0,3.78,4.75,146.08,62.66,5722.75,9858.73,552.36,216.42,6140.86,10220.18,7.36,3.6,7.61,7.02,0
30,2,6.38,17,3.53,8,2.46,29,4.86,3,0.87,0.0,0.0,1.79,3.76,172.72,36.9,6686.48,10559.77,580.38,208.39,7128.07,10956.27,7.41,3.78,8.03,7.51,0
32,1,6.0,9,2.56,5,0.95,31,4.95,2,0.71,0.0,0.0,1.68,3.45,161.29,66.89,8564.0,11856.77,578.97,267.81,9036.06,12328.02,7.55,4.4,8.61,8.82,0
37,1,6.0,23,4.09,7,2.08,36,5.17,2,0.99,0.0,0.0,4.25,4.78,136.42,65.33,4513.78,7664.77,531.69,182.09,4892.89,7935.69,7.14,2.8,6.89,5.46,0
43,1,6.0,17,3.49,7,2.2,42,5.39,3,0.75,0.0,0.0,1.9,3.29,166.33,54.1,20329.81,35815.49,825.67,713.36,21274.52,37219.91,12.05,12.95,17.36,26.04,0
42,2,6.27,12,2.84,9,2.66,41,5.36,3,0.7,0.0,0.0,1.76,3.13,173.12,46.7,23227.56,31809.83,876.83,626.79,24275.46,33049.72,12.88,11.38,19.27,22.99,0
44,2,6.51,19,3.63,8,2.12,43,5.43,4,1.12,0.0,0.0,4.79,15.67,157.58,67.36,7854.84,11272.22,576.05,259.8,8312.37,11712.98,7.6,4.28,8.35,8.35,0
43,2,6.26,19,3.74,10,2.58,42,5.39,3,0.9,0.0,0.0,2.1,3.93,165.55,51.89,18155.24,30048.79,790.98,589.16,19036.95,31206.57,11.43,10.65,16.19,21.5,0
62,1,6.0,18,3.57,8,2.45,61,5.93,2,0.6,0.0,0.0,1.74,3.43,171.21,48.55,19096.64,21035.95,808.52,416.12,19993.03,21840.12,11.64,7.4,16.46,14.95,0
61,2,6.37,21,3.87,8,2.65,59,5.87,3,0.77,0.0,0.0,1.65,3.33,172.52,48.01,24396.47,29151.09,902.45,581.31,25492.8,30281.84,13.37,10.51,20.17,20.98,0
37,2,6.31,23,4.25,11,3.14,36,5.17,4,1.22,0.0,0.0,3.03,4.39,145.17,64.04,21122.28,33472.71,830.44,665.51,22117.67,34760.17,12.53,11.81,18.31,23.92,0
36,1,6.0,16,3.42,7,2.3,35,5.13,2,0.78,0.0,0.0,2.69,3.98,162.54,54.2,8805.54,14589.17,617.34,302.08,9316.06,15140.72,8.26,5.3,9.31,10.35,0
42,2,6.54,16,3.58,9,2.79,40,5.31,3,0.87,0.0,0.0,1.85,3.32,167.32,53.24,31489.78,39111.81,1023.71,780.84,32853.39,40643.1,15.71,14.13,25.12,28.38,0
65,2,6.17,24,3.96,8,2.75,64,6.0,3,0.9,0.0,0.0,2.56,3.92,159.61,57.91,24841.75,38530.16,912.73,759.64,25971.19,40024.33,13.78,13.72,20.78,27.72,0
34,2,7.0,18,3.87,9,2.64,32,4.98,4,1.18,0.0,0.0,2.09,3.78,168.12,86.09,35669.21,41343.94,1117.09,826.91,37207.64,42954.03,17.45,14.91,28.36,29.85,0
30,1,6.0,14,3.55,8,2.72,29,4.86,2,0.66,0.0,0.0,2.34,3.64,168.34,45.52,16712.38,20305.15,769.03,396.46,17524.52,21077.57,10.97,7.05,14.9,14.38,0
48,1,6.0,22,4.0,7,2.52,47,5.55,2,0.78,0.0,0.0,2.64,4.04,162.0,55.8,15894.49,30863.22,752.38,615.77,16680.96,32057.2,10.77,11.15,14.43,22.18,0
41,2,6.28,21,3.9,9,2.41,40,5.32,4,1.16,0.0,0.0,2.5,4.09,148.03,71.05,21871.6,31702.81,829.83,650.51,22873.15,32935.61,12.45,11.48,18.43,22.89,0
48,2,6.7,20,3.77,9,2.75,46,5.51,4,0.94,0.0,0.0,1.72,3.39,173.91,41.23,13162.94,17917.12,683.96,358.37,13827.45,18606.47,9.32,6.42,12.17,12.85,0
34,1,6.0,17,3.78,8,2.87,33,5.04,2,0.92,0.0,0.0,3.64,4.33,145.36,65.99,24831.85,37190.6,906.39,735.9,25971.24,38625.89,13.91,13.09,20.97,26.64,0
57,1,6.0,19,3.57,8,2.63,56,5.81,2,0.68,0.0,0.0,2.32,3.58,165.54,54.61,20421.96,29068.25,837.14,585.52,21367.64,30195.04,12.27,10.53,17.38,20.91,0
29,2,6.39,15,3.41,8,2.71,28,4.81,3,1.02,0.0,0.0,3.39,4.05,161.89,49.81,14514.43,20776.36,717.46,402.75,15247.0,21561.13,10.14,7.18,13.43,14.65,0
38,2,6.59,18,3.33,9,2.91,37,5.21,4,1.14,0.0,0.0,2.51,3.7,153.84,62.49,21384.57,33167.54,819.41,670.76,22358.89,34460.91,12.19,11.95,17.92,24.0,0
3,1,17.0,1,0.0,2,1.0,2,1.0,2,1.0,0.0,0.0,3.0,3.0,249.0,201.0,0.0,0.0,480.0,348.0,0.0,0.0,5.5,3.5,0.0,0.0,0
4,1,17.0,3,1.58,1,0.0,1,0.0,1,0.0,0.0,0.0,0.0,0.0,205.33,6.13,0.0,0.0,247.33,6.13,0.0,0.0,1.0,0.0,0.0,0.0,0
2,1,17.0,1,0.0,1,0.0,1,0.0,1,0.0,0.0,0.0,0.0,0.0,201.0,0.0,0.0,0.0,243.0,0.0,0.0,0.0,1.0,0.0,0.0,0.0,0
2,1,17.0,1,0.0,1,0.0,1,0.0,1,0.0,0.0,0.0,0.0,0.0,201.0,0.0,0.0,0.0,243.0,0.0,0.0,0.0,1.0,0.0,0.0,0.0,0
2,1,17.0,1,0.0,1,0.0,1,0.0,1,0.0,0.0,0.0,0.0,0.0,201.0,0.0,0.0,0.0,243.0,0.0,0.0,0.0,1.0,0.0,0.0,0.0,0
2,1,17.0,1,0.0,1,0.0,1,0.0,1,0.0,0.0,0.0,0.0,0.0,201.0,0.0,0.0,0.0,243.0,0.0,0.0,0.0,1.0,0.0,0.0,0.0,0
5,1,17.0,3,1.5,1,0.0,2,1.0,2,1.0,0.0,0.0,3.0,3.0,222.75,191.07,0.0,0.0,285.75,202.57,0.0,0.0,1.5,0.5,0.0,0.0,0
3,1,17.0,1,0.0,1,0.0,2,1.0,2,1.0,0.0,0.0,0.0,0.0,150.5,50.5,0.0,0.0,213.5,29.5,0.0,0.0,1.5,0.5,0.0,0.0,0
2,1,17.0,1,0.0,1,0.0,1,0.0,1,0.0,0.0,0.0,0.0,0.0,201.0,0.0,0.0,0.0,243.0,0.0,0.0,0.0,1.0,0.0,0.0,0.0,0
2,1,17.0,1,0.0,1,0.0,1,0.0,1,0.0,0.0,0.0,0.0,0.0,201.0,0.0,0.0,0.0,243.0,0.0,0.0,0.0,1.0,0.0,0.0,0.0,0
2,1,17.0,1,0.0,1,0.0,1,0.0,1,0.0,0.0,0.0,0.0,0.0,201.0,0.0,0.0,0.0,243.0,0.0,0.0,0.0,1.0,0.0,0.0,0.0,0
2,1,17.0,1,0.0,1,0.0,1,0.0,1,0.0,0.0,0.0,0.0,0.0,201.0,0.0,0.0,0.0,243.0,0.0,0.0,0.0,1.0,0.0,0.0,0.0,0
1,0,0.0,0,0.0,0,0.0,0,0.0,0,0.0,0.0,0.0,0.0,0.0,0.0,0.0,0.0,0.0,0.0,0.0,0.0,0.0,0.0,0.0,0.0,0.0,0
3,1,17.0,2,1.0,1,0.0,1,0.0,1,0.0,0.0,0.0,0.0,0.0,201.0,0.0,0.0,0.0,243.0,0.0,0.0,0.0,1.0,0.0,0.0,0.0,0
3,1,17.0,2,1.0,1,0.0,2,1.0,2,1.0,0.0,0.0,0.5,0.5,175.5,25.5,0.0,0.0,259.5,16.5,0.0,0.0,2.0,1.0,0.0,0.0,0
1,0,0.0,0,0.0,0,0.0,0,0.0,0,0.0,0.0,0.0,0.0,0.0,0.0,0.0,0.0,0.0,0.0,0.0,0.0,0.0,0.0,0.0,0.0,0.0,0
2,1,17.0,1,0.0,1,0.0,1,0.0,1,0.0,0.0,0.0,0.0,0.0,214.0,0.0,0.0,0.0,256.0,0.0,0.0,0.0,1.0,0.0,0.0,0.0,0
1,0,0.0,0,0.0,0,0.0,0,0.0,0,0.0,0.0,0.0,0.0,0.0,0.0,0.0,0.0,0.0,0.0,0.0,0.0,0.0,0.0,0.0,0.0,0.0,0
2,1,17.0,1,0.0,1,0.0,1,0.0,1,0.0,0.0,0.0,0.0,0.0,201.0,0.0,0.0,0.0,243.0,0.0,0.0,0.0,1.0,0.0,0.0,0.0,0
86,2,6.26,84,6.39,14,3.55,85,6.41,3,0.18,0.0,0.0,0.0,0.0,174.99,8.64,398.96,61.93,447.93,36.67,617.69,95.89,4.92,0.54,3.91,0.61,0
1828,2,6.01,446,8.65,16,3.86,1203,10.1,2,0.01,0.0,0.0,0.33,1.59,172.39,12.68,295029.26,1227974.13,7693.44,30267.89,306802.43,1276116.13,136.07,546.9,217.87,891.52,0
2687,1,6.0,658,9.17,15,3.83,1777,10.64,1,0.0,0.0,0.0,0.8,3.3,174.93,21.91,186979.92,949706.07,5248.14,24375.86,194510.02,986908.14,90.05,432.53,139.3,688.93,0
4574,2,6.01,939,9.75,24,3.86,2856,11.21,58,0.27,0.0,0.0,1.33,6.78,799.44,7711.74,103026.29,735370.1,3681.86,19920.1,107315.88,764179.25,50.94,321.33,79.29,533.71,0
4763,2,6.0,932,9.71,27,3.92,3219,11.44,74,0.34,0.0,0.0,2.54,11.98,573.57,3427.15,150016.96,916134.97,4601.07,22946.08,156131.89,952031.21,71.01,400.08,113.09,664.92,0
4710,1,6.0,937,9.74,29,3.9,3364,11.58,8,0.18,0.0,0.0,3.05,14.92,838.68,18031.61,145576.4,893208.55,4764.31,28865.47,151569.01,928242.0,69.23,387.72,110.82,649.6,0
4757,2,6.0,952,9.77,37,3.93,3847,11.81,15,0.18,0.0,0.0,3.48,16.69,1600.41,70850.88,156131.08,898416.29,5817.89,76822.04,162535.4,933615.38,74.39,393.1,118.43,652.77,0
4784,2,6.0,957,9.76,43,3.97,4055,11.9,19,0.23,0.0,0.0,3.34,16.97,2489.78,71633.97,138845.26,858983.33,6367.86,77356.95,144651.75,892755.42,68.44,380.81,107.33,628.19,0
4556,1,6.0,922,9.72,44,3.96,3613,11.69,24,0.21,0.0,0.0,3.18,16.46,2411.93,63387.0,152388.18,931932.56,6566.78,69689.0,158638.23,968430.4,73.33,409.39,115.55,676.49,0
4770,1,6.0,959,9.77,51,3.98,3801,11.76,28,0.22,0.0,0.0,3.64,18.66,4408.73,114797.03,154116.41,907483.32,8706.54,122309.25,160525.16,943036.12,75.98,409.19,118.43,661.96,0
4656,1,6.0,946,9.74,51,3.98,3972,11.86,27,0.23,0.0,0.0,3.43,16.26,2056.74,41405.54,156392.33,897447.21,6287.77,48246.55,162838.08,932719.13,74.64,390.17,119.18,655.34,0
4716,2,6.0,950,9.74,62,3.97,3811,11.76,41,0.29,0.0,0.0,3.35,17.43,4616.18,105845.79,153123.01,910672.6,8863.39,112145.71,159494.65,946350.58,75.07,401.37,117.75,662.74,0
4612,2,6.0,970,9.75,63,4.02,3628,11.66,42,0.32,0.0,0.0,3.32,19.45,138702.34,8997111.19,130049.56,827556.85,147662.91,9349141.2,138271.34,878314.18,162.88,6528.69,151.98,3380.67,0
4571,2,6.0,939,9.74,58,3.99,3737,11.74,37,0.24,0.0,0.0,3.55,17.77,6489.42,174694.93,134982.86,824917.19,10362.77,182555.46,140670.61,857232.44,68.54,379.85,105.05,603.32,0
4419,1,6.0,933,9.71,51,3.96,3737,11.77,28,0.26,0.0,0.0,4.4,22.89,3930.69,84490.75,158954.33,886146.28,8349.29,90345.88,165580.82,920936.55,78.04,391.69,122.49,646.74,0
4635,2,6.0,952,9.71,56,4.02,3847,11.78,35,0.32,0.0,0.0,4.25,21.98,5378.89,124681.82,153493.74,896073.06,9724.8,131381.34,159966.33,931624.87,76.8,407.26,119.6,666.98,0
4492,2,6.0,940,9.7,60,3.99,3676,11.71,42,0.3,0.0,0.0,4.25,20.81,4095.8,70735.78,168846.0,939801.39,8748.12,77476.38,175852.24,976659.84,82.12,411.58,129.51,684.66,0
4453,1,6.0,942,9.73,56,3.96,3740,11.76,34,0.26,0.0,0.0,3.71,18.74,5616.25,134112.88,153173.29,891478.24,10013.74,141203.79,159750.37,928232.48,77.74,428.69,121.54,706.1,0
4580,2,6.01,960,9.75,67,4.06,3938,11.84,46,0.32,0.0,0.0,3.92,20.26,6855.82,141834.03,151686.64,884091.03,11222.62,149161.78,158128.96,918785.72,77.28,400.23,119.0,647.22,0
4523,2,6.0,944,9.71,56,3.96,3922,11.84,36,0.32,0.0,0.0,3.67,18.32,9099.62,198368.6,144479.03,874951.29,13367.38,207123.43,150665.61,909376.78,75.57,409.59,114.22,645.55,0
4333,1,6.0,955,9.73,52,4.0,3876,11.85,29,0.29,0.0,0.0,3.69,19.64,4085.88,100360.55,143635.8,871611.18,8193.32,107696.06,149698.42,905950.81,72.54,398.54,112.03,641.86,0
4505,1,6.0,938,9.74,50,3.98,3963,11.87,29,0.24,0.0,0.0,4.37,19.73,4261.87,93530.62,163436.57,904401.14,8815.78,99833.78,170240.25,939938.93,80.37,403.33,125.75,661.42,0
4399,1,6.0,933,9.71,57,3.98,3837,11.81,33,0.28,0.0,0.0,4.15,20.98,4562.17,90903.24,169208.3,969854.08,9214.28,97236.85,176207.9,1007868.19,82.13,425.25,129.38,705.7,0
4514,2,6.0,948,9.68,53,4.01,4136,11.96,30,0.34,0.0,0.0,3.91,22.84,5362.6,133307.05,148265.22,860674.55,9589.49,140058.8,154553.47,894733.21,74.72,392.43,116.19,638.3,0
4365,2,6.0,914,9.66,46,3.97,3996,11.91,25,0.28,0.0,0.0,3.67,18.67,3997.65,93755.93,168453.19,947756.54,8579.77,99995.54,175372.75,984865.69,80.89,414.54,127.91,688.36,0
4228,2,6.01,938,9.72,53,3.99,3850,11.85,30,0.27,0.0,0.0,2.98,13.96,2961.14,59206.07,145439.99,862764.34,6959.02,64957.52,151443.61,896559.08,70.6,377.21,110.97,626.51,0
4290,1,6.0,937,9.71,51,3.97,3945,11.89,28,0.27,0.0,0.0,4.15,20.51,5010.1,116206.41,159226.71,876064.94,9539.99,122582.79,165990.0,910640.31,80.11,394.41,124.99,646.39,0
4524,2,6.0,944,9.72,43,3.97,4233,12.0,38,0.31,0.0,0.0,3.89,20.87,3390.93,80503.63,163577.83,935284.2,8003.66,87939.09,170528.25,973335.41,81.55,439.04,128.48,724.78,0
4444,2,6.0,947,9.7,51,4.04,4199,11.99,54,0.4,0.0,0.0,3.91,19.15,5402.6,107315.45,171398.01,946350.67,10253.02,114202.83,178651.99,983955.12,85.72,429.17,134.07,705.96,0
4314,1,6.0,938,9.73,49,4.0,3990,11.91,27,0.26,0.0,0.0,2.96,14.72,3558.18,87335.56,124291.11,793062.74,7057.01,92736.26,129508.4,824155.67,61.86,348.97,96.4,577.63,0
4199,2,6.01,945,9.72,55,4.04,3907,11.88,61,0.41,0.0,0.0,4.02,20.76,5587.58,160561.19,163862.61,943127.67,10270.02,168615.67,170876.83,981912.85,82.75,460.74,129.64,744.6,0
4336,2,6.0,938,9.69,61,4.08,4042,11.92,73,0.45,0.0,0.0,3.56,18.16,3828.31,77752.34,154443.43,912738.02,8121.19,83930.55,160868.26,948534.89,75.81,401.61,118.75,664.87,0
4140,1,6.0,944,9.71,61,4.04,3939,11.89,39,0.33,0.0,0.0,4.31,21.15,4652.07,80239.5,173255.29,962471.27,9463.59,86534.83,180458.09,1000227.45,84.99,424.39,133.13,701.31,0
4255,2,6.01,943,9.75,59,4.01,4053,11.94,39,0.28,0.0,0.0,4.57,24.37,9013.39,204075.62,156013.06,900412.77,13584.45,213109.71,162658.98,935840.01,80.89,423.09,122.73,664.36,0
4207,1,6.0,938,9.7,54,4.0,3953,11.9,52,0.36,0.0,0.0,4.92,23.93,5407.11,113533.79,180526.37,964920.05,10499.69,120318.92,188093.74,1002892.07,89.92,434.41,139.87,707.96,0
4167,2,6.0,932,9.69,47,4.03,3877,11.87,68,0.43,0.0,0.0,4.34,24.07,8469.5,185928.96,151973.53,883515.92,12894.29,194676.96,158416.55,918129.38,78.29,409.69,118.97,647.3,0
4155,2,6.01,919,9.65,63,4.02,3888,11.86,48,0.38,0.0,0.0,4.48,21.62,6471.47,125101.55,184877.28,972128.77,11704.05,135193.17,192638.96,1010273.03,92.53,452.8,143.41,714.39,0
4087,2,6.0,937,9.71,51,3.99,3821,11.85,32,0.31,0.0,0.0,3.88,19.93,4139.52,80942.3,157704.17,910995.7,8590.82,87306.23,164352.47,946959.15,78.68,407.99,122.88,671.29,0
3938,1,6.0,932,9.67,55,4.06,3669,11.79,46,0.39,0.0,0.0,3.92,19.87,4073.15,86729.08,167636.25,955270.68,8878.46,93652.97,174810.52,994668.19,84.9,463.83,132.62,755.61,0
4272,2,6.0,932,9.67,52,4.0,4046,11.94,53,0.41,0.0,0.0,4.08,19.84,4832.21,124134.99,168821.21,949957.26,9572.8,131043.58,175859.35,987296.44,83.67,428.18,130.08,695.72,0
4036,2,6.01,914,9.66,57,4.05,3959,11.92,44,0.36,0.0,0.0,4.57,23.11,7282.41,139998.64,154456.09,877047.82,11723.24,146915.42,161014.17,911501.04,78.56,395.49,121.14,642.77,0
3980,1,6.0,911,9.67,48,4.01,3861,11.88,38,0.33,0.0,0.0,4.52,22.76,5638.02,146070.52,196886.41,1009746.96,11082.06,154017.55,205066.2,1049462.1,96.13,456.46,151.2,741.33,0
3807,2,6.01,945,9.69,52,4.06,3713,11.83,54,0.42,0.0,0.0,4.4,23.51,4891.4,92976.03,175936.41,961560.74,9895.53,99586.02,183511.69,1000624.6,88.45,445.9,140.04,743.18,0
3656,2,6.0,898,9.58,58,4.06,3548,11.75,42,0.42,0.0,0.0,4.51,22.68,11075.15,173864.29,192567.58,1001067.13,16598.5,182761.78,200720.86,1040340.06,97.76,454.9,150.59,733.93,0
3387,1,6.0,855,9.55,50,4.04,3320,11.66,35,0.36,0.0,0.0,4.88,23.77,10358.7,181619.6,230142.72,1091059.75,16828.88,190529.48,239844.13,1134119.65,114.47,496.56,179.3,806.84,0
3288,1,6.0,860,9.52,61,4.12,3137,11.56,54,0.41,0.0,0.0,4.4,20.89,13559.15,207208.16,211634.17,978733.37,19646.8,216392.01,220650.84,1017257.95,107.79,449.59,166.53,722.77,0
3062,1,6.0,800,9.45,48,4.1,2853,11.42,56,0.45,0.0,0.0,3.71,21.2,7613.38,140767.94,230746.3,1081552.52,13938.89,150155.22,240317.45,1123919.17,111.98,486.32,176.9,790.17,0
3208,2,6.0,830,9.48,61,4.14,3070,11.52,61,0.48,0.0,0.0,2.91,15.16,14218.24,239806.87,164979.45,873961.03,19201.13,251141.93,172134.11,908323.1,88.49,428.54,132.0,650.07,0
3158,2,6.02,789,9.39,47,4.07,3131,11.59,38,0.41,0.0,0.0,3.85,19.73,18046.76,319967.94,224064.71,1037941.94,24816.42,338267.06,233721.36,1078694.6,120.21,573.59,178.17,784.77,0
3134,2,6.0,778,9.4,43,4.06,3100,11.58,27,0.3,0.0,0.0,3.56,15.37,14139.99,272719.2,205466.47,993735.43,20150.87,284631.24,214249.46,1032956.08,106.51,483.55,162.18,741.25,0
2969,1,6.0,767,9.35,41,4.1,2855,11.45,36,0.39,0.0,0.0,4.08,20.07,12215.67,244894.36,209784.94,991014.53,18281.0,255579.71,218749.41,1030325.61,107.39,474.51,165.6,743.29,0
3151,2,6.0,782,9.38,50,4.13,3084,11.56,61,0.51,0.0,0.0,4.4,20.96,18100.83,279145.86,231202.87,1058802.68,25182.92,297949.53,241272.91,1100527.08,125.79,588.89,185.81,807.98,0
3035,2,6.0,764,9.35,41,4.04,2959,11.51,30,0.36,0.0,0.0,3.74,17.07,12004.06,245067.84,214125.34,1004081.44,18279.34,256938.18,223340.15,1044021.43,111.27,495.69,170.2,758.97,0
3014,1,6.0,760,9.38,39,4.06,2969,11.52,27,0.33,0.0,0.0,4.03,18.75,11066.56,239271.33,238511.56,1054197.82,17934.04,255618.93,248615.04,1095771.8,121.71,554.7,186.64,794.64,0
3052,2,6.01,760,9.35,37,4.05,3038,11.56,40,0.4,0.0,0.0,4.08,21.94,4127.24,132477.49,222075.06,1007080.46,10205.33,140680.42,231272.63,1046784.15,107.4,459.48,170.08,742.66,0
3006,2,6.01,755,9.3,39,4.09,2953,11.51,49,0.49,0.0,0.0,3.73,19.39,2598.24,71400.41,227949.55,1051229.95,8678.97,78528.15,237223.68,1092564.19,107.38,465.79,171.55,768.45,0
2874,1,6.0,732,9.28,45,4.1,2840,11.45,29,0.38,0.0,0.0,4.52,19.86,9974.11,195995.48,269019.23,1117690.8,17663.55,210974.04,280352.06,1162219.59,136.31,573.07,209.46,849.77,0
2932,2,6.0,727,9.3,34,4.04,2898,11.49,21,0.33,0.0,0.0,3.58,16.84,8229.12,185268.13,241736.72,1057512.55,14981.77,194277.22,251833.42,1099342.25,119.54,491.9,186.65,785.31,0
3002,1,6.0,743,9.31,36,4.09,2965,11.52,35,0.4,0.0,0.0,3.19,17.69,5726.72,154666.03,213035.66,976034.41,11585.06,162389.26,221960.26,1014811.04,103.72,446.5,165.01,729.2,0
3003,2,6.0,751,9.32,37,4.1,2990,11.54,45,0.45,0.0,0.0,3.29,15.64,7281.07,181349.13,245743.69,1088910.21,14238.29,196888.82,256067.57,1131911.4,123.25,553.37,190.82,816.74,0
2967,2,6.01,745,9.33,34,4.08,2928,11.51,24,0.37,0.0,0.0,3.36,18.01,3532.29,80454.92,229178.57,1023935.44,9810.78,87683.5,238731.19,1065410.71,111.07,476.21,176.68,786.91,0
2832,2,6.0,731,9.31,39,4.1,2776,11.42,32,0.37,0.0,0.0,3.1,14.9,3641.12,105076.09,238494.83,1100998.34,10025.12,112398.48,248250.15,1144308.42,113.0,490.86,180.44,806.31,0
2823,1,6.0,738,9.29,35,4.11,2780,11.43,48,0.48,0.0,0.0,3.25,15.59,5889.52,145617.03,225711.05,1002726.06,12291.34,155688.68,235244.83,1042709.56,113.41,482.66,176.24,756.7,0
2928,2,6.0,729,9.26,32,4.08,2921,11.51,34,0.43,0.0,0.0,3.65,17.49,3474.32,86391.79,243427.84,1047043.26,9967.85,93453.23,253366.97,1088212.91,114.89,464.75,183.84,766.23,0
2800,2,6.02,735,9.29,38,4.15,2761,11.42,27,0.38,0.0,0.0,3.82,19.63,6363.7,148534.48,242480.78,1077250.74,13133.27,157921.04,252623.71,1119888.49,119.94,503.28,187.53,800.94,0
2833,1,6.0,747,9.35,33,4.09,2765,11.42,24,0.34,0.0,0.0,4.16,21.22,3032.6,82035.12,261721.12,1137851.16,10193.45,90220.03,272707.64,1184342.16,126.69,537.18,203.25,886.85,0
2747,2,6.01,744,9.33,32,4.07,2683,11.38,25,0.39,0.0,0.0,3.58,18.17,5477.1,177206.32,240611.48,1073116.48,12036.59,186046.25,250574.61,1116369.59,116.18,506.28,184.25,821.01,0
2739,2,6.0,722,9.3,36,4.08,2711,11.4,23,0.35,0.0,0.0,3.78,17.01,5623.77,154080.59,248047.99,1053813.97,12395.09,162219.74,258329.18,1096334.31,119.82,495.12,190.14,806.76,0
2640,1,6.0,717,9.26,36,4.05,2585,11.32,27,0.41,0.0,0.0,4.26,19.51,4292.11,84808.3,277650.71,1143365.23,11783.61,92662.32,288908.07,1188126.11,132.54,510.28,208.22,830.17,0
2825,1,6.0,738,9.31,34,4.08,2737,11.4,36,0.41,0.0,0.0,3.88,17.84,3574.24,106564.65,259631.73,1132894.04,10581.79,114215.29,270241.7,1177584.8,123.85,513.39,196.27,833.74,0
2836,1,6.0,743,9.33,38,4.12,2665,11.34,42,0.45,0.0,0.0,3.84,18.77,7768.36,170060.94,222299.84,1005234.52,14073.78,179609.27,231630.18,1044924.23,111.68,474.46,172.44,746.37,0
2666,2,6.01,727,9.26,40,4.1,2579,11.31,31,0.46,0.0,0.0,4.7,27.54,5821.22,162539.23,274668.31,1144858.58,13611.89,171714.25,286315.56,1192397.01,137.87,581.49,215.42,917.79,0
2742,2,6.01,740,9.31,35,4.13,2718,11.4,27,0.37,0.0,0.0,3.98,16.99,1355.52,35012.77,273489.91,1109428.98,8816.55,46213.3,284739.06,1153448.62,132.0,508.56,208.15,823.73,0
2640,2,6.01,722,9.26,42,4.16,2624,11.34,44,0.5,0.0,0.0,4.17,20.51,8738.38,195482.01,269248.6,1099880.61,16378.41,204960.97,280529.83,1144401.8,135.32,536.53,208.58,848.39,0
2537,1,6.0,717,9.28,38,4.11,2489,11.26,36,0.43,0.0,0.0,3.75,17.17,6458.25,133810.85,258504.6,1078213.25,13847.79,142494.11,269397.05,1122123.29,130.97,526.88,201.42,839.08,0
2728,2,6.0,731,9.3,37,4.09,2695,11.38,32,0.4,0.0,0.0,3.73,16.74,10385.01,220944.21,256664.19,1074782.8,17758.38,231391.29,267532.64,1117536.79,130.84,518.2,200.88,809.05,0
2690,2,6.0,727,9.27,33,4.08,2676,11.38,21,0.38,0.0,0.0,3.36,15.55,4350.82,146079.01,257489.25,1044099.07,11305.66,153933.41,268124.4,1085502.66,123.25,478.83,196.72,777.01,0
2545,1,6.0,734,9.28,35,4.11,2532,11.3,18,0.35,0.0,0.0,3.64,17.55,7710.37,152435.3,279830.89,1115109.79,15609.22,160871.31,291801.04,1161024.06,140.18,542.86,221.38,882.46,0
2600,2,6.01,723,9.25,32,4.07,2590,11.34,36,0.46,0.0,0.0,3.3,16.14,4431.14,131716.65,275147.4,1147879.79,11920.64,141122.95,286496.2,1193989.79,132.68,537.48,209.91,872.73,0
2629,2,6.02,733,9.29,33,4.09,2617,11.35,42,0.49,0.0,0.0,3.72,19.37,1318.63,23924.95,287519.48,1120216.99,9095.57,38406.48,299390.38,1164955.26,137.73,515.02,219.66,841.01,0
2490,1,6.0,717,9.26,33,4.09,2480,11.27,30,0.42,0.0,0.0,2.66,11.34,5535.59,134819.28,283619.65,1117154.9,13437.75,148409.77,295257.2,1161067.41,140.03,548.79,215.22,827.21,0
2526,1,6.0,708,9.2,32,4.08,2468,11.26,20,0.38,0.0,0.0,2.63,10.9,1678.4,45920.9,273269.32,1117394.23,9093.92,55804.14,284638.12,1162186.12,131.41,515.76,210.36,844.35,0
2478,1,6.0,696,9.18,29,4.07,2438,11.24,27,0.43,0.0,0.0,3.05,16.24,2537.8,69143.36,286208.04,1142340.89,10290.87,80342.82,298049.62,1187793.9,137.55,529.28,219.07,854.71,0
2532,2,6.0,712,9.22,31,4.08,2527,11.3,32,0.46,0.0,0.0,2.43,11.8,6013.28,168979.53,283655.88,1106139.89,13779.92,177775.33,295385.64,1150843.51,137.63,532.21,216.95,849.85,0
2475,2,6.0,705,9.23,29,4.08,2468,11.27,23,0.39,0.0,0.0,2.35,10.0,2481.58,66044.69,273965.14,1115068.22,9820.17,74869.84,285082.33,1158916.46,130.02,504.38,205.66,816.09,0
2481,2,6.01,710,9.22,28,4.11,2365,11.18,20,0.36,0.0,0.0,2.58,12.46,763.41,9989.49,280539.12,1157162.95,8392.52,34107.51,292334.54,1206249.0,135.08,577.96,218.28,954.0,0
2500,1,6.0,714,9.21,23,4.06,2368,11.18,17,0.39,0.0,0.0,2.53,9.92,573.61,2112.36,284031.59,1136982.2,7968.87,28371.54,295460.48,1181683.78,130.88,501.73,211.49,830.14,0
2552,2,6.01,730,9.28,30,4.09,2484,11.26,25,0.39,0.0,0.0,2.83,12.98,1768.3,59706.46,281550.2,1142599.47,9277.62,71733.29,293040.6,1188140.27,132.93,527.12,212.58,856.64,0
2479,2,6.0,721,9.24,27,4.11,2423,11.23,21,0.4,0.0,0.0,2.43,9.99,577.47,2446.8,271980.5,1111131.26,7664.09,27699.85,282870.82,1154649.94,125.41,489.48,201.52,805.91,0
2455,1,6.0,707,9.22,31,4.12,2418,11.23,24,0.38,0.0,0.0,3.14,15.29,3741.25,99568.97,301597.21,1190032.73,12126.33,113381.07,314289.8,1238400.44,148.72,584.76,234.78,926.82,0
2446,2,6.01,716,9.22,31,4.09,2435,11.25,33,0.47,0.0,0.0,3.17,15.62,1847.5,44365.46,299413.95,1089875.17,9948.58,54576.2,311877.61,1135254.83,143.51,526.21,230.62,874.71,0
2344,2,6.0,714,9.22,30,4.11,2341,11.19,26,0.44,0.0,0.0,2.44,19.21,2410.69,86941.76,147737.68,824728.67,6713.72,98203.46,154148.55,858843.52,76.26,428.87,118.5,662.25,0
2328,1,6.0,707,9.22,27,4.13,2311,11.17,27,0.44,0.0,0.0,2.44,11.76,2939.91,114133.7,174172.25,965539.72,7709.62,120885.94,181568.42,1004005.94,84.47,430.36,136.76,723.05,0
2297,1,6.0,706,9.21,29,4.08,2293,11.16,22,0.42,0.0,0.0,1.85,9.49,653.93,2676.98,156988.34,864922.66,4952.83,21834.57,163782.83,899889.98,76.09,384.3,125.67,662.1,0
2215,2,6.01,706,9.22,32,4.1,2202,11.1,26,0.46,0.0,0.0,1.74,9.34,2119.65,51937.99,102316.21,696309.26,5095.01,56737.37,106847.57,724604.17,52.71,316.82,83.73,537.61,0
2257,2,6.0,698,9.19,30,4.12,2215,11.1,29,0.48,0.0,0.0,1.49,9.12,1365.27,33331.78,90361.6,699235.56,3933.59,38530.29,94247.67,726798.42,45.47,301.57,71.8,513.29,0
2232,2,6.01,711,9.24,29,4.11,2154,11.05,29,0.45,0.0,0.0,1.59,8.51,581.28,2246.15,112741.98,756020.97,3613.31,18342.1,117392.81,785619.88,53.66,322.35,85.97,548.14,0
2242,2,6.0,711,9.26,30,4.09,2024,10.93,24,0.42,0.0,0.0,1.62,8.21,630.69,2686.07,92660.48,703190.42,3247.18,17412.27,96629.38,730970.28,46.28,304.15,73.34,517.88,0
2252,1,6.0,722,9.23,32,4.12,2077,10.97,26,0.46,0.0,0.0,2.16,10.23,897.88,14600.7,110101.5,767143.79,3906.18,23960.73,114671.0,797186.64,53.11,328.42,84.46,556.48,0
2203,2,6.0,705,9.2,33,4.09,2146,11.05,22,0.43,0.0,0.0,1.94,9.22,820.86,6742.2,132525.35,856116.44,4408.59,22287.67,138056.5,889991.69,63.38,372.68,102.27,632.16,0
2223,2,6.01,716,9.24,35,4.13,2189,11.09,25,0.44,0.0,0.0,2.15,10.47,605.83,2482.94,158183.05,892699.25,4840.49,22233.66,164716.0,927944.65,74.75,390.42,120.83,656.77,0
2179,1,6.0,705,9.22,32,4.1,2156,11.07,23,0.44,0.0,0.0,2.24,13.06,2593.7,60598.74,146670.03,864350.63,6614.2,66343.09,152794.24,898371.37,71.07,378.13,113.22,633.18,0
2190,2,6.02,720,9.26,31,4.1,2183,11.09,35,0.51,0.0,0.0,2.97,16.76,626.17,2522.62,189388.89,949118.46,5855.74,26093.22,197420.75,988296.25,92.36,460.12,148.59,750.94,0
2181,2,6.01,721,9.27,33,4.09,2142,11.05,23,0.42,0.0,0.0,2.33,10.69,3671.63,100415.31,156849.05,876977.56,7926.32,106364.46,163316.88,911315.09,75.27,381.94,119.56,637.45,0
2121,1,6.0,714,9.27,33,4.08,2068,11.0,23,0.4,0.0,0.0,2.62,11.9,615.91,2771.07,195891.63,978614.66,5734.93,24136.52,203803.87,1016940.66,90.39,423.84,146.37,709.76,0
2162,1,6.0,697,9.25,31,4.06,2151,11.07,22,0.4,0.0,0.0,3.21,14.73,2120.17,55636.88,220033.53,1033052.68,7999.3,63161.16,229097.97,1073848.39,103.83,457.35,167.67,760.95,0
2103,1,6.0,703,9.18,28,4.07,2099,11.03,22,0.47,0.0,0.0,3.03,14.21,3984.58,146536.56,193707.76,947365.65,9342.84,154217.32,201924.49,986535.81,94.69,456.9,151.94,753.85,0
2107,2,6.01,691,9.18,33,4.06,2103,11.04,30,0.48,0.0,0.0,3.59,19.98,1518.48,27733.31,211357.0,1015181.37,7373.17,39327.61,220334.28,1056384.1,103.42,477.78,166.07,782.59,0
2174,2,6.01,711,9.12,34,4.1,2137,11.05,31,0.58,0.0,0.0,3.18,14.22,7326.97,174763.04,250876.79,1095453.73,14289.45,183510.08,261321.93,1138981.73,123.23,511.19,193.13,818.76,0
2164,2,6.02,714,9.21,35,4.13,2107,11.02,36,0.51,0.0,0.0,2.8,12.0,3591.53,89433.12,275467.81,1081131.9,10912.33,96564.01,286745.2,1123899.49,129.47,483.14,208.62,799.5,0
2166,1,6.0,698,9.18,29,4.11,2139,11.06,32,0.48,0.0,0.0,2.65,10.63,4762.35,157231.92,293180.81,1131894.17,12434.8,165526.87,305003.54,1176207.19,135.92,503.95,218.71,823.37,0
2182,2,6.01,716,9.18,33,4.14,2146,11.06,30,0.5,0.0,0.0,2.4,12.01,4914.01,162918.79,322996.28,1166284.44,13771.32,172770.25,336627.59,1215152.13,157.13,587.34,252.17,948.5,0
2063,2,6.01,687,9.18,32,4.1,1989,10.94,16,0.38,0.0,0.0,1.79,6.18,3954.49,85949.37,337599.86,1243998.03,12889.14,96911.99,351377.53,1293080.34,158.53,562.15,254.91,918.03,0
2088,1,6.0,693,9.18,29,4.03,2049,10.99,33,0.5,0.0,0.0,1.88,6.83,2321.1,77219.21,338200.94,1211221.35,11293.09,90064.13,351893.07,1258828.48,159.11,557.07,253.33,889.4,0
2108,2,6.01,716,9.17,30,4.17,2106,11.04,32,0.54,0.0,0.0,1.9,7.89,4341.49,167750.16,330449.5,1222257.21,13471.92,187086.22,344138.24,1270684.09,162.11,635.12,253.2,926.57,0
2071,2,6.01,694,9.18,29,4.06,2069,11.01,29,0.45,0.0,0.0,1.7,8.93,642.39,2904.41,357656.05,1226118.07,10057.64,33439.14,372359.09,1276947.01,167.0,593.76,272.13,976.98,0
2045,1,6.0,688,9.16,27,4.04,2018,10.97,21,0.42,0.0,0.0,1.27,3.81,646.19,3057.43,345605.71,1279945.72,9831.79,32832.93,359379.54,1330062.16,163.01,581.87,254.92,928.09,0
2037,2,6.01,678,9.15,26,4.08,2036,10.99,33,0.49,0.0,0.0,1.48,4.44,659.63,2879.45,338027.12,1217454.04,9390.82,30392.72,351505.92,1265127.74,154.88,538.56,249.45,882.86,0
2111,1,6.0,699,9.17,25,4.1,2110,11.04,34,0.5,0.0,0.0,1.48,7.54,679.46,2991.51,356627.44,1219227.11,9826.37,30073.29,370846.87,1266962.11,162.36,532.98,263.17,884.04,0
2033,2,6.01,684,9.14,26,4.1,2032,10.99,27,0.44,0.0,0.0,0.87,2.63,647.5,3092.2,359163.84,1265470.55,9878.75,31551.28,373556.62,1315208.67,164.51,561.56,266.38,924.02,0
1938,2,6.01,676,9.11,26,4.05,1905,10.89,23,0.46,0.0,0.0,0.63,1.93,709.48,3209.1,369761.9,1258389.19,10174.72,31159.65,384490.08,1307667.25,169.57,557.66,272.59,912.57,0
1933,2,6.01,678,9.1,27,4.07,1925,10.91,34,0.55,0.0,0.0,0.16,0.95,675.14,2619.57,266883.28,1099611.0,7214.37,25708.43,277610.65,1142799.08,119.04,467.56,198.5,799.79,0
1874,1,6.0,668,9.06,26,4.12,1873,10.87,27,0.52,0.0,0.0,0.15,0.96,681.75,2671.02,272503.98,1104074.37,7283.99,25631.67,283463.24,1147484.71,120.91,468.92,202.8,803.91,0
1922,2,6.01,673,9.08,26,4.08,1921,10.91,29,0.55,0.0,0.0,0.17,1.3,695.31,2493.36,213784.83,992158.72,5969.14,23122.54,222439.57,1031182.59,96.48,422.5,160.12,722.68,0
1912,2,6.01,673,9.05,26,4.08,1873,10.86,20,0.45,0.0,0.0,0.24,0.91,718.5,2889.42,345525.34,1254227.51,9501.08,30732.74,359315.01,1303389.92,158.55,555.17,255.21,910.42,0
1950,2,6.02,683,9.07,26,4.1,1915,10.89,37,0.57,0.0,0.0,0.36,2.9,684.15,2924.29,335933.23,1224962.34,8991.59,29227.23,349345.27,1272977.58,150.21,527.91,248.22,889.18,0
1880,2,6.01,676,9.07,26,4.11,1840,10.83,34,0.58,0.0,0.0,0.31,1.38,685.34,2772.99,288384.61,1137630.21,7888.84,27327.23,299950.88,1182290.83,130.58,495.01,214.04,827.06,0
1890,2,6.01,683,9.06,25,4.06,1861,10.85,22,0.49,0.0,0.0,0.12,0.76,703.02,2618.04,261391.85,1081140.76,7132.52,25333.11,271914.98,1123653.53,117.35,461.89,194.72,787.28,0
1810,1,6.0,676,9.09,26,4.09,1809,10.82,19,0.46,0.0,0.0,0.29,1.3,713.63,2998.82,314623.08,1207491.96,8659.21,29370.53,327213.56,1254865.54,143.94,531.16,233.0,877.3,0
1883,1,6.0,695,9.13,27,4.09,1882,10.88,17,0.46,0.0,0.0,0.32,1.52,725.75,3127.61,254736.35,1047624.89,7299.51,25898.61,264975.4,1088710.92,118.74,466.15,189.46,760.87,0
1790,1,6.0,663,9.01,27,4.08,1789,10.8,33,0.59,0.0,0.0,0.51,16.42,729.72,2757.35,299089.89,1160367.53,7910.29,26500.5,311126.04,1205956.47,130.92,482.83,222.74,844.64,0
1841,2,6.01,678,9.04,28,4.13,1840,10.85,20,0.5,0.0,0.0,0.22,0.97,722.28,2633.09,299365.86,1170648.66,8021.6,27364.24,311360.28,1216583.72,132.29,496.16,221.97,850.66,0
1871,2,6.01,695,9.07,26,4.17,1870,10.87,29,0.58,0.0,0.0,0.41,2.82,763.38,2797.39,294744.37,1145304.02,7779.39,26022.28,306561.27,1190247.27,127.67,473.06,218.68,832.29,0
1805,2,6.01,691,9.09,26,4.1,1795,10.81,30,0.55,0.0,0.0,0.22,0.98,742.28,3178.49,313531.3,1189813.33,8457.87,28220.57,326081.25,1236495.6,139.66,510.2,232.25,864.5,0
1792,1,6.0,686,9.03,25,4.1,1773,10.79,38,0.65,0.0,0.0,0.19,1.4,726.01,2209.75,221348.49,995349.2,6057.58,22586.36,230310.73,1034527.28,97.64,413.89,165.81,725.53,0
1802,2,6.01,679,8.99,25,4.09,1772,10.78,20,0.53,0.0,0.0,0.2,1.25,745.65,2423.8,253296.71,1072766.95,7035.32,25235.01,263501.56,1114930.42,114.46,459.72,188.83,780.82,0
1745,2,6.01,666,8.99,27,4.09,1713,10.73,24,0.52,0.0,0.0,0.13,0.76,798.49,3341.78,340641.06,1233085.23,9260.85,29570.54,354288.71,1281570.33,154.14,538.07,252.58,897.89,0
1735,1,6.0,669,9.02,24,4.05,1734,10.76,17,0.46,0.0,0.0,0.16,0.84,724.85,2702.7,278507.01,1128725.17,7635.24,26722.42,289702.41,1173099.16,125.42,484.74,207.17,821.75,0
1712,2,6.01,662,8.97,23,4.08,1696,10.72,17,0.52,0.0,0.0,0.21,1.18,755.22,2433.87,261771.45,1084694.1,7049.02,24849.27,272329.87,1127410.91,114.84,453.57,195.37,791.06,0
1745,2,6.01,676,8.99,25,4.04,1744,10.77,12,0.47,0.0,0.0,0.24,1.1,722.16,2275.51,300494.0,1194771.25,8041.59,27762.28,312549.99,1241717.38,132.62,503.58,223.1,869.38,0
1676,2,6.02,673,8.98,24,4.05,1673,10.71,24,0.54,0.0,0.0,0.82,15.05,743.09,2462.34,359673.2,1244441.42,9652.79,29580.1,374061.3,1293263.52,160.68,534.67,266.29,904.39,0
