1364860800,0,0,0,0,346923,117817,0,0,0,0,0,0,1728747,0
1364860860,0,0,0,0,360507,121810,0,0,256,0,0,0,1689976,0
1364860920,0,0,0,0,181894,61045,0,0,184,0,0,0,939230,0
1364860980,0,0,0,0,2364,0,0,0,0,0,0,0,27710,0
1364861040,0,0,0,0,2418,0,0,0,0,0,0,0,0,0
1364861100,0,0,0,0,2418,0,0,0,0,0,0,0,0,0
1364861160,0,0,0,0,2418,0,0,0,972,0,0,0,83300,0
1364861220,0,0,0,0,2418,0,0,0,243,0,0,0,88578,0
1364861280,0,0,0,0,2418,0,0,0,243,0,0,0,0,0
1364861340,0,0,0,0,2418,0,0,0,243,0,0,0,21420,0
1364861400,0,0,0,0,2418,0,0,0,0,0,0,0,0,0
1364861460,0,0,0,0,2418,0,0,0,243,0,0,0,0,0
1364861520,0,0,0,0,2418,0,0,0,0,0,0,0,156016,0
1364861580,0,0,0,0,806,0,0,0,0,0,0,0,0,0
1364861640,0,0,0,0,0,0,0,0,460,0,0,0,5254,0
1364861700,0,0,0,0,0,0,0,0,0,0,0,0,15470,0
1364861760,0,0,0,0,0,0,0,0,256,0,0,0,0,0
1364861820,0,0,0,0,0,0,0,0,0,0,0,0,88060,0
1364861880,0,0,0,0,0,0,0,0,972,0,0,0,63410,0
1364861940,0,0,0,0,0,0,0,0,243,0,0,0,0,0
1364862000,0,0,0,0,0,0,0,0,243,0,0,0,0,0
1364862060,0,0,0,0,0,0,0,0,243,0,0,0,21590,0
1364862120,0,0,0,0,0,0,0,0,0,0,0,0,86580,0
1364862180,0,0,0,0,0,0,0,0,243,0,0,0,680,0
1364862240,0,0,0,0,0,0,0,0,0,0,0,0,54740,0
1364862300,0,0,0,0,0,0,0,0,0,0,0,0,54740,0
1364862360,0,0,0,0,0,0,0,0,184,0,0,0,0,0
1364862420,0,0,0,0,0,0,0,0,0,0,0,0,101900,0
1364862480,0,0,0,0,0,0,0,0,276,0,0,0,0,0
1364862540,0,0,0,0,0,0,0,0,0,0,0,0,5834,0
1364862600,0,0,0,0,0,0,0,0,729,0,0,0,66824,0
1364862660,0,0,0,0,0,0,0,0,742,0,0,0,128,0
1364862720,0,0,0,0,0,0,0,0,243,0,0,0,84730,0
1364862780,0,0,0,0,0,0,0,0,243,0,0,0,27540,0
1364862840,0,0,0,0,0,0,0,0,3588,0,0,0,148,0
1364862900,0,0,0,0,0,0,0,0,243,0,0,0,9520,0
1364862960,0,0,0,0,0,0,0,0,0,0,0,0,60010,0
1364863020,0,0,0,0,0,0,0,0,0,0,0,0,83028,0
1364863080,0,0,0,0,0,0,0,0,184,0,0,0,170,0
1364863140,0,0,0,0,0,0,0,0,0,0,0,0,24926,0
1364863200,0,0,0,0,0,0,0,0,0,0,0,0,24926,0
1364863260,0,0,0,0,0,0,0,0,3588,0,0,0,4930,0
1364863320,0,0,0,0,0,0,0,0,972,0,0,0,138514,0
1364863380,0,0,0,0,0,0,0,0,519,0,0,0,0,0
1364863440,0,0,0,0,0,0,0,0,243,0,0,0,0,0
1364863500,0,0,0,0,0,0,0,0,243,0,0,0,14620,0
1364863560,0,0,0,0,0,0,0,0,256,0,0,0,0,0
1364863620,0,0,0,0,0,0,0,0,1143,0,0,0,85370,0
1364863680,0,0,0,0,0,0,0,0,0,0,0,0,48960,0
1364863740,0,0,0,0,0,0,0,0,0,0,0,0,48960,0
1364863800,0,0,0,0,0,0,0,0,184,0,0,0,850,0
1364863860,0,0,0,0,0,0,0,0,0,0,0,0,25330,0
1364863920,0,0,0,0,0,0,0,0,0,0,0,0,81548,0
1364863980,0,0,0,0,0,0,0,0,0,0,0,0,11318,0
1364864040,0,0,0,0,0,0,0,0,972,0,0,0,58332,0
1364864100,0,0,0,0,0,0,0,0,243,0,0,0,5994,0
1364864160,0,0,0,0,0,0,0,0,243,0,0,0,0,0
1364864220,0,0,0,0,0,0,0,0,243,0,0,0,94400,0
1364864280,0,0,0,0,0,0,0,0,276,0,0,0,0,0
1364864340,0,0,0,0,0,0,0,0,243,0,0,0,9520,0
1364864400,0,0,0,0,0,0,0,0,0,0,0,0,54060,0
1364864460,0,0,0,0,0,0,0,0,256,0,0,0,0,0
1364864520,0,0,0,0,0,0,0,0,184,0,0,0,79254,0
1364864580,0,0,0,0,0,0,0,0,0,0,0,0,18530,0
1364864640,0,0,0,0,0,0,0,0,0,0,0,0,18530,0
1364864700,0,0,0,0,0,0,0,0,0,0,0,0,13600,0
1364864760,0,0,0,0,0,0,0,0,972,0,0,0,38080,0
1364864820,0,0,0,0,0,0,0,0,243,0,0,0,80660,0
1364864880,0,0,0,0,0,0,0,0,243,0,0,0,0,0
1364864940,0,0,0,0,0,0,0,0,243,0,0,0,17680,0
1364865000,0,0,0,0,0,0,0,0,243,0,0,0,17680,0
1364865060,0,0,0,0,0,0,0,0,243,0,0,0,5610,0
1364865120,0,0,0,0,0,0,0,0,0,0,0,0,123138,0
1364865180,0,0,0,0,0,0,0,0,0,0,0,0,123138,0
1364865240,0,0,0,0,0,0,0,0,460,0,0,0,0,0
1364865300,0,0,0,0,0,0,0,0,0,0,0,0,14450,0
1364865360,0,0,0,0,0,0,0,0,256,0,0,0,0,0
1364865420,0,0,0,0,0,0,0,0,0,0,0,0,96406,0
1364865480,0,0,0,0,0,0,0,0,972,0,0,0,41140,0
1364865540,0,0,0,0,0,0,0,0,243,0,0,0,9250,0
1364865600,0,0,0,0,0,0,0,0,243,0,0,0,0,0
1364865660,0,0,0,0,0,0,0,0,243,0,0,0,21760,0
1364865720,0,0,0,0,0,0,0,0,0,0,0,0,86136,0
1364865780,0,0,0,0,0,0,0,0,243,0,0,0,15470,0
1364865840,0,0,0,0,0,0,0,0,0,0,0,0,53210,0
1364865900,0,0,0,0,0,0,0,0,0,0,0,0,53210,0
1364865960,0,0,0,0,0,0,0,0,184,0,0,0,170,0
1364866020,0,0,0,0,0,0,0,0,0,0,0,0,103054,0
1364866080,0,0,0,0,0,0,0,0,276,0,0,0,0,0
1364866140,0,0,0,0,0,0,0,0,243,0,0,0,22134,0
1364866200,0,0,0,0,0,0,0,0,486,0,0,0,40364,0
1364866260,0,0,0,0,0,0,0,0,742,0,0,0,0,0
1364866320,0,0,0,0,0,0,0,0,243,0,0,0,88008,0
1364866380,0,0,0,0,0,0,0,0,243,0,0,0,9010,0
1364866440,0,0,0,0,0,0,0,0,243,0,0,0,9010,0
1364866500,0,0,0,0,0,0,0,0,243,0,0,0,18360,0
1364866560,0,0,0,0,0,0,0,0,0,0,0,0,36720,0
1364866620,0,0,0,0,0,0,0,0,0,0,0,0,88134,0
1364866680,0,0,0,0,0,0,0,0,184,0,0,0,850,0
1364866740,0,0,0,0,0,0,0,0,0,0,0,0,26010,0
1364866800,0,0,0,0,0,0,0,0,0,0,0,0,26010,0
1364866860,0,0,0,0,0,0,0,0,243,0,0,0,18360,0
1364866920,0,0,0,0,0,0,0,0,729,0,0,0,138558,0
1364866980,0,0,0,0,0,0,0,0,519,0,0,0,0,0
1364867040,0,0,0,0,0,0,0,0,243,0,0,0,170,0
1364867100,0,0,0,0,0,0,0,0,243,0,0,0,15300,0
1364867160,0,0,0,0,0,0,0,0,256,0,0,0,0,0
1364867220,0,0,0,0,0,0,0,0,243,0,0,0,108852,0
1364867280,0,0,0,0,0,0,0,0,0,0,0,0,49234,0
1364867340,0,0,0,0,0,0,0,0,0,0,0,0,1332,0
1364867400,0,0,0,0,0,0,0,0,184,0,0,0,1360,0
1364867460,0,0,0,0,0,0,0,0,0,0,0,0,25670,0
1364867520,0,0,0,0,0,0,0,0,0,0,0,0,88578,0
1364867580,0,0,0,0,0,0,0,0,0,0,0,0,30430,0
1364867640,0,0,0,0,0,0,0,0,972,0,0,0,27030,0
1364867700,0,0,0,0,0,0,0,0,243,0,0,0,0,0
1364867760,0,0,0,0,0,0,0,0,243,0,0,0,3570,0
1364867820,0,0,0,0,0,0,0,0,243,0,0,0,115608,0
1364867880,0,0,0,0,0,0,0,0,276,0,0,0,1480,0
1364867940,0,0,0,0,0,0,0,0,243,0,0,0,41992,0
1364868000,0,0,0,0,0,0,0,0,0,0,0,0,39530,0
1364868060,0,0,0,0,0,0,0,0,256,0,0,0,0,0
1364868120,0,0,0,0,0,0,0,0,184,0,0,0,88578,0
1364868180,0,0,0,0,0,0,0,0,0,0,0,0,27370,0
1364868240,0,0,0,0,0,0,0,0,0,0,0,0,27370,0
1364868300,0,0,0,0,0,0,0,0,243,0,0,0,41086,0
1364868360,0,0,0,0,0,0,0,0,729,0,0,0,25840,0
1364868420,0,0,0,0,0,0,0,0,243,0,0,0,88430,0
1364868480,0,0,0,0,0,0,0,0,243,0,0,0,17170,0
1364868540,0,0,0,0,0,0,0,0,243,0,0,0,3570,0
1364868600,0,0,0,0,0,0,0,0,243,0,0,0,3570,0
1364868660,0,0,0,0,0,0,0,0,243,0,0,0,49640,0
1364868720,0,0,0,0,0,0,0,0,0,0,0,0,117818,0
1364868780,0,0,0,0,0,0,0,0,0,0,0,0,117818,0
1364868840,0,0,0,0,0,0,0,0,460,0,0,0,170,0
1364868900,0,0,0,0,0,0,0,0,0,0,0,0,28050,0
1364868960,0,0,0,0,0,0,0,0,256,0,0,0,0,0
1364869020,0,0,0,0,0,0,0,0,243,0,0,0,142808,0
1364869080,0,0,0,0,0,0,0,0,729,0,0,0,2210,0
1364869140,0,0,0,0,0,0,0,0,243,0,0,0,444,0
1364869200,0,0,0,0,0,0,0,0,243,0,0,0,1530,0
1364869260,0,0,0,0,0,0,0,0,243,0,0,0,19550,0
1364869320,0,0,0,0,0,0,0,0,0,0,0,0,88504,0
1364869380,0,0,0,0,0,0,0,0,243,0,0,0,58480,0
1364869440,0,0,0,0,0,0,0,0,0,0,0,0,2720,0
1364869500,0,0,0,0,0,0,0,0,0,0,0,0,2720,0
1364869560,0,0,0,0,0,0,0,0,184,0,0,0,7650,0
1364869620,0,0,0,0,0,0,0,0,0,0,0,0,98704,0
1364869680,0,0,0,0,0,0,0,0,276,0,0,0,0,0
1364869740,0,0,0,0,0,0,0,0,243,0,0,0,55270,0
1364869800,0,0,0,0,0,0,0,0,486,0,0,0,19380,0
1364869860,0,0,0,0,0,0,0,0,742,0,0,0,0,0
1364869920,0,0,0,0,0,0,0,0,243,0,0,0,111188,0
1364869980,0,0,0,0,0,0,0,0,243,0,0,0,0,0
1364870040,0,0,0,0,0,0,0,0,0,0,0,0,1776,0
1364870100,0,0,0,0,0,0,0,0,243,0,0,0,61658,0
1364870160,0,0,0,0,0,0,0,0,0,0,0,0,18360,0
1364870220,0,0,0,0,0,0,0,0,0,0,0,0,88504,0
1364870280,0,0,0,0,0,0,0,0,184,0,0,0,15810,0
1364870340,0,0,0,0,0,0,0,0,0,0,0,0,6778,0
1364870400,0,0,0,0,0,0,0,0,0,0,0,0,6778,0
1364870460,0,0,0,0,0,0,0,0,243,0,0,0,60180,0
1364870520,0,0,0,0,0,0,0,0,729,0,0,0,88578,0
1364870580,0,0,0,0,0,0,0,0,519,0,0,0,0,0
1364870640,0,0,0,0,0,0,0,0,243,0,0,0,15130,0
1364870700,0,0,0,0,0,0,0,0,243,0,0,0,2040,0
1364870760,0,0,0,0,0,0,0,0,256,0,0,0,0,0
1364870820,0,0,0,0,0,0,0,0,243,0,0,0,146378,0
1364870880,0,0,0,0,0,0,0,0,243,0,0,0,146378,0
1364870940,0,0,0,0,0,0,0,0,243,0,0,0,146378,0
1364871000,0,0,0,0,0,0,0,0,184,0,0,0,22440,0
1364871060,0,0,0,0,0,0,0,0,184,0,0,0,22440,0
1364871120,0,0,0,0,0,0,0,0,0,0,0,0,88578,0
1364871180,0,0,0,0,0,0,0,0,243,0,0,0,56440,0
1364871240,0,0,0,0,0,0,0,0,729,0,0,0,16490,0
1364871300,0,0,0,0,0,0,0,0,243,0,0,0,0,0
1364871360,0,0,0,0,0,0,0,0,243,0,0,0,5610,0
1364871420,0,0,0,0,0,0,0,0,243,0,0,0,112038,0
1364871480,0,0,0,0,0,0,0,0,276,0,0,0,0,0
1364871540,0,0,0,0,0,0,0,0,243,0,0,0,59500,0
1364871600,0,0,0,0,0,0,0,0,0,0,0,0,20400,0
1364871660,0,0,0,0,0,0,0,0,256,0,0,0,0,0
1364871720,0,0,0,0,0,0,0,0,184,0,0,0,113228,0
1364871780,0,0,0,0,0,0,0,0,0,0,0,0,1258,0
1364871840,0,0,0,0,0,0,0,0,0,0,0,0,14208,0
1364871900,0,0,0,0,0,0,0,0,243,0,0,0,68452,0
1364871960,0,0,0,0,0,0,0,0,729,0,0,0,0,0
1364872020,0,0,0,0,0,0,0,0,243,0,0,0,88504,0
1364872080,0,0,0,0,0,0,0,0,243,0,0,0,17000,0
1364872140,0,0,0,0,0,0,0,0,243,0,0,0,0,0
1364872200,0,0,0,0,0,0,0,0,243,0,0,0,0,0
1364872260,0,0,0,0,0,0,0,0,243,0,0,0,61200,0
1364872320,0,0,0,0,0,0,0,0,0,0,0,0,88918,0
1364872380,0,0,0,0,0,0,0,0,0,0,0,0,88918,0
1364872440,0,0,0,0,0,0,0,0,460,0,0,0,15692,0
1364872500,0,0,0,0,0,0,0,0,0,0,0,0,7480,0
1364872560,0,0,0,0,0,0,0,0,256,0,0,0,0,0
1364872620,0,0,0,0,0,0,0,0,243,0,0,0,155770,0
1364872680,0,0,0,0,0,0,0,0,729,0,0,0,5440,0
1364872740,0,0,0,0,0,0,0,0,243,0,0,0,0,0
1364872800,0,0,0,0,0,0,0,0,243,0,0,0,24140,0
1364872860,0,0,0,0,0,0,0,0,243,0,0,0,0,0
1364872920,0,0,0,0,0,0,0,0,0,0,0,0,88578,0
1364872980,0,0,0,0,0,0,0,0,243,0,0,0,62220,0
1364873040,0,0,0,0,0,0,0,0,0,0,0,0,12240,0
1364873100,0,0,0,0,0,0,0,0,0,0,0,0,12240,0
1364873160,0,0,0,0,0,0,0,0,184,0,0,0,7480,0
1364873220,0,0,0,0,0,0,0,0,0,0,0,0,88504,0
1364873280,0,0,0,0,0,0,0,0,276,0,0,0,0,0
1364873340,0,0,0,0,0,0,0,0,243,0,0,0,72076,0
1364873400,0,0,0,0,0,0,0,0,486,0,0,0,0,0
1364873460,0,0,0,0,0,0,0,0,742,0,0,0,0,0
1364873520,0,0,0,0,0,0,0,0,243,0,0,0,114758,0
1364873580,0,0,0,0,0,0,0,0,243,0,0,0,0,0
1364873640,0,0,0,0,0,0,0,0,243,0,0,0,0,0
1364873700,0,0,0,0,0,0,0,0,243,0,0,0,60180,0
1364873760,0,0,0,0,0,0,0,0,243,0,0,0,60180,0
1364873820,0,0,0,0,0,0,0,0,0,0,0,0,88504,0
1364873880,0,0,0,0,0,0,0,0,184,0,0,0,17850,0
1364873940,0,0,0,0,0,0,0,0,0,0,0,0,2886,0
1364874000,0,0,0,0,0,0,0,0,0,0,0,0,6068,0
1364874060,0,0,0,0,0,0,0,0,243,0,0,0,74738,0
1364874120,0,0,0,0,0,0,0,0,729,0,0,0,89768,0
1364874180,0,0,0,0,0,0,0,0,519,0,0,0,0,0
1364874240,0,0,0,0,0,0,0,0,243,0,0,0,15300,0
1364874300,0,0,0,0,0,0,0,0,243,0,0,0,0,0
1364874360,0,0,0,0,0,0,0,0,256,0,0,0,0,0
1364874420,0,0,0,0,0,0,0,0,243,0,0,0,166778,0
1364874480,0,0,0,0,0,0,0,0,243,0,0,0,166778,0
1364874540,0,0,0,0,0,0,0,0,243,0,0,0,166778,0
1364874600,0,0,0,0,0,0,0,0,184,0,0,0,22888,0
1364874660,0,0,0,0,0,0,0,0,184,0,0,0,22888,0
1364874720,0,0,0,0,0,0,0,0,0,0,0,0,88504,0
1364874780,0,0,0,0,0,0,0,0,243,0,0,0,63920,0
1364874840,0,0,0,0,0,0,0,0,729,0,0,0,0,0
1364874900,0,0,0,0,0,0,0,0,243,0,0,0,0,0
1364874960,0,0,0,0,0,0,0,0,243,0,0,0,18870,0
1364875020,0,0,0,0,0,0,0,0,243,0,0,0,88578,0
1364875080,0,0,0,0,0,0,0,0,276,0,0,0,74,0
1364875140,0,0,0,0,0,0,0,0,243,0,0,0,58836,0
1364875200,0,0,0,0,0,0,0,0,243,0,0,0,58836,0
1364875260,0,0,0,0,0,0,0,0,256,0,0,0,0,0
1364875320,0,0,0,0,0,0,0,0,184,0,0,0,102444,0
1364875380,0,0,0,0,0,0,0,0,184,0,0,0,102444,0
1364875440,0,0,0,0,0,0,0,0,184,0,0,0,102444,0
1364875500,0,0,0,0,0,0,0,0,243,0,0,0,75426,0
1364875560,0,0,0,0,0,0,0,0,729,0,0,0,0,0
1364875620,0,0,0,0,0,0,0,0,243,0,0,0,88430,0
1364875680,0,0,0,0,0,0,0,0,243,0,0,0,16218,0
1364875740,0,0,0,0,0,0,0,0,243,0,0,0,14134,0
1364875800,0,0,0,0,0,0,0,0,0,0,0,0,7326,0
1364875860,0,0,0,0,0,0,0,0,243,0,0,0,76554,0
1364875920,0,0,0,0,0,0,0,0,0,0,0,0,88504,0
1364875980,0,0,0,0,0,0,0,0,0,0,0,0,88504,0
1364876040,0,0,0,0,0,0,0,0,460,0,0,0,17170,0
1364876100,0,0,0,0,0,0,0,0,460,0,0,0,17170,0
1364876160,0,0,0,0,0,0,0,0,256,0,0,0,0,0
1364876220,0,0,0,0,0,0,0,0,243,0,0,0,153784,0
1364876280,0,0,0,0,0,0,0,0,729,0,0,0,0,0
1364876340,0,0,0,0,0,0,0,0,243,0,0,0,0,0
1364876400,0,0,0,0,0,0,0,0,243,0,0,0,28104,0
1364876460,0,0,0,0,0,0,0,0,243,0,0,0,0,0
1364876520,0,0,0,0,0,0,0,0,0,0,0,0,88356,0
1364876580,0,0,0,0,0,0,0,0,243,0,0,0,59554,0
1364876640,0,0,0,0,0,0,0,0,243,0,0,0,59554,0
1364876700,0,0,0,0,0,0,0,0,243,0,0,0,59554,0
1364876760,0,0,0,0,0,0,0,0,0,0,0,0,15980,0
1364876820,0,0,0,0,0,0,0,0,460,0,0,0,87172,0
1364876880,0,0,0,0,0,0,0,0,460,0,0,0,87172,0
1364876940,0,0,0,0,0,0,0,0,243,0,0,0,71016,0
1364877000,0,0,0,0,0,0,0,0,486,0,0,0,0,0
1364877060,0,0,0,0,0,0,0,0,742,0,0,0,0,0
1364877120,0,0,0,0,0,0,0,0,243,0,0,0,109412,0
1364877180,0,0,0,0,0,0,0,0,243,0,0,0,0,0
1364877240,0,0,0,0,0,0,0,0,243,0,0,0,0,0
1364877300,0,0,0,0,0,0,0,0,243,0,0,0,72080,0
1364877360,0,0,0,0,0,0,0,0,243,0,0,0,72080,0
1364877420,0,0,0,0,0,0,0,0,0,0,0,0,84952,0
1364877480,0,0,0,0,0,0,0,0,184,0,0,0,16830,0
1364877540,0,0,0,0,0,0,0,0,0,0,0,0,3700,0
1364877600,0,0,0,0,0,0,0,0,0,0,0,0,6512,0
1364877660,0,0,0,0,0,0,0,0,243,0,0,0,65790,0
1364877720,0,0,0,0,0,0,0,0,486,0,0,0,85692,0
1364877780,0,0,0,0,0,0,0,0,762,0,0,0,0,0
1364877840,0,0,0,0,0,0,0,0,243,0,0,0,22494,0
1364877900,0,0,0,0,0,0,0,0,243,0,0,0,0,0
1364877960,0,0,0,0,0,0,0,0,256,0,0,0,0,0
1364878020,0,0,0,0,0,0,0,0,243,0,0,0,139498,0
1364878080,0,0,0,0,0,0,0,0,243,0,0,0,139498,0
1364878140,0,0,0,0,0,0,0,0,0,0,0,0,74,0
1364878200,0,0,0,0,0,0,0,0,184,0,0,0,14620,0
1364878260,0,0,0,0,0,0,0,0,184,0,0,0,14620,0
1364878320,0,0,0,0,0,0,0,0,0,0,0,0,84286,0
1364878380,0,0,0,0,0,0,0,0,243,0,0,0,71910,0
1364878440,0,0,0,0,0,0,0,0,729,0,0,0,0,0
1364878500,0,0,0,0,0,0,0,0,243,0,0,0,0,0
1364878560,0,0,0,0,0,0,0,0,243,0,0,0,23854,0
1364878620,0,0,0,0,0,0,0,0,243,0,0,0,82288,0
1364878680,0,0,0,0,0,0,0,0,276,0,0,0,0,0
1364878740,0,0,0,0,0,0,0,0,243,0,0,0,72790,0
1364878800,0,0,0,0,0,0,0,0,243,0,0,0,72790,0
1364878860,0,0,0,0,0,0,0,0,256,0,0,0,0,0
1364878920,0,0,0,0,0,0,0,0,184,0,0,0,106532,0
1364878980,0,0,0,0,0,0,0,0,184,0,0,0,106532,0
1364879040,0,0,0,0,0,0,0,0,184,0,0,0,106532,0
1364879100,0,0,0,0,0,0,0,0,243,0,0,0,65790,0
1364879160,0,0,0,0,0,0,0,0,729,0,0,0,0,0
1364879220,0,0,0,0,0,0,0,0,243,0,0,0,80290,0
1364879280,0,0,0,0,0,0,0,0,243,0,0,0,24480,0
1364879340,0,0,0,0,0,0,0,0,243,0,0,0,740,0
1364879400,0,0,0,0,0,0,0,0,243,0,0,0,740,0
1364879460,0,0,0,0,0,0,0,0,243,0,0,0,60860,0
1364879520,0,0,0,0,0,0,0,686471,0,0,0,0,409737,0
1364879580,0,0,0,0,0,0,0,0,0,0,0,0,1110,0
1364879640,0,0,0,0,0,0,25379,103542293,460,0,0,0,49651605,12177
1364879700,0,0,0,0,0,0,16094,39002881,0,0,594,0,18665052,7722
1364879760,0,0,0,0,0,0,52020,36669918,256,0,0,0,17586665,21345
1364879820,0,0,0,0,0,0,627734,110614151,243,0,0,0,53260907,286116
1364879880,0,0,0,0,0,0,225473,17265777,729,0,2376,0,8293990,103402
1364879940,0,0,0,0,0,0,645326,53545168,243,0,0,0,25578468,284321
1364880000,0,0,0,0,0,0,1352438,141283631,243,0,2673,0,67914398,623812
1364880060,0,0,0,0,0,0,310419,23319022,243,0,0,0,11052774,132925
1364880120,0,0,0,0,0,0,3899953,273337677,0,0,1782,0,131302341,1788749
1364880180,0,0,0,0,0,0,1332077,120551246,243,0,891,0,57909395,603119
1364880240,0,0,0,0,0,0,2660347,125775327,0,0,1188,0,60399248,1108952
1364880300,0,0,0,0,0,0,876467,99426221,0,0,540,0,47664733,328239
1364880360,0,0,0,0,0,0,1444680,80536875,184,0,891,0,38452788,514716
1364880420,0,0,0,0,0,0,2022212,82980014,0,0,297,0,39731278,794354
1364880480,0,0,0,0,0,0,2917858,91445962,276,0,1188,0,43331612,1191002
1364880540,0,0,0,0,0,0,5192588,98424252,243,0,0,0,46595781,2174985
1364880600,0,0,0,0,0,0,4625344,92075508,486,0,1431,594,43395363,1934161
1364880660,0,0,0,0,0,0,4218449,100904731,742,0,891,0,47500291,1729628
1364880720,0,0,0,0,0,0,4535030,92790254,0,0,297,0,43707345,1872915
1364880780,0,0,0,0,0,0,6046168,103931035,243,0,1250,0,48900218,2529085
1364880840,0,0,0,0,0,0,4827068,93804525,0,0,297,0,44023354,2049952
1364880900,0,0,0,0,0,0,5173506,92575327,243,0,1485,0,43419983,2124404
1364880960,0,0,0,0,0,0,3929919,85413666,0,0,297,0,40356876,1656692
1364881020,0,0,0,0,0,0,4262695,93917342,0,0,1188,0,44213701,1807183
1364881080,0,0,0,0,0,0,5068753,95448897,184,0,594,0,44520007,2174944
1364881140,0,0,0,0,0,0,4824852,101694906,0,0,1485,0,47805257,2033826
1364881200,0,0,0,0,0,0,4300589,97015131,0,0,594,0,45575754,1807505
1364881260,0,0,0,0,0,0,3846943,87022654,243,0,594,0,40764423,1628206
1364881320,0,0,0,0,0,0,2833517,88003181,729,0,594,0,41479881,1186095
1364881380,0,0,0,0,0,0,3966234,94357162,519,0,297,0,44099585,1671095
1364881440,0,0,0,0,0,0,4109403,95605178,243,0,891,0,44655692,1717726
1364881500,0,0,0,0,0,0,4386051,94234434,243,0,1188,0,44028321,1877949
1364881560,0,0,0,0,0,0,4032577,94013679,256,0,0,297,44113582,1724616
1364881620,0,0,0,0,0,0,4588740,102837053,243,0,1188,0,48178233,1948253
1364881680,0,0,0,0,0,0,3987485,91179388,0,0,891,0,42680624,1679891
1364881740,0,0,0,0,0,0,4418559,107116117,0,0,891,0,50204015,1867613
1364881800,0,0,0,0,0,0,4118131,96018932,184,0,0,0,44823010,1740211
1364881860,0,0,0,0,0,0,4198838,91005862,0,0,1188,0,42721016,1797765
1364881920,0,0,0,0,0,0,3497177,95044637,0,0,594,0,44646904,1450302
1364881980,0,0,0,0,0,0,3970950,92255063,243,0,0,0,43298044,1666754
1364882040,0,0,0,0,0,0,4095830,92617925,729,0,1188,0,43257363,1734589
1364882100,0,0,0,0,0,0,4817083,92444505,243,0,297,0,43426353,2047613
1364882160,0,0,0,0,0,0,3185406,101731846,243,0,1072,0,47820669,1316599
1364882220,0,0,0,0,0,0,4331745,107407499,243,0,594,0,50448540,1826524
1364882280,0,0,0,0,0,0,3853895,101761068,276,0,1782,0,47551431,1615346
1364882340,0,0,0,0,0,0,3084213,94146471,243,0,1188,0,44373492,1295722
1364882400,0,0,0,0,0,0,3680849,90357252,0,0,297,0,42375122,1544018
1364882460,0,0,0,0,0,0,3848959,100577037,256,0,297,0,47341799,1664342
1364882520,0,0,0,0,0,0,3665413,90392404,0,0,1188,0,42759372,1579831
1364882580,0,0,0,0,0,0,3634342,99068250,0,0,891,0,46610863,1549610
1364882640,0,0,0,0,0,0,3974513,87420481,0,0,297,0,41202475,1709273
1364882700,0,0,0,0,0,0,3367282,91806587,243,0,297,0,43000935,1401281
1364882760,0,0,0,0,0,0,3486858,95614890,729,0,1485,0,44815383,1495724
1364882820,0,0,0,0,0,0,5802746,104493053,243,0,297,0,49210628,2481777
1364882880,0,0,0,0,0,0,3831697,102209920,243,0,945,0,48138644,1664384
1364882940,0,0,0,0,0,0,3913317,100100211,243,0,594,0,47096201,1705970
1364883000,0,0,0,0,0,0,3142539,91840280,0,0,594,0,43221561,1341052
1364883060,0,0,0,0,0,0,4255037,95424017,243,0,1242,0,44994041,1839579
1364883120,0,0,0,0,0,0,4074432,102610447,0,0,297,0,48242227,1750472
1364883180,0,0,0,0,0,0,4150055,96032962,0,0,0,0,45322209,1803642
1364883240,0,0,0,0,0,0,3219261,89516150,460,0,351,0,42264609,1395032
1364883300,0,0,0,0,0,0,3738775,87877300,0,0,540,0,41227373,1624547
1364883360,0,0,0,0,0,0,3535445,91696697,256,0,594,0,43180308,1521549
1364883420,0,0,0,0,0,0,3667401,98942331,0,0,1485,0,46689774,1607067
1364883480,0,0,0,0,0,0,3530575,96016144,972,0,594,0,44919560,1500931
1364883540,0,0,0,0,0,0,3208091,94039289,0,0,891,0,44384728,1367317
1364883600,0,0,0,0,0,0,3775416,92713477,243,0,1782,0,43735991,1636969
1364883660,0,0,0,0,0,0,3721762,100301830,243,0,0,0,47320214,1608049
1364883720,0,0,0,0,0,0,4125746,99201279,0,0,891,0,46668828,1765980
1364883780,0,0,0,0,0,0,4557750,102850489,243,0,594,0,48345993,1963252
1364883840,0,0,0,0,0,0,3401288,90441038,0,0,891,0,42662101,1452269
1364883900,0,0,0,0,0,0,3893545,83756480,0,0,891,0,39478710,1677590
1364883960,0,0,0,0,0,0,4050709,96711777,184,0,0,0,45631738,1759970
1364884020,0,0,0,0,0,0,3201517,92026206,0,0,2376,0,43387060,1397369
1364884080,0,0,0,0,0,0,4294770,99015584,276,0,0,0,46693303,1871932
1364884140,0,0,0,0,0,0,2273739,90375781,243,0,594,0,42703364,969117
1364884200,0,0,0,0,0,0,3782069,92111600,729,0,594,0,43276094,1620972
1364884260,0,0,0,0,0,0,3689079,93293395,499,0,1485,0,43967672,1605586
1364884320,0,0,0,0,0,0,2902902,94750900,243,0,594,0,44707990,1254437
1364884380,0,0,0,0,0,0,3622955,103452254,243,0,594,0,48847600,1567903
1364884440,0,0,0,0,0,0,3940871,101267883,0,0,891,0,47792470,1724548
1364884500,0,0,0,0,0,0,3110788,93566691,243,0,594,405,44131865,1313684
1364884560,0,0,0,0,0,0,3686059,98955918,0,0,594,0,46752751,1576115
1364884620,0,0,0,0,0,0,3220549,97331461,0,0,594,0,46198025,1377482
1364884680,0,0,0,0,0,0,2921580,96354681,184,0,0,532,45625034,1243800
1364884740,0,0,0,0,0,0,3160854,111112602,0,0,297,0,52700774,1370978
1364884800,0,0,0,0,0,0,2041975,81955278,0,0,1188,0,38686266,857990
1364884860,0,0,0,0,0,0,2342370,79227880,243,0,594,0,37411896,999474
1364884920,0,0,0,0,0,0,1984043,86284256,972,0,594,0,40918471,852104
1364884980,0,0,0,0,0,0,3095659,96453593,276,0,1782,0,45580183,1363672
1364885040,0,0,0,0,0,0,3968362,102639705,243,0,594,0,48660450,1737932
1364885100,0,0,0,0,0,0,2226450,102356851,243,0,891,0,48448945,967744
1364885160,0,0,0,0,0,0,2868356,88789156,256,0,297,594,41997097,1239976
1364885220,0,0,0,0,0,0,1781924,85709567,243,0,540,0,40723547,764344
1364885280,0,0,0,0,0,0,3928663,103426633,0,0,0,0,48607467,1669563
1364885340,0,0,0,0,0,0,3602069,118197231,0,0,2079,0,55561596,1561298
1364885400,0,0,0,0,0,0,3222210,91283750,184,0,180,180,43045692,1376967
1364885460,0,0,0,0,0,0,2385436,92089387,1668,0,1368,180,43549547,1010022
1364885520,0,0,0,0,0,0,3290298,88720617,903,0,630,630,41970672,1421474
1364885580,0,0,0,0,0,0,3312003,102145627,486,0,1044,450,48432990,1429835
1364885640,0,0,0,0,0,0,3268426,101250100,1701,0,2709,630,47549650,1416656
1364885700,0,0,0,0,0,0,3726052,88870308,0,0,864,270,42161754,1645682
1364885760,0,0,0,0,0,0,3428187,104433131,243,0,1368,180,49491802,1490327
1364885820,0,0,0,0,0,0,3396654,111353870,243,0,79374,47520,53237849,1471568
1364885880,0,0,0,0,0,0,2436248,99060651,18584,0,101937,71640,47377451,1052463
1364885940,0,0,0,0,0,0,2767994,87361388,519,0,477,180,41763540,1200252
1364886000,0,0,0,0,0,0,2711331,99010890,729,0,71228,45630,47791289,1187661
1364886060,0,0,0,0,0,0,2935705,93325261,440,0,387,90,44623082,1265526
1364886120,0,0,0,0,0,0,467343,34398734,795,0,243,0,16519320,197321
1364886180,0,0,0,0,0,0,1690,2305890,256,0,90,90,593937,0
1364886240,0,0,0,0,0,0,1690,2305890,256,0,90,90,593937,0
1364886300,0,0,0,0,0,0,1690,2305890,256,0,90,90,593937,0
1364886360,0,0,0,0,0,0,1690,2305890,256,0,90,90,593937,0
1364886420,0,0,0,0,0,0,1690,2305890,256,0,90,90,593937,0
1364886480,0,0,0,0,0,0,1690,2305890,256,0,90,90,593937,0
1364886540,0,0,0,0,0,0,1690,2305890,256,0,90,90,593937,0
1364886600,0,0,0,0,0,0,1690,2305890,256,0,90,90,593937,0
1364886660,0,0,0,0,0,0,54,651387,0,0,0,0,465935,0
1364886720,0,0,0,0,0,4711,2967,5501268,276,0,180,180,1923300,0
1364886780,0,0,0,0,0,4013,486,4023956,243,0,180,180,1954079,0
1364886840,0,0,0,0,0,604,3812,3628274,0,0,270,270,1882923,0
1364886900,0,0,0,0,0,6377,1493,4703726,985,0,90,90,1900667,0
1364886960,0,0,0,0,0,1774,3758,6222264,243,0,994,540,1931539,0
1364887020,0,0,0,0,0,1921,3704,5600721,243,0,180,180,1926041,0
1364887080,0,0,0,0,0,6663,2284,5521248,0,0,9900,9900,1785659,0
1364887140,0,0,0,0,0,914,5394,7969686,0,0,28170,23850,1857186,0
1364887200,0,0,0,0,0,5656,3596,5647812,243,0,360,360,1799116,0
1364887260,0,0,0,0,0,3091,1115,5342011,335,0,18090,15750,2004161,0
1364887320,0,0,0,0,0,2123,2068,7814069,992,0,0,0,1910009,0
1364887380,0,0,0,0,0,6260,432,3917597,0,0,90,90,1785905,0
1364887440,0,0,0,0,0,457,2274,5457055,0,0,9000,8100,1668846,1173
1364887500,0,0,0,0,0,5098,3595,3397312,243,0,90,90,1793577,1934
1364887560,0,0,0,0,0,3587,3071,3321763,0,0,0,0,1827287,1773
1364887620,0,0,0,0,0,2471,1481,3384645,1005,0,990,810,1800464,783
1364887680,0,0,0,0,0,5826,4804,3837855,243,0,11700,5760,1884162,2793
1364887740,0,0,0,0,0,1263,1419,3202915,243,0,1080,1080,1761491,565
1364887800,0,0,0,0,0,5307,4584,4642642,256,0,180,180,1637927,2459
1364887860,0,22714,0,0,0,2983,4102,4562764,0,0,270,270,1805733,1988012
1364887920,0,4179,0,0,0,3347,4862,5432600,243,0,270,90,1659807,293027
1364887980,567,2106,0,0,0,4703,948,5108652,243,0,450,450,1722918,285275
1364888040,0,15197,0,0,0,860,4103,4845510,184,0,1264,810,1790364,3065603
1364888100,0,13189,0,0,0,6376,6228,8270816,0,0,5040,4680,1843218,1243068
1364888160,567,0,0,0,0,1921,8105,11036294,0,0,18900,16560,1775309,82113
1364888220,378,1686,0,0,0,5911,540,12815114,1143,0,360,360,1825479,509266
1364888280,0,9962,0,0,0,2843,4217,6088644,0,0,18090,16380,1613756,2127406
1364888340,0,8420,0,0,0,3727,4096,2787246,729,0,0,0,1661505,922026
1364888400,189,8347,0,0,0,4757,795,3133479,243,0,90,90,1624073,109911
1364888460,189,0,0,0,0,1828,108,3244683,243,0,9000,7830,1621165,721824
1364888520,189,6868,0,0,0,6423,270,5462418,276,0,630,630,1399695,1561969
1364888580,0,20133,0,0,0,1271,54,4681841,0,0,0,0,1422023,1454763
1364888640,0,0,0,0,0,6052,54,4479203,0,0,10170,7020,1319735,0
1364888700,513,0,0,0,0,2177,216,4842837,742,0,9090,7920,1304225,730078
1364888760,0,22432,0,0,0,4757,108,4589494,184,0,2164,1710,1381094,1246994
1364888820,0,1127,0,0,0,3897,54,6170766,0,0,180,180,1524379,445357
1364888880,189,0,0,0,0,3448,54,3494730,243,0,55795,51300,2060071,80859
1364888940,0,8426,0,0,0,5469,0,8248905,427,0,810,810,2253173,1072425
1364889000,0,0,0,0,0,2069,0,9063362,0,0,105295,48690,2613494,1496829
1364889060,0,23964,0,0,0,5268,0,5309702,1833,0,27705,1440,1754453,976676
1364889120,189,5254,0,0,0,2580,0,3687540,1905,0,19444,18630,1733173,197182
1364889180,189,3209,0,0,0,5214,0,7716607,0,0,11160,11268,1779902,1228863
1364889240,0,0,0,0,0,2634,0,6799899,1386,0,1984,1530,1819544,3613710
1364889300,0,27944,0,0,0,5966,0,3108913,243,0,18090,17910,1629126,652525
1364889360,189,4442,0,0,0,2231,0,3753665,729,0,0,0,1868801,309975
1364889420,189,0,0,0,0,4757,0,6171058,243,0,34380,34380,1677163,974973
1364889480,0,15651,0,0,0,3897,0,4223752,184,0,10080,7290,1443457,1648531
1364889540,0,0,0,0,0,4300,0,6847669,0,0,3780,1170,1523797,2032608
1364889600,135,18610,0,0,0,4300,0,4642017,256,0,0,0,1318998,605728
1364889660,0,0,0,0,0,3037,0,11392843,243,0,0,0,1638190,1684397
1364889720,135,23626,0,0,0,4246,0,17259796,0,0,18090,103692,1774247,3280168
1364889780,0,0,0,0,0,3494,0,15609972,729,0,1980,1980,1646251,692696
1364889840,0,0,0,0,0,5106,0,22572127,486,0,19710,90,1886063,255430
1364889900,0,13864,0,0,0,3037,0,21625578,0,0,270,270,1860246,780299
1364889960,0,7480,0,0,0,5563,0,13236068,0,0,630,630,1495028,1914555
1364890020,0,15870,0,0,0,3037,0,17839438,900,0,360,360,1618149,1852268
1364890080,378,588,0,0,0,3789,0,10795896,243,0,1620,1620,1428449,1071930
1364890140,0,0,0,0,0,3843,0,15929352,243,0,5040,5040,1558357,2430744
1364890200,0,0,0,0,0,3386,0,23231448,184,0,10980,10620,1719964,2472571
1364890260,0,0,0,0,0,4811,0,23194924,0,0,1804,1350,1701651,1861737
1364890320,0,0,0,0,0,2983,0,25131197,276,0,18000,18000,1650079,896255
1364890380,0,0,0,0,0,4300,0,19752493,243,0,0,0,1758665,2624356
1364890440,0,0,0,0,0,3386,0,22585485,0,0,90,90,1772775,2610594
1364890500,0,0,0,0,0,4246,0,9987831,985,0,9180,9180,1396478,1480645
1364890560,0,0,0,0,0,3037,0,21668097,486,0,1260,1260,1679470,1062784
1364890620,0,0,0,0,0,3494,0,25746113,0,0,0,0,1799084,2139720
1364890680,0,0,0,0,0,3843,0,22996788,0,0,0,0,1669724,2891645
1364890740,0,0,0,0,0,3951,0,16731809,0,0,18544,14580,1595756,1465818
1364890800,0,0,0,0,0,4192,0,17195089,243,0,813,360,1539248,915677
1364890860,0,0,0,0,0,3145,0,12960949,243,0,1170,1170,1419165,2117769
1364890920,0,123924,0,0,0,4192,0,14636219,276,0,90,90,1550705,1635990
1364890980,0,0,0,0,0,3091,0,20042258,808,0,720,720,1560662,1243826
1364891040,189,0,0,0,0,3037,0,13747825,0,0,0,0,1374376,1111942
1364891100,0,0,0,0,0,4246,0,17144168,243,0,1350,1350,1483848,2689011
1364891160,0,0,0,0,0,3951,0,17204542,0,0,7550,4950,1557803,2333920
1364891220,0,0,0,0,0,3332,0,17267451,1005,0,20883,17190,1539456,1935775
1364891280,0,0,0,0,0,4811,0,16725664,486,0,990,990,1449050,1123553
1364891340,0,0,0,0,0,1720,0,26229343,0,0,17460,16830,1688061,2218955
1364891400,0,0,0,0,0,3440,0,13323295,256,0,2520,0,1339753,2066425
1364891460,0,0,0,0,0,3897,0,9763397,0,0,0,0,1312237,1790819
1364891520,0,0,0,0,0,2929,0,14440087,243,0,9720,9090,1381232,1730552
1364891580,0,0,0,0,0,4354,0,6791129,243,0,633,180,1225069,1942409
1364891640,0,0,0,0,0,2929,0,17357035,184,0,20340,0,1461983,2549645
1364891700,0,0,0,0,0,2580,0,20275970,0,0,2945,0,1492551,1161257
1364891760,0,0,0,0,0,3897,0,15983002,552,0,9900,8730,1414381,1102830
1364891820,0,112154,0,0,0,3386,0,17370036,243,0,90,90,1590079,2010017
1364891880,0,0,0,0,0,4811,0,10312928,900,0,1893,1440,1270233,2035782
1364891940,189,0,0,0,0,1317,0,3148740,729,0,270,270,1085337,1171222
1364892000,0,0,0,0,0,3843,0,6067365,519,0,1440,1440,1133531,806513
1364892060,0,0,0,0,0,3951,0,9936132,243,0,724,270,1328457,952926
1364892120,0,0,0,0,0,2123,0,10292752,0,0,1170,1170,1202444,793189
1364892180,0,0,0,0,0,4447,0,15626323,552,0,90,90,1434079,685507
1364892240,0,0,0,0,0,2580,0,9750931,0,0,28530,26280,1184666,792563
1364892300,0,0,0,0,0,2580,0,14733186,742,0,1080,1080,1349396,638018
1364892360,0,0,0,0,0,5214,0,26090560,184,0,16830,13770,1540657,565967
1364892420,0,0,0,0,0,1666,0,11630102,0,0,0,0,1166693,670938
1364892480,0,78289,0,0,0,3037,0,8925914,0,0,544,90,1145109,1450738
1364892540,0,0,0,0,0,4300,0,16467681,243,0,9540,9540,1344319,1884115
1364892600,189,22121,0,0,0,2580,0,6609855,0,0,180,180,1043066,1475535
1364892660,0,0,0,0,0,3091,0,13209243,729,0,0,0,1195043,1316513
1364892720,189,0,0,0,0,2929,0,7538832,243,0,0,0,1071262,1884883
1364892780,0,0,0,0,0,2580,0,15335260,1143,0,11070,11070,1242642,2294211
1364892840,0,0,0,0,0,3037,0,19518790,0,0,180,180,1393727,2278021
1364892900,0,0,0,0,0,2983,0,19395735,0,0,810,810,1358134,1074935
1364892960,0,0,0,0,0,2526,0,9628153,243,0,543,90,1103132,2187864
1364893020,0,0,0,0,0,4408,0,18428081,243,0,900,900,1300787,1897800
1364893080,0,0,0,0,0,2929,0,10299398,460,0,180,180,1089033,909667
1364893140,0,0,0,0,0,1774,0,9539661,0,0,90,90,1078567,701056
1364893200,0,0,0,0,0,4044,0,2577674,256,0,2610,90,860817,760406
1364893260,0,0,0,0,0,2929,0,17857332,243,0,14580,14580,1318976,1027252
1364893320,0,0,0,0,0,1774,0,21812880,0,0,8640,7290,1386441,788933
1364893380,0,0,0,0,0,3843,0,20470037,729,0,16650,15480,1304730,656170
1364893440,0,0,0,0,0,2983,0,9198141,427,0,20340,0,1030016,985683
1364893500,0,107111,0,0,0,1774,0,10815359,243,0,454,0,1142433,1283212
1364893560,0,0,0,0,0,3440,0,11789918,2760,0,9630,9630,1093296,1978719
1364893620,189,0,0,0,0,3386,0,15136369,0,0,180,180,1166619,1678533
1364893680,0,0,0,0,0,1774,0,8937730,1143,0,0,0,1038724,2282933
1364893740,0,0,0,0,0,3386,0,7658021,243,0,0,0,1003305,2576533
1364893800,0,0,0,0,0,2580,0,6386322,184,0,10530,10170,915015,1727620
1364893860,0,0,0,0,0,2634,0,4745243,0,0,90,90,858480,1475001
1364893920,0,0,0,0,0,3386,0,2496767,276,0,810,810,837093,2493692
1364893980,0,0,0,0,0,2580,0,1782278,243,0,270,270,783984,1979127
1364894040,0,0,0,0,0,2177,0,8422158,0,0,810,810,911440,1583806
1364894100,0,0,0,0,0,3037,0,9162100,985,0,270,270,961446,1866370
1364894160,0,0,0,0,0,2472,0,2807585,243,0,900,900,824078,2246761
1364894220,0,0,0,0,0,2634,0,2268580,243,0,180,180,772091,2344846
1364894280,0,0,0,0,0,1774,0,1830753,0,0,9810,9810,706425,1381105
1364894340,0,0,0,0,0,3789,0,1486972,0,0,8460,6660,736398,1485151
1364894400,0,0,0,0,0,2123,0,8103019,243,0,16290,13950,893897,1204209
1364894460,0,130157,0,0,0,1774,0,12138838,243,0,0,0,1097059,1770833
1364894520,0,0,0,0,0,4246,0,9435077,184,0,90,90,914613,1215291
1364894580,189,0,0,0,0,2177,0,3812928,92,0,9360,9360,792316,2012222
1364894640,0,0,0,0,0,1317,0,3619808,808,0,0,0,778360,2130145
1364894700,0,0,0,0,0,4044,0,3801927,243,0,0,0,788612,2286062
1364894760,0,0,0,0,0,2123,0,11333427,0,0,0,0,960673,1451338
1364894820,0,0,0,0,0,2634,0,5253767,1005,0,9000,9000,804721,1501148
1364894880,0,0,0,0,0,1720,0,4622342,243,0,180,180,788414,2304823
1364894940,0,0,0,0,0,3843,0,2232365,243,0,1260,1260,728507,2372192
1364895000,0,0,0,0,0,1263,0,4240745,256,0,2520,0,749150,1408692
1364895060,0,0,0,0,0,2177,0,3602840,0,0,720,720,726332,1628057
1364895120,0,0,0,0,0,4703,0,1598655,243,0,180,180,711442,2741901
1364895180,0,0,0,0,0,1317,0,6078069,243,0,90,90,779209,1790467
1364895240,0,0,0,0,0,1774,0,6386272,184,0,20430,90,743090,423792
1364895300,0,109237,0,0,0,3037,0,1287283,0,0,14580,14580,701708,1432751
1364895360,0,15130,0,0,0,2875,0,5910958,0,0,1710,1710,751607,1858506
1364895420,189,0,0,0,0,2231,0,3703922,243,0,16560,16020,668697,1095519
1364895480,189,0,0,0,0,1263,0,7435233,2760,0,0,0,743284,386228
1364895540,0,0,0,0,0,4703,0,9379516,4389,0,0,0,803315,714820
1364895600,0,0,0,0,0,403,0,9996341,486,0,10620,6120,830490,1044139
1364895660,0,32101,0,0,0,2688,0,14164121,0,0,0,0,984182,1289135
1364895720,0,0,0,0,0,3332,0,4326468,276,0,180,180,719069,1812523
1364895780,189,0,0,0,0,2526,0,3032297,7176,0,0,0,693645,1723248
1364895840,0,0,0,0,0,1774,0,6935549,1656,0,1170,1170,799794,2559638
1364895900,0,0,0,0,0,1371,0,8833515,742,0,810,810,840535,1577222
1364895960,0,0,0,0,0,5052,0,1962054,427,0,1170,1170,645503,1228319
1364896020,0,0,0,0,0,1371,0,3959463,0,0,270,270,750527,1863105
1364896080,0,0,0,0,0,1778,0,4932259,552,0,90,90,806905,3182411
1364896140,0,0,0,0,0,2929,0,4772502,1005,0,1080,1080,797868,1584742
1364896200,0,0,0,0,0,36738,0,5245023,6840,0,1080,1080,1165300,1328614
1364896260,0,0,0,0,0,12820,0,7807043,1590,0,90,90,963107,1523197
1364896320,0,0,0,0,0,2530,0,2770721,486,0,270,270,790721,2699686
1364896380,0,0,0,0,0,2983,0,7369625,0,0,180,180,847805,1012399
1364896440,0,0,0,0,0,2634,0,4821426,900,0,3420,3420,766871,686135
1364896500,0,0,0,0,0,1317,0,16267382,0,0,0,0,1074349,687060
1364896560,0,0,0,0,0,3332,0,10810002,243,0,0,0,971439,1043620
1364896620,0,0,0,0,0,2742,0,11197552,243,0,9630,9630,1006574,761495
1364896680,0,126924,0,0,0,2177,0,7532249,703,0,0,0,1010647,1119169
1364896740,0,0,0,0,0,2875,0,7025211,0,0,0,0,921278,1962084
1364896800,189,0,0,0,0,1774,38117,9838666,256,0,2520,0,1018383,2623442
1364896860,0,0,0,0,0,3494,38117,6147281,243,0,0,0,897557,1761025
1364896920,0,0,0,0,0,2123,0,7262838,0,0,8284,7830,910099,635635
1364896980,0,0,0,0,0,1666,0,6516780,486,0,1620,1620,948641,2427228
1364897040,0,0,0,0,0,3091,0,16038004,486,0,20340,0,1203000,1597711
1364897100,0,0,0,0,0,2123,0,8300275,0,0,0,0,985838,642079
1364897160,0,0,0,0,0,2929,0,2778546,243,0,180,180,794526,552340
1364897220,0,0,0,0,0,1317,0,4569367,0,0,90,90,899627,863935
1364897280,0,0,0,0,0,3494,0,2172108,243,0,454,0,844377,1130595
1364897340,0,0,0,0,0,2552,0,2029566,1143,0,9810,9810,822051,612504
1364897400,0,0,0,0,0,2069,0,5578488,92,0,4860,4500,931941,552393
1364897460,829,0,0,0,0,3037,0,7047523,0,0,14580,13410,965572,1014677
1364897520,104046,0,0,0,0,2177,0,11855107,276,0,0,0,1083578,913325
1364897580,74221,1545,0,0,0,2983,0,12091344,243,0,0,0,1150928,673759
1364897640,0,0,0,0,0,2580,0,17361643,0,0,9270,5580,1224247,684993
1364897700,135,0,0,0,0,3095,0,16466311,742,0,0,0,1232766,685047
1364897760,0,0,0,0,0,860,0,12080925,486,0,180,180,1133411,953961
1364897820,0,0,0,0,0,4250,0,15378859,0,0,455,0,1262166,775194
1364897880,0,140057,0,0,0,2231,0,21322014,243,0,0,0,1518116,1115658
1364897940,0,0,0,0,0,2584,0,17534931,0,0,1260,1260,1344515,1799669
1364898000,189,0,0,0,0,3041,0,8952450,243,0,1170,1170,1116428,1955108
1364898060,0,0,0,0,0,2526,0,13697067,243,0,270,270,1203340,654869
1364898120,0,0,0,0,0,2688,0,5082688,184,0,90,90,999657,1045431
1364898180,0,0,0,0,0,1666,0,11095351,0,0,90,90,1173386,715033
1364898240,0,0,0,0,0,32719,0,16584177,92,0,1350,1350,1575675,863992
1364898300,0,0,0,0,0,71585,0,12520224,1051,0,90,90,1757674,833079
1364898360,0,0,0,0,0,66036,0,10929786,0,0,360,360,1693709,806620
1364898420,0,0,0,0,0,72374,0,8832422,762,0,180,180,1702007,726725
1364898480,0,67193,0,0,0,63160,0,11889123,243,0,1440,1440,1740020,1524011
1364898540,0,8385,0,0,0,72133,0,10610120,243,0,990,990,1774750,1867796
1364898600,189,0,0,0,0,66680,0,2125807,499,0,2520,0,1536509,1606721
1364898660,189,0,0,0,0,76119,0,2722980,0,0,9900,9900,1614000,1774803
1364898720,0,0,0,0,0,58676,0,8520202,243,0,0,0,1624336,2329630
1364898780,0,0,0,0,0,59374,0,5239351,243,0,0,0,1552968,1776067
1364898840,0,0,0,0,0,88554,0,4966797,184,0,20340,0,1827574,1974058
1364898900,0,0,0,0,0,63707,0,11612994,0,0,1790,0,1784029,1639480
1364898960,0,0,0,0,0,58488,0,4672074,0,0,7830,7830,1569456,2586378
1364899020,0,0,0,0,0,69754,0,26157134,243,0,1620,1620,2225320,1611719
1364899080,0,0,0,0,0,69441,0,13939430,0,0,0,0,1961396,1788722
1364899140,0,0,0,0,0,69371,0,21938948,486,0,0,0,2106007,1858092
1364899200,0,95509,0,0,0,58033,0,11832379,1143,0,1260,1260,1836058,1597209
1364899260,0,0,0,0,0,75390,0,23980572,243,0,180,180,2257172,2246866
1364899320,189,0,0,0,0,56294,0,12272516,519,0,0,0,1748181,1437769
1364899380,0,0,0,0,0,80047,0,15496620,0,0,9630,9630,2093849,1991782
1364899440,0,0,0,0,0,61746,0,14243009,0,0,4950,4950,1861216,2249644
1364899500,0,0,0,0,0,70157,0,13653355,742,0,0,0,1947828,1518182
1364899560,0,0,0,0,0,70282,0,18691458,184,0,13590,13140,2055416,712752
1364899620,0,0,0,0,0,68875,0,14909629,0,0,0,0,1959896,820923
1364899680,0,0,0,0,0,57489,0,6158422,0,0,724,270,1604531,1028530
1364899740,0,0,0,0,0,72901,0,5237792,243,0,9000,6390,1758692,670015
1364899800,0,70833,0,0,0,66497,0,3531537,0,0,180,180,1765646,1515574
1364899860,0,0,0,0,0,62572,0,2263194,486,0,0,0,1558145,1581102
1364899920,189,0,0,0,0,66519,0,2928758,243,0,0,0,1656762,2592575
1364899980,0,0,0,0,0,77017,0,12632249,243,0,1260,1260,1998598,1765500
1364900040,0,0,0,0,0,59794,0,2689023,243,0,543,90,1618107,2032162
1364900100,0,0,0,0,0,63509,0,3627638,900,0,180,180,1638037,1718001
1364900160,0,0,0,0,0,69328,0,6483624,243,0,270,270,1767599,1764288
1364900220,0,0,0,0,0,71710,0,5399999,243,0,1170,1170,1742639,505143
1364900280,0,0,0,0,0,74987,0,2858095,460,0,1170,1170,1699889,880413
1364900340,0,0,0,0,0,55256,0,6531328,0,0,90,90,1630830,611311
1364900400,0,0,0,0,0,75183,0,7433760,256,0,2790,270,1820203,879189
1364900460,0,0,0,0,0,58601,0,10617613,243,0,270,270,1813066,565560
1364900520,0,0,0,0,0,79348,0,11608974,0,0,180,180,1962084,836284
1364900580,0,0,0,0,0,58565,0,21269794,486,0,2070,2070,2052646,716580
1364900640,0,0,0,0,0,66857,0,17047713,243,0,0,0,2052508,863935
1364900700,0,0,0,0,0,68295,0,13699941,243,0,29160,8820,1907587,775409
1364900760,0,0,0,0,0,67189,0,11503273,243,0,3690,3690,1883801,684367
1364900820,0,0,0,0,0,67382,0,18531584,0,0,0,0,2045830,714570
1364900880,0,0,0,0,0,71054,0,7905782,243,0,0,0,1870565,955988
1364900940,0,0,0,0,0,71309,0,2602030,243,0,0,0,1696823,775142
1364901000,0,0,0,0,0,67101,0,8463090,1084,0,7830,7830,1823466,763825
1364901060,0,0,0,0,0,57050,0,6274617,0,0,1530,1530,1660435,982751
1364901120,0,0,0,0,0,76853,0,6224160,276,0,90,90,1863579,864808
1364901180,0,0,0,0,0,62552,0,8569271,243,0,0,0,1830833,581236
1364901240,0,0,0,0,0,71602,0,2637306,0,0,4323,3870,1755827,954383
1364901300,0,0,0,0,0,58019,0,19414273,742,0,90,90,2051800,925615
1364901360,0,180369,0,0,0,82660,0,10923019,243,0,90,90,2231615,1264795
1364901420,0,0,0,0,0,65171,0,12967476,243,0,9630,9630,1970745,1450046
1364901480,189,0,0,0,0,61292,0,19350943,243,0,4950,4590,2037221,1732844
1364901540,0,0,0,0,0,67782,0,21598175,0,0,0,0,2274389,2226403
1364901600,0,0,0,0,0,74786,0,9372380,243,0,13410,12240,2048194,2057531
1364901660,0,0,0,0,0,61114,0,19011367,243,0,0,0,2121599,1704670
1364901720,0,0,0,0,0,69448,0,19115585,184,0,270,270,2200686,1686210
1364901780,0,0,0,0,0,68310,0,11133867,0,0,7920,5310,2003126,2134130
1364901840,0,0,0,0,0,58656,0,21138032,0,0,180,180,2158488,2191380
1364901900,0,0,0,0,0,68497,0,9781691,335,0,0,0,2034151,2056402
1364901960,0,0,0,0,0,74232,0,21524334,808,0,0,0,2347973,1464082
1364902020,0,0,0,0,0,61528,0,12716632,762,0,1260,1260,2003089,2161351
1364902080,0,0,0,0,0,64206,0,23317628,243,0,90,90,2365782,2200680
1364902140,0,0,0,0,0,72630,0,9944945,243,0,180,180,1964874,870029
1364902200,0,0,0,0,0,63466,0,13828526,499,0,2790,270,1952002,731345
1364902260,0,0,0,0,0,73194,0,11399590,0,0,3780,3780,2030358,1000594
1364902320,0,0,0,0,0,72502,0,4796726,243,0,540,540,1843541,760711
1364902380,0,0,0,0,0,64621,0,17109164,243,0,1174,720,2084051,761931
1364902440,0,135682,0,0,0,74679,0,24487316,184,0,180,180,2530337,1466449
1364902500,0,0,0,0,0,68171,0,21147177,0,0,20610,270,2291809,2225629
1364902560,189,0,0,0,0,53583,0,18034911,0,0,270,270,2062864,1632549
1364902620,0,0,0,0,0,69754,0,9359535,243,0,2070,2070,2022698,2069336
1364902680,0,0,0,0,0,70322,0,18573372,0,0,454,0,2274710,1516348
1364902740,0,0,0,0,0,78515,0,10323351,486,0,90,90,2095340,1012112
1364902800,0,0,0,0,0,63169,0,14254024,243,0,11340,11340,2099896,654977
1364902860,0,0,0,0,0,62481,0,14470022,1143,0,455,0,2054279,955880
1364902920,0,59204,0,0,0,67163,0,9463197,519,0,0,0,1951473,1586673
1364902980,0,0,0,0,0,77933,0,13266715,0,0,0,0,2194140,1690458
1364903040,189,0,0,0,0,60462,0,14932008,0,0,7740,7740,2162873,1422276
1364903100,0,0,0,0,0,70140,0,6799973,742,0,90,90,2039161,2103496
1364903160,0,0,0,0,0,67106,0,15008850,184,0,90,90,2148833,1887755
1364903220,0,0,0,0,0,70907,0,12616806,0,0,0,0,2131358,2224977
1364903280,0,0,0,0,0,62994,0,17339018,0,0,2790,2790,2197836,1806837
1364903340,0,0,0,0,0,76258,0,12105815,243,0,2582,90,2184559,1819865
1364903400,0,0,0,0,0,59347,0,19128170,0,0,90,90,2216035,1924793
1364903460,0,0,0,0,0,69973,0,14504177,486,0,4860,4860,2136801,737270
1364903520,71827,0,0,0,0,59823,0,13818255,243,0,9720,9360,2113356,1379424
1364903580,198894,93739,0,0,0,71709,0,20333616,243,0,0,0,2406595,900738
1364903640,0,0,0,0,0,54618,0,16989885,243,0,630,630,2155970,2273663
1364903700,189,0,0,0,0,70088,0,16158776,0,0,0,0,2263654,1793791
1364903760,0,0,0,0,0,75864,0,8840633,1143,0,0,0,2138505,2262484
1364903820,0,0,0,0,0,67161,0,15373896,243,0,5670,5670,2183578,1703772
1364903880,0,0,0,0,0,63943,0,18194567,460,0,0,0,2268165,1953745
1364903940,0,0,0,0,0,67299,0,10744280,8832,0,0,0,2112533,1395550
1364904000,0,0,0,0,0,63371,0,9705380,256,0,2520,0,2096231,2583999
1364904060,0,0,0,0,0,78334,0,19840885,243,0,1260,1260,2368472,1691563
1364904120,0,0,0,0,0,69455,0,9155844,0,0,0,0,2006341,2126054
1364904180,0,0,0,0,0,64456,0,4851613,486,0,90,90,1878397,1593074
1364904240,0,0,0,0,0,69078,0,4715523,243,0,0,0,1989316,2211940
1364904300,0,0,0,0,0,77277,0,5961505,243,0,24393,3600,2026513,1732553
1364904360,0,0,0,0,0,56785,0,10926019,243,0,90,90,2037831,2294926
1364904420,0,0,0,0,0,69794,0,9920126,0,0,90,90,2111027,1487459
1364904480,0,0,0,0,0,66920,0,6477841,243,0,0,0,2008777,1295056
1364904540,0,0,0,0,0,71602,0,10458902,3003,0,90,90,2100164,864540
1364904600,0,0,0,0,0,62918,0,7335710,184,0,0,0,1909475,806299
1364904660,0,0,0,0,0,65240,0,12337232,900,0,0,0,2040399,731047
1364904720,0,0,0,0,0,68851,0,11358582,276,0,0,0,2119790,851351
1364904780,0,0,0,0,0,75348,0,12848684,243,0,0,0,2163765,996539
1364904840,0,0,0,0,0,64306,0,11885555,2760,0,8730,8730,2019095,565560
1364904900,0,54,0,0,0,62864,0,4539800,742,0,0,0,1736898,612179
1364904960,0,175742,0,0,0,74011,0,3244436,243,0,0,0,2091413,1521306
1364905020,0,0,0,0,0,58783,0,5179473,243,0,0,0,1870770,2356631
1364905080,189,0,0,0,0,64970,0,6111526,243,0,90,90,1922444,1509597
1364905140,0,0,0,0,0,70255,0,2328279,0,0,1530,1530,1809276,1623335
1364905200,0,0,0,0,0,83027,0,4704022,243,0,90,90,1967045,1336895
1364905260,0,0,0,0,0,61053,0,2528201,243,0,0,0,1699768,1086365
1364905320,0,0,0,0,0,69542,0,9721569,184,0,0,0,1981648,663886
1364905380,0,50256,0,0,0,75263,0,5041770,0,0,90,90,1924051,1596362
1364905440,0,0,0,0,0,55122,0,4056224,0,0,90,90,1753695,2212301
1364905500,189,0,0,0,0,73368,0,7580069,243,0,0,0,1977976,991201
1364905560,0,0,0,0,0,62112,0,5440919,92,0,360,360,1703135,730634
1364905620,0,0,0,0,0,72200,0,12744106,1570,0,0,0,2035066,702164
1364905680,0,0,0,0,0,63720,0,11249935,243,0,12960,12960,1974926,896181
1364905740,0,0,0,0,0,69485,0,7880383,243,0,455,0,1853842,806214
1364905800,0,49904,0,0,0,65726,0,5042586,499,0,0,0,1875730,1198714
1364905860,0,0,0,0,0,67424,0,10489272,0,0,7920,5400,1962124,1995969
1364905920,189,0,0,0,0,59991,0,11658061,243,0,180,180,1939586,2205072
1364905980,0,0,0,0,0,68866,0,14723483,243,0,0,0,2079074,1773126
1364906040,0,0,0,0,0,66294,0,9499528,184,0,0,0,1897099,1781584
1364906100,0,0,0,0,0,69294,0,10050944,0,0,20430,90,1938637,1339777
1364906160,0,0,0,0,0,60344,0,11506850,0,0,0,0,1852909,2392407
1364906220,0,0,0,0,0,78713,0,15933370,243,0,180,180,2101004,2060399
1364906280,0,0,0,0,0,60628,0,11811965,0,0,270,270,1847296,1211408
1364906340,0,0,0,0,0,76724,0,5905970,486,0,2700,2700,1783750,821932
1364906400,0,76734,0,0,0,60287,0,5354573,486,0,270,270,1770691,2262430
1364906460,0,0,0,0,0,71298,0,11034860,0,0,900,900,1866200,1910693
1364906520,189,0,0,0,0,60926,0,8251469,1419,0,90,90,1796397,2398036
1364906580,0,0,0,0,0,76136,0,7575079,0,0,270,270,1853387,1350161
1364906640,0,0,0,0,0,67089,0,2431236,0,0,360,360,1640619,2196271
1364906700,0,0,0,0,0,72298,0,4367298,742,0,2070,2070,1685943,1883338
1364906760,0,0,0,0,0,63577,0,7487797,184,0,0,0,1717184,2004038
1364906820,0,0,0,0,0,68460,0,4328473,0,0,90,90,1632905,1958697
1364906880,0,0,0,0,0,71698,0,7369187,0,0,0,0,1802815,2209723
1364906940,0,0,0,0,0,61510,0,11807435,243,0,0,0,1784977,1499830
1364907000,0,0,0,0,0,64612,0,7438470,0,0,0,0,1687188,2063660
1364907060,0,0,0,0,0,72864,0,4657783,486,0,0,0,1665592,1814203
1364907120,0,0,0,0,0,71023,0,4457808,243,0,7740,7740,1636296,1955162
1364907180,0,0,0,0,0,59354,0,4323488,243,0,90,90,1490091,1512813
1364907240,0,0,0,0,0,70262,0,8820492,243,0,90,90,1728206,1864071
1364907300,0,0,0,0,0,66542,0,8011245,0,0,0,0,1722547,1608469
1364907360,0,0,0,0,0,62019,0,6214438,243,0,180,180,1600488,763660
1364907420,0,0,0,0,0,63738,0,2872893,1143,0,90,90,1454630,640487
1364907480,0,0,0,0,0,69025,0,4122790,460,0,90,90,1526907,880273
1364907540,0,152245,0,0,0,68437,0,5441357,0,0,90,90,1707240,1669647
1364907600,0,0,0,0,0,68537,0,7410852,256,0,19350,19350,1611902,844530
1364907660,189,0,0,0,0,64981,0,7960679,243,0,2520,0,1600568,672246
1364907720,0,0,0,0,0,67308,0,8392181,0,0,630,630,1594098,909936
1364907780,0,0,0,0,0,76580,0,3900464,486,0,0,0,1548744,879269
1364907840,0,0,0,0,0,63056,0,10971946,243,0,0,0,1634591,729904
1364907900,0,42357,0,0,0,61511,0,3482118,243,0,20610,270,1436760,1176824
1364907960,0,0,0,0,0,76089,0,5995524,243,0,0,0,1629646,2106074
1364908020,189,0,0,0,0,70613,0,11268812,0,0,0,0,1734278,2335553
1364908080,0,0,0,0,0,68058,0,3574466,243,0,0,0,1428356,1442289
1364908140,0,0,0,0,0,67949,0,5895874,243,0,1170,1170,1506346,1200981
1364908200,0,0,0,0,0,59898,0,5588330,184,0,90,90,1469281,1948470
1364908260,0,0,0,0,0,68129,0,7545819,0,0,90,90,1591753,2319448
1364908320,0,0,0,0,0,60073,0,6270285,1176,0,0,0,1483447,1479580
1364908380,0,0,0,0,0,70974,0,8033098,243,0,0,0,1614919,1644068
1364908440,0,0,0,0,0,68179,0,8550926,0,0,1080,1080,1622683,2583509
1364908500,0,0,0,0,0,65931,0,9809436,742,0,90,90,1567232,2126809
1364908560,0,0,0,0,0,62189,0,14096228,243,0,90,90,1602526,1595417
1364908620,0,0,0,0,0,70674,0,9082940,243,0,0,0,1562014,1663725
1364908680,0,0,0,0,0,70668,0,2283063,243,0,0,0,1398682,2073545
1364908740,0,0,0,0,0,72757,0,1552444,0,0,0,0,1358495,2150756
1364908800,0,0,0,0,0,64493,0,1865562,243,0,0,0,1290103,1589342
1364908860,0,0,0,0,0,68146,0,8829694,243,0,0,0,1511335,1378466
1364908920,0,0,0,0,0,72005,0,4131887,184,0,8730,8730,1443121,2611354
1364908980,0,0,0,0,0,63075,0,7311664,0,0,0,0,1430809,2460494
1364909040,0,0,0,0,0,75502,0,7275624,0,0,0,0,1528779,1556864
1364909100,0,0,0,0,0,71355,0,9960547,243,0,0,0,1550811,1588073
1364909160,0,0,0,0,0,67103,0,18223238,0,0,0,0,1781300,2345541
1364909220,0,0,0,0,0,72869,0,9426396,854,0,90,90,1543416,2049675
1364909280,0,0,0,0,0,65644,0,8013168,1051,0,2074,1620,1494163,1281061
1364909340,0,0,0,0,209,64620,0,8163153,243,0,0,0,1387759,1835250
1364909400,0,0,0,0,0,71468,0,10660414,499,0,0,0,1562810,1725681
1364909460,0,211012,0,0,0,68945,0,11952268,0,0,2610,90,1698555,1405232
1364909520,0,0,0,0,0,63792,0,7061088,243,0,90,90,1342745,1324685
1364909580,135,0,0,0,0,71090,0,1566527,243,0,90,90,1263564,1703200
1364909640,0,0,0,0,0,60318,0,3793092,184,0,5220,5220,1241347,2351698
1364909700,0,0,0,0,0,71255,0,3219667,0,0,20340,0,1259324,2006011
1364909760,0,0,0,0,0,64443,0,3407785,0,0,12960,12960,1258392,1079122
1364909820,0,0,0,0,0,65676,0,5956294,243,0,0,0,1310061,1732715
1364909880,0,0,0,0,0,61376,0,3804863,0,0,453,0,1236317,2389088
1364909940,0,0,0,0,0,74635,0,3763462,486,0,5400,5400,1295576,1984771
1364910000,0,0,0,0,0,62236,0,1799561,243,0,180,180,1152306,1362461
1364910060,0,78163,0,0,0,60533,0,3058123,243,0,0,0,1228823,1385410
1364910120,0,0,0,0,0,74107,0,6063724,519,0,0,0,1359674,2152407
1364910180,189,0,0,0,0,68437,0,5587027,900,0,0,0,1286390,2353258
1364910240,0,0,0,0,0,59889,0,6858552,0,0,90,90,1230947,1456806
1364910300,0,0,0,0,0,64158,0,5836888,742,0,180,180,1230175,2240052
1364910360,0,0,0,0,0,78225,0,1715807,184,0,270,270,1215554,1960958
1364910420,0,0,0,0,0,57778,0,9067800,0,0,90,90,1252795,2430777
1364910480,0,0,0,0,0,70862,0,13464979,0,0,2790,2790,1498120,1409757
1364910540,0,0,0,0,0,68582,0,4839845,243,0,900,900,1228528,1958894
1364910600,0,0,0,0,0,71403,0,4914205,0,0,180,180,1221313,1994508
1364910660,0,0,0,0,0,59183,0,12671340,486,0,270,270,1335591,1903715
1364910720,0,0,0,0,0,63183,0,4077611,243,0,180,180,1144629,1617525
1364910780,0,99014,0,0,0,67994,0,6756592,243,0,2250,2250,1302146,1606173
1364910840,0,0,0,0,0,70989,0,4688986,243,0,0,0,1161555,1778514
1364910900,189,18188,0,0,0,60510,0,4195823,0,0,90,90,1145136,2204124
1364910960,0,0,0,0,0,65257,0,3543031,243,0,0,0,1121934,1600242
1364911020,135,0,0,0,0,63647,0,5547504,243,0,0,0,1091166,970023
1364911080,0,21438,0,0,0,74124,0,1138702,1360,0,0,0,1112647,2076821
1364911140,0,0,0,0,0,57083,0,2008253,0,0,0,0,952887,1454857
1364911200,189,0,0,0,0,65316,0,1944237,256,0,0,0,1085073,1696184
1364911260,0,0,0,0,0,68933,0,2782059,243,0,7830,7830,1086656,2121020
1364911320,0,0,0,0,0,70268,0,3681446,0,0,2700,90,1107546,1782989
1364911380,0,0,0,0,0,50150,0,10992970,486,0,0,0,1135654,2118255
1364911440,0,0,0,0,0,75068,0,13842289,243,0,0,0,1431150,1664790
1364911500,0,0,0,0,0,69152,0,18622112,243,0,180,180,1475027,2059909
1364911560,0,0,0,0,0,71185,0,3982804,243,0,20520,180,1071217,1777219
1364911620,0,0,0,0,0,56916,0,8964187,0,0,90,90,1113095,2028240
1364911680,0,0,0,0,0,65307,0,8655207,243,0,14490,14490,1186710,1864477
1364911740,0,0,0,0,0,73610,0,10721003,243,0,0,0,1252940,1848463
1364911800,0,0,0,0,0,60405,0,9016408,184,0,630,630,1122872,1736196
1364911860,0,107296,0,0,0,54584,0,26670891,0,0,0,0,1639809,1788523
1364911920,0,0,0,0,0,70776,0,10058568,276,0,0,0,1219470,1873592
1364911980,189,0,0,0,0,79853,0,7607694,1143,0,270,270,1242344,1724578
1364912040,0,0,0,0,0,55968,0,5584142,0,0,0,0,982761,1129048
1364912100,0,30740,0,0,0,64402,0,9063947,742,0,0,0,1198102,2297152
1364912160,0,0,0,0,0,66565,0,1255899,243,0,0,0,1020149,1900180
1364912220,189,0,0,0,0,68708,0,4915094,243,0,0,0,1107378,1574703
1364912280,0,0,0,0,0,59935,0,16148641,243,0,1260,1260,1339670,2090503
1364912340,0,0,0,0,0,65310,0,19251877,0,0,90,90,1464082,2188910
1364912400,0,43985,0,0,0,66462,0,20935815,243,0,0,0,1546492,1627575
1364912460,0,0,0,0,0,77393,0,19286481,243,0,0,0,1566096,1330019
1364912520,189,0,0,0,0,61088,0,11981693,184,0,1080,1080,1258464,2279577
1364912580,0,0,0,0,0,63533,0,14148510,0,0,90,90,1318975,1819973
1364912640,0,0,0,0,0,61286,0,19543338,0,0,0,0,1513242,1889742
1364912700,0,0,0,0,0,73432,0,13807383,243,0,90,90,1389871,1608220
1364912760,0,0,0,0,0,58869,0,4377150,0,0,0,0,1092897,2281066
1364912820,0,0,0,0,0,60041,0,6374243,762,0,0,0,1097826,1414969
1364912880,0,0,0,0,0,63179,0,8647651,335,0,0,0,1183633,2307239
1364912940,0,0,0,0,0,69270,0,8784209,1051,0,0,0,1270739,1280864
1364913000,0,0,0,0,0,72680,0,19815976,499,0,8730,8730,1588683,2395803
1364913060,0,0,0,0,0,62517,0,8905145,0,0,0,0,1190828,1538186
1364913120,0,0,0,0,0,59831,0,5328019,243,0,2520,0,1133280,2041768
1364913180,0,0,0,0,0,71212,0,19523876,243,0,0,0,1566435,1640482
1364913240,0,0,0,0,0,66206,0,27619643,184,0,0,0,1741110,2110057
1364913300,0,0,0,0,0,63097,0,9723662,0,0,543,90,1230093,1257424
1364913360,0,0,0,0,0,68531,0,6186867,0,0,21960,1620,1238261,2508312
1364913420,0,0,0,0,0,71924,0,4888323,243,0,0,0,1214457,1948165
1364913480,0,0,0,0,0,64819,0,8764920,0,0,0,0,1213767,1791340
1364913540,0,0,0,0,0,61893,0,5680778,486,0,0,0,1096994,1549231
1364913600,0,0,0,0,0,66060,0,4915595,243,0,180,180,1169231,2206585
1364913660,0,0,0,0,0,72055,0,5676526,243,0,0,0,1194233,1948920
1364913720,0,0,0,0,0,59230,0,4955593,519,0,4950,4950,1095112,1935703
1364913780,0,0,0,0,0,62655,0,9930892,0,0,360,360,1228248,686032
1364913840,0,0,0,0,0,68229,0,16027327,900,0,0,0,1403546,745321
1364913900,0,0,0,0,0,63183,0,10419293,742,0,12960,11880,1233307,987147
1364913960,0,0,0,0,0,59982,0,12137394,184,0,0,0,1234839,656170
1364914020,0,0,0,0,0,59952,0,18532503,0,0,5400,5400,1385081,778366
1364914080,0,0,0,0,0,69019,0,12964025,0,0,454,0,1361897,954440
1364914140,0,228062,0,0,0,66865,0,16531845,243,0,180,180,1535628,1258522
1364914200,0,0,0,0,0,62202,0,12584209,0,0,0,0,1242962,1680095
1364914260,189,0,0,0,0,60808,0,16545382,486,0,0,0,1342473,1077878
1364914320,0,0,0,0,0,69942,0,9943494,243,0,544,90,1229782,2011368
1364914380,0,0,0,0,0,67077,0,5940816,243,0,180,180,1059263,883882
1364914440,0,0,0,0,0,63215,0,6267573,243,0,270,270,1068171,838832
1364914500,0,0,0,0,0,60456,0,9400409,0,0,90,90,1131616,879188
1364914560,0,0,0,0,0,65754,0,13313063,243,0,2610,2610,1268799,818400
1364914620,0,58359,0,0,0,60198,0,5850537,243,0,1080,1080,1077383,947587
1364914680,0,0,0,0,0,63768,0,1502241,460,0,90,90,945755,2075294
1364914740,189,0,0,0,0,66953,0,4583161,900,0,360,360,1022679,1864580
1364914800,0,0,0,0,0,74440,0,11538006,256,0,634,180,1236646,1869140
1364914860,0,0,0,0,0,65678,0,1471841,243,0,180,180,934021,1687212
1364914920,0,0,0,0,0,65542,0,1379401,0,0,2070,2070,938813,1725556
1364914980,0,0,0,0,0,62451,0,1088981,486,0,2610,0,903168,2241312
1364915040,0,0,0,0,0,64832,0,933689,243,0,90,90,911737,2232856
1364915100,0,0,0,0,0,65102,0,8850813,243,0,0,0,1107356,1525796
1364915160,0,0,0,0,0,66990,0,11713806,243,0,20340,0,1211248,1791246
1364915220,0,0,0,0,0,65992,0,3173461,0,0,0,0,942364,2028618
1364915280,0,0,0,0,0,69489,0,8835500,243,0,0,0,1159582,2361137
1364915340,0,96811,0,0,0,65928,0,6260288,243,0,7830,7830,1111349,1285230
1364915400,0,0,0,0,0,63865,0,2122594,184,0,0,0,912406,1654096
1364915460,189,0,0,0,0,64228,0,14951167,0,0,90,90,1251308,1937429
1364915520,0,0,0,0,0,67137,0,12031081,276,0,0,0,1246322,1848970
1364915580,0,0,0,0,0,62949,0,10057064,243,0,180,180,1094932,1741218
1364915640,0,0,0,0,0,63556,0,10677685,900,0,180,180,1101778,1570265
1364915700,0,0,0,0,0,67063,0,12467893,742,0,0,0,1190619,1943150
1364915760,0,0,0,0,0,66828,0,9744185,243,0,9630,9630,1094434,1876245
1364915820,0,0,0,0,0,65125,0,8720767,243,0,4500,4500,1072677,1837535
1364915880,0,0,0,0,0,66235,0,5430187,243,0,1898,0,980703,1369238
1364915940,0,0,0,0,0,69092,0,4969009,0,0,630,630,1011981,2807961
1364916000,0,0,0,0,0,62286,0,7775421,243,0,0,0,1011909,1779166
1364916060,0,0,0,0,0,67472,0,5773035,243,0,270,270,992289,1546928
1364916120,0,0,0,0,0,57650,0,2143159,184,0,6480,5400,818639,1613469
1364916180,0,0,0,0,0,71884,0,4706389,0,0,0,0,1012747,2110181
1364916240,0,0,0,0,0,67077,0,11141495,0,0,0,0,1087569,987772
1364916300,0,127641,0,0,0,59435,0,11584304,243,0,0,0,1131784,798782
1364916360,0,0,0,0,0,67903,0,11846059,0,0,1260,1260,1099366,700190
1364916420,135,0,0,0,0,59697,0,1229908,762,0,0,0,824390,1012985
1364916480,0,0,0,0,0,60009,0,6451992,243,0,90,90,934506,804129
1364916540,0,0,0,0,0,69901,0,7509428,335,0,0,0,992818,774679
1364916600,0,33038,0,0,0,53516,0,10969699,1307,0,2520,2520,950259,1252401
1364916660,0,7633,0,0,0,8559,0,5603146,0,0,0,0,327266,855457
1364916720,189,0,0,0,0,2634,0,8136451,243,0,90,90,265037,108
1364916780,135,0,0,0,0,2580,0,1840779,243,0,2610,90,103603,54
1364916840,0,0,0,0,0,2526,0,8831166,184,0,0,0,290276,0
1364916900,0,0,0,0,0,1774,0,6511769,0,0,0,0,212788,0
1364916960,0,0,0,0,0,2580,0,8528054,0,0,20340,0,257807,0
1364917020,0,0,0,0,0,3440,0,1445535,243,0,0,0,67718,0
1364917080,0,0,0,0,0,806,0,1077273,2208,0,8730,8730,52850,0
1364917140,0,0,0,0,0,2231,0,427965,486,0,0,0,27754,0
1364917200,0,0,0,0,0,3843,0,4836357,243,0,0,0,155438,0
1364917260,0,0,0,0,0,2177,0,7796178,243,0,0,0,221614,0
1364917320,0,0,0,0,0,1263,0,9452306,519,0,0,0,273772,0
1364917380,0,0,0,0,0,1774,0,2749932,552,0,90,90,100391,0
1364917440,0,0,0,0,0,4757,0,11170359,0,0,1530,1530,328088,0
1364917500,0,0,0,0,0,1263,0,16790437,1642,0,90,90,465850,0
1364917560,0,0,0,0,0,1263,0,11303579,184,0,90,90,319448,0
1364917620,0,0,0,0,0,1774,0,5696471,0,0,0,0,180505,0
1364917680,0,0,0,0,0,4757,0,509054,0,0,0,0,39172,0
1364917740,0,0,0,0,0,1612,0,4800424,243,0,90,90,142520,0
1364917800,0,0,0,0,0,1371,0,7971961,0,0,0,0,222659,0
1364917860,0,0,0,0,0,3440,0,5095470,486,0,5220,5220,162081,0
1364917920,0,0,0,0,0,2983,0,19435025,243,0,0,0,526323,0
1364917980,0,0,0,0,0,1263,0,6571246,243,0,12960,12690,210219,0
1364918040,0,0,0,0,0,1828,0,10617607,243,0,0,0,321444,0
1364918100,0,0,0,0,0,3440,0,16263719,0,0,0,0,462944,0
1364918160,0,0,0,0,0,2526,0,10238627,243,0,6480,5670,320314,0
1364918220,0,0,0,0,0,860,0,19048870,243,0,180,180,525377,0
1364918280,0,0,0,0,0,2123,0,3232709,460,0,0,0,106422,0
1364918340,0,0,0,0,0,3843,0,14651071,0,0,0,0,431413,0
1364918400,0,0,0,0,0,2177,0,14067602,1156,0,90,90,387802,0
1364918460,0,0,0,0,0,860,0,9622037,243,0,90,90,273252,0
1364918520,0,0,0,0,0,4354,0,11581926,0,0,180,180,321724,0
1364918580,0,0,0,0,0,2580,0,6471932,486,0,270,270,193206,0
1364918640,0,0,0,0,0,1263,0,4584687,243,0,5220,2610,139193,0
1364918700,0,0,0,0,0,1263,0,12057683,243,0,450,450,335978,0
1364918760,0,0,0,0,0,3897,0,8997008,243,0,21060,720,259175,0
1364918820,0,0,0,0,0,2123,0,6434558,0,0,180,180,193097,0
1364918880,0,0,0,0,0,1720,0,11229727,243,0,270,270,318224,0
1364918940,0,0,0,0,0,2688,0,16676548,243,0,270,270,460889,0
1364919000,0,0,0,0,0,3789,0,12001713,184,0,2070,2070,358763,0
1364919060,0,0,0,0,0,1263,0,12165164,0,0,0,0,354146,0
1364919120,0,0,0,0,0,1720,0,12874588,276,0,90,90,367826,0
1364919180,0,0,0,0,0,2781,0,14279031,243,0,0,0,427174,0
1364919240,0,0,0,0,0,3386,0,11596624,0,0,0,0,311628,0
1364919300,0,0,0,0,0,1828,0,6501103,1642,0,0,0,211242,0
1364919360,0,0,0,0,0,1720,0,9559450,243,0,0,0,290649,0
1364919420,0,0,0,0,0,3037,0,16655686,243,0,7740,7740,451622,0
1364919480,0,0,0,0,0,2526,0,13303764,243,0,90,90,385691,0
1364919540,0,0,0,0,0,860,0,3667277,0,0,90,90,132270,0
1364919600,0,0,0,0,0,4005,0,10367602,243,0,90,90,300568,0
1364919660,0,0,0,0,0,2123,0,9680705,243,0,180,180,300831,0
1364919720,0,0,0,0,0,2526,0,8619808,184,0,0,0,269510,0
1364919780,0,0,0,0,0,1317,0,14885404,0,0,90,90,445304,0
1364919840,0,0,0,0,0,3091,0,15206014,0,0,0,0,453035,0
1364919900,0,0,0,0,0,1666,0,8448031,243,0,14130,14130,238487,0
1364919960,0,0,0,0,0,2983,0,6958432,0,0,0,0,231748,0
1364920020,0,0,0,0,0,1263,0,1576503,762,0,630,630,85469,0
1364920080,0,0,0,0,0,3548,0,1172440,243,0,0,0,67143,0
1364920140,0,0,0,0,0,1666,0,3891452,243,0,0,0,141275,0
1364920200,0,0,0,0,0,2123,0,10645531,591,0,6750,5670,301662,0
1364920260,0,0,0,0,0,2634,0,1615256,808,0,0,0,90145,0
1364920320,0,0,0,0,0,2634,0,4826391,243,0,0,0,170294,0
1364920380,0,0,0,0,0,2983,0,15781567,243,0,0,0,458518,0
1364920440,0,0,0,0,0,1263,0,10049249,184,0,3780,1260,281937,0
1364920500,0,0,0,0,0,3897,0,20437949,0,0,0,0,577705,0
1364920560,0,0,0,0,0,1720,0,20957777,0,0,20430,90,569663,0
1364920620,0,0,0,0,0,2123,0,25531556,243,0,0,0,718666,0
1364920680,0,0,0,0,0,1720,0,12933891,0,0,2520,2520,387581,0
1364920740,0,0,0,0,0,3494,0,17453202,486,0,0,0,522556,0
1364920800,0,0,0,0,0,2177,0,20782391,243,0,90,90,599502,0
1364920860,0,0,0,0,0,1720,0,11227641,243,0,90,90,343672,0
1364920920,0,0,0,0,0,3091,0,10231097,519,0,0,0,319929,0
1364920980,0,0,0,0,0,2177,0,11547110,0,0,0,0,356786,0
1364921040,0,0,0,0,0,2123,0,3586463,0,0,0,0,124911,0
1364921100,0,0,0,0,0,2069,0,12704711,742,0,0,0,350276,0
1364921160,0,0,0,0,0,2231,0,20276409,1084,0,0,0,557161,0
1364921220,0,0,0,0,0,3037,0,18622850,0,0,9540,9540,494631,0
1364921280,0,0,0,0,0,1666,0,6497606,0,0,0,0,231840,0
1364921340,0,0,0,0,0,2983,0,8988090,243,0,0,0,278321,0
1364921400,0,0,0,0,0,2177,0,16352888,0,0,0,0,452016,0
1364921460,0,0,0,0,0,2231,0,8328387,486,0,90,90,254787,0
1364921520,0,0,0,0,0,2472,0,6019657,243,0,0,0,167099,0
1364921580,0,0,0,0,0,2835,0,8581336,243,0,1620,1620,245376,0
1364921640,0,0,0,0,0,1666,0,9727830,243,0,90,90,291731,0
1364921700,0,0,0,0,0,3037,0,546602,0,0,810,810,27223,0
1364921760,0,0,0,0,0,1720,0,11675028,243,0,0,0,315232,0
1364921820,0,0,0,0,0,3130,0,8873965,243,0,90,90,238271,0
1364921880,0,0,0,0,0,1774,0,4194178,460,0,0,0,118403,0
1364921940,0,0,0,0,0,2526,0,5337410,0,0,5220,5220,174521,0
1364922000,0,0,0,0,0,1317,0,13085708,256,0,0,0,385028,0
1364922060,0,0,0,0,0,3440,0,10184664,1143,0,12960,12870,295355,0
1364922120,0,0,0,0,0,2231,0,7434436,3312,0,0,0,225422,0
1364922180,0,0,0,0,0,2069,0,15846168,486,0,0,0,448653,0
1364922240,0,0,0,0,0,3037,0,16393218,243,0,9000,6480,465205,0
1364922300,0,0,0,0,0,2123,0,9698515,243,0,180,180,294319,0
1364922360,0,0,0,0,0,1774,0,9819645,243,0,0,0,295816,0
1364922420,0,0,0,0,0,2526,0,1819526,0,0,20340,0,90877,0
1364922480,0,0,0,0,0,3897,0,22534151,243,0,90,90,610884,0
1364922540,0,0,0,0,0,1371,0,8897843,243,0,0,0,291711,0
1364922600,0,0,0,0,0,1666,0,14177135,460,0,180,180,408476,0
1364922660,0,0,0,0,0,2875,0,2694697,0,0,270,270,133945,0
1364922720,0,0,0,0,0,2634,0,5037784,0,0,3510,3510,182001,0
1364922780,0,0,0,0,0,2231,0,9034788,243,0,180,180,280439,0
1364922840,0,0,0,0,0,2472,0,4149149,0,0,450,450,124061,0
1364922900,0,0,0,0,0,2580,0,7800346,742,0,180,180,227057,0
1364922960,0,0,0,0,0,1774,0,16338216,1143,0,180,180,467859,0
1364923020,0,0,0,0,0,2580,0,25454471,243,0,270,270,709513,0
1364923080,0,0,0,0,0,2580,0,18934530,243,0,1350,1350,525444,0
1364923140,0,0,0,0,0,2580,0,10421003,0,0,0,0,327202,0
1364923200,0,0,0,0,0,2231,0,5658503,243,0,90,90,184560,0
1364923260,0,0,0,0,0,1666,0,1815740,243,0,810,810,95895,0
1364923320,0,0,0,0,0,4191,0,11112975,184,0,0,0,313700,0
1364923380,0,0,0,0,0,1720,0,3568980,0,0,0,0,127656,0
1364923440,0,0,0,0,0,1720,0,10582403,243,0,0,0,316316,0
1364923500,0,0,0,0,0,2177,0,8409000,0,0,7650,7650,251293,0
1364923560,0,0,0,0,0,4300,0,8165370,0,0,180,180,232069,0
1364923620,0,0,0,0,0,457,0,2234001,762,0,90,90,81902,0
1364923680,0,0,0,0,0,2580,0,6165021,243,0,0,0,170820,0
1364923740,0,0,0,0,0,3548,0,18281685,243,0,270,270,506654,0
1364923800,0,0,0,0,0,2123,0,10653483,499,0,810,810,329641,0
1364923860,0,0,0,0,0,1317,0,15536964,92,0,90,90,456297,0
1364923920,0,0,0,0,0,2177,0,14180782,1051,0,0,0,430963,0
1364923980,0,0,0,0,0,3440,0,14168508,243,0,9270,9270,428706,0
1364924040,0,0,0,0,0,2580,0,9078659,184,0,2520,0,293116,0
1364924100,0,0,0,0,0,1209,0,17530266,0,0,450,450,510537,0
1364924160,0,0,0,0,0,3494,0,9239547,243,0,0,0,290197,0
1364924220,0,0,0,0,0,2177,0,16594551,0,0,20340,0,459063,0
1364924280,0,0,0,0,0,1720,0,12881645,0,0,5940,5670,347243,0
1364924340,0,0,0,0,0,1720,0,15769360,486,0,0,0,448887,0
1364924400,0,0,0,0,0,3843,0,1652945,243,0,0,0,78155,0
1364924460,0,0,0,0,0,2231,0,1695751,243,0,0,0,83432,0
1364924520,0,0,0,0,0,1666,0,5627691,519,0,1170,1170,169386,0
1364924580,0,0,0,0,0,2177,0,3086144,0,0,90,90,102046,0
1364924640,0,0,0,0,0,3037,0,5252424,0,0,90,90,163662,0
1364924700,0,0,0,0,0,1720,0,4429723,742,0,0,0,142431,0
1364924760,0,0,0,0,0,2634,0,8011715,184,0,0,0,233136,0
1364924820,0,0,0,0,0,2929,0,8748552,900,0,3330,3330,261362,0
1364924880,0,0,0,0,0,2634,0,1895784,243,0,90,90,89425,0
1364924940,0,0,0,0,0,1828,0,1245512,0,0,90,90,73179,0
1364925000,0,0,0,0,0,2069,0,3479855,0,0,0,0,115056,0
1364925060,0,0,0,0,0,2580,0,9338394,486,0,0,0,273496,0
1364925120,0,0,0,0,0,1774,0,1492846,243,0,0,0,68591,0
1364925180,0,0,0,0,0,2580,0,4759993,243,0,0,0,144733,0
1364925240,0,0,0,0,0,2526,0,4600893,243,0,0,0,144114,0
1364925300,0,0,0,0,0,3091,0,558216,0,0,8730,8730,34572,0
1364925360,0,0,0,0,0,1209,0,4605479,243,0,0,0,143480,0
1364925420,0,0,0,0,0,2634,0,10405427,243,0,0,0,302067,0
1364925480,0,0,0,0,0,2929,0,2231378,460,0,0,0,80030,0
1364925540,0,0,0,0,0,2634,0,1374014,0,0,0,0,66665,0
1364925600,0,0,0,0,0,1720,0,12282450,256,0,90,90,328954,0
1364925660,0,0,0,0,0,2177,0,1338938,243,0,90,90,59944,0
1364925720,0,0,0,0,0,2526,0,4862708,900,0,0,0,146081,0
1364925780,0,0,0,0,0,2177,0,4686554,486,0,90,90,140786,0
1364925840,0,0,0,0,0,2634,0,5257419,243,0,0,0,165402,0
1364925900,0,0,0,0,0,2123,0,4244325,243,0,3273,90,140887,0
1364925960,0,0,0,0,0,2688,0,4266096,243,0,0,0,144879,0
1364926020,0,0,0,0,0,2177,0,1011317,0,0,25560,5220,54756,0
1364926080,0,0,0,0,0,2069,0,5087906,243,0,0,0,164222,0
1364926140,0,0,0,0,0,2983,0,7785825,243,0,7380,7380,222047,0
1364926200,0,0,0,0,0,1371,0,2780837,184,0,0,0,110527,0
1364926260,0,0,0,0,0,2983,0,466817,0,0,0,0,34260,0
1364926320,0,0,0,0,0,2069,0,4902497,276,0,5670,5400,165759,0
1364926380,0,0,0,0,0,2688,0,12529520,243,0,0,0,368338,0
1364926440,0,0,0,0,0,2580,0,11571594,0,0,0,0,349262,0
1364926500,0,0,0,0,0,1666,0,17010417,742,0,0,0,486396,0
1364926560,0,0,0,0,0,3037,0,15737299,243,0,0,0,450829,0
1364926620,0,0,0,0,0,1774,0,17951122,1143,0,90,90,513017,0
1364926680,0,0,0,0,0,2634,0,9247611,243,0,90,90,269679,0
1364926740,0,0,0,0,0,1774,0,13158484,0,0,270,270,367890,0
1364926800,0,0,0,0,0,3494,0,2988491,243,0,90,90,118264,0
1364926860,0,0,0,0,0,2177,0,12243611,243,0,3510,3510,329834,0
1364926920,0,0,0,0,0,2123,0,1442929,184,0,990,990,75395,0
1364926980,0,0,0,0,0,2123,0,4514368,0,0,90,90,131148,0
1364927040,0,0,0,0,0,3037,0,4269591,0,0,360,360,131684,0
1364927100,0,0,0,0,0,1720,0,1111359,243,0,180,180,56941,0
1364927160,0,0,0,0,0,2123,0,4081510,0,0,990,990,134668,0
1364927220,0,0,0,0,0,3494,0,1008777,762,0,0,0,55213,0
1364927280,0,0,0,0,0,1720,0,6813106,243,0,90,90,198629,0
1364927340,0,0,0,0,0,3386,0,2191920,243,0,0,0,85596,0
1364927400,0,0,0,0,0,457,0,1978802,499,0,0,0,81504,0
1364927460,0,0,0,0,0,3037,0,575988,0,0,0,0,32479,0
1364927520,0,0,0,0,0,2526,0,4310198,335,0,0,0,127060,0
1364927580,0,0,0,0,0,2123,0,5202038,1051,0,0,0,157469,0
1364927640,0,0,0,0,0,3145,0,773733,184,0,7830,7830,42378,0
1364927700,0,0,0,0,0,1317,0,4212609,0,0,90,90,133195,0
1364927760,0,0,0,0,0,3789,0,4346505,0,0,2610,0,136573,0
1364927820,0,0,0,0,0,1317,0,7685870,243,0,20430,90,204442,0
1364927880,0,0,0,0,0,2634,0,10859132,0,0,0,0,323735,0
1364927940,0,0,0,0,0,2123,0,5954186,486,0,90,90,177026,0
1364928000,0,0,0,0,0,3076,0,3145045,243,0,0,0,106728,0
1364928060,0,0,0,0,0,2231,0,4328292,243,0,4500,4500,131454,0
1364928120,0,0,0,0,0,2634,0,5082184,519,0,0,0,159690,0
1364928180,0,0,0,0,0,2069,0,3562066,0,0,270,270,104246,0
1364928240,0,0,0,0,0,3494,0,7639598,0,0,0,0,219558,0
1364928300,0,0,0,0,0,1371,0,15881200,742,0,0,0,458000,0
1364928360,0,0,0,0,0,3332,0,20714979,184,0,5040,4770,561563,0
1364928420,0,0,0,0,0,1720,0,20849595,0,0,0,0,584493,0
1364928480,0,0,0,0,0,2634,0,12847205,900,0,0,0,383989,0
1364928540,0,0,0,0,0,1720,0,6472428,243,0,0,0,216168,0
1364928600,0,0,0,0,0,2983,0,15802636,0,0,0,0,452877,0
1364928660,0,0,0,0,0,2177,0,8727109,486,0,90,90,277476,0
1364928720,0,0,0,0,0,2580,0,6187474,243,0,90,90,221196,0
1364928780,0,0,0,0,0,2929,0,4501167,519,0,0,0,169418,0
1364928840,0,0,0,0,0,1720,0,658460,243,0,0,0,41484,0
1364928900,0,0,0,0,0,3037,0,6748228,0,0,0,0,197287,0
1364928960,0,0,0,0,0,1263,0,8761295,243,0,90,90,245982,0
1364929020,0,0,0,0,0,2123,0,9117711,243,0,0,0,279737,0
1364929080,0,0,0,0,0,3037,0,12089238,184,0,0,0,351658,0
1364929140,0,0,0,0,0,2580,0,9766706,0,0,0,0,282295,0
1364929200,0,0,0,0,0,2177,0,9653996,256,0,0,0,278492,0
1364929260,0,0,0,0,0,2580,0,8588535,243,0,0,0,247150,0
1364929320,0,0,0,0,0,2177,0,3814689,0,0,0,0,122246,0
1364929380,0,0,0,0,0,2929,0,7783319,1386,0,0,0,225850,0
1364929440,0,0,0,0,0,3091,0,13128055,3831,0,0,0,361988,0
1364929500,0,0,0,0,0,860,0,11357916,243,0,0,0,341810,0
1364929560,0,0,0,0,0,2526,0,11727776,243,0,0,0,350531,0
1364929620,0,0,0,0,0,3494,0,5009915,0,0,22950,0,173046,0
1364929680,0,0,0,0,0,1720,0,7525021,243,0,90,90,228045,0
1364929740,0,0,0,0,0,1317,0,6131707,243,0,1620,1620,196504,0
1364929800,0,0,0,0,0,3789,0,6627596,3772,0,0,0,213037,0
1364929860,0,0,0,0,0,1774,0,5779908,0,0,90,90,174102,0
1364929920,0,0,0,0,0,2123,0,8034509,276,0,0,0,234368,0
1364929980,0,0,0,0,0,2821,0,12557212,243,0,90,90,379932,0
1364930040,0,0,0,0,0,3091,0,12825659,0,0,0,0,390764,0
1364930100,0,0,0,0,0,1317,0,9669888,742,0,4860,4860,296701,0
1364930160,0,0,0,0,0,1666,0,5445456,243,0,0,0,182228,0
1364930220,0,0,0,0,0,2929,0,12579356,243,0,0,0,356948,0
1364930280,0,0,0,0,0,2688,0,12322102,1143,0,5850,5850,359376,0
1364930340,0,0,0,0,0,2177,0,9805979,0,0,4860,4860,284203,0
1364930400,0,0,0,0,0,2526,0,4152826,243,0,1170,1170,138816,0
1364930460,0,0,0,0,0,2634,0,10530789,243,0,0,0,311875,0
1364930520,0,0,0,0,0,1720,0,2316690,184,0,180,180,102509,0
1364930580,0,0,0,0,0,2580,0,7781832,0,0,0,0,231461,0
1364930640,0,0,0,0,0,2069,0,5823616,0,0,0,0,188314,0
1364930700,0,0,0,0,0,3548,0,3065281,243,0,90,90,117178,0
1364930760,0,0,0,0,0,1209,0,6459679,0,0,90,90,202155,0
1364930820,0,0,0,0,0,2580,0,3346397,762,0,90,90,109630,0
1364930880,0,0,0,0,0,3897,0,3189250,243,0,0,0,103038,0
1364930940,0,0,0,0,0,1317,0,2001098,243,0,3330,3330,77893,0
1364931000,0,0,0,0,0,2580,0,5635052,499,0,90,90,160867,0
1364931060,0,0,0,0,0,2069,0,9958534,0,0,0,0,291306,0
1364931120,0,0,0,0,0,2634,0,14866462,243,0,90,90,428485,0
1364931180,0,0,0,0,0,1720,0,8901501,335,0,0,0,270443,0
1364931240,0,0,0,0,0,2983,0,1262580,992,0,0,0,72188,0
1364931300,0,0,0,0,0,3440,0,2444211,0,0,1260,1260,97386,0
1364931360,0,0,0,0,0,1774,0,7411983,0,0,0,0,227879,0
1364931420,0,0,0,0,0,2123,0,4097383,243,0,20340,0,139423,0
1364931480,0,0,0,0,0,2123,0,2418425,0,0,2790,270,82578,0
1364931540,0,0,0,0,0,2580,0,7091044,486,0,0,0,205330,0
1364931600,0,0,0,0,0,2231,0,9353783,243,0,0,0,255560,0
1364931660,0,0,0,0,0,2472,0,10775111,243,0,0,0,299832,0
1364931720,0,0,0,0,0,2742,0,3824502,519,0,180,180,133365,0
1364931780,0,0,0,0,0,1666,0,3097459,0,0,0,0,104523,0
1364931840,0,0,0,0,0,2177,0,7111384,0,0,90,90,228459,0
1364931900,0,0,0,0,0,2526,0,15326135,742,0,90,90,433968,0
1364931960,0,0,0,0,0,3440,0,7831167,184,0,180,180,240659,0
1364932020,0,0,0,0,0,1317,0,9918006,0,0,90,90,290641,0
1364932080,0,0,0,0,0,2526,0,5595806,0,0,0,0,183839,0
1364932140,0,0,0,0,0,3037,0,896330,1143,0,4770,4770,54021,0
1364932200,0,0,0,0,0,2177,0,2844117,0,0,0,0,106861,0
1364932260,0,0,0,0,0,1317,0,2739095,486,0,0,0,108805,0
1364932320,0,0,0,0,0,2526,0,7790177,243,0,540,540,249677,0
1364932380,0,0,0,0,0,3494,0,2474617,243,0,4860,4860,118369,0
1364932440,0,0,0,0,0,2177,0,5052013,243,0,0,0,167266,0
1364932500,0,0,0,0,0,2472,0,4852822,0,0,4770,4770,171488,0
1364932560,0,0,0,0,0,2177,0,5122809,243,0,0,0,155429,0
1364932620,0,0,0,0,0,2231,0,5849944,243,0,0,0,180144,0
1364932680,0,0,0,0,0,1720,0,8142456,460,0,0,0,260871,0
1364932740,0,0,0,0,0,2983,0,12379600,0,0,1260,1260,346041,0
1364932800,0,0,0,0,0,2634,0,6146078,256,0,0,0,183933,0
1364932860,0,0,0,0,0,2580,0,10300346,243,0,90,90,295790,0
1364932920,0,0,0,0,0,1720,0,11831719,0,0,0,0,331226,0
1364932980,0,0,0,0,0,2123,0,10428081,486,0,0,0,311360,0
1364933040,0,0,0,0,0,2177,0,3976528,1143,0,0,0,148398,0
1364933100,0,0,0,0,0,3037,0,16203546,243,0,90,90,477283,0
1364933160,0,0,0,0,0,1209,0,1648724,243,0,0,0,77650,0
1364933220,0,0,0,0,0,3037,0,3303986,0,0,20340,0,119054,0
1364933280,0,0,0,0,0,2580,0,12926093,243,0,2520,0,374284,0
1364933340,0,0,0,0,0,2177,0,14921599,243,0,0,0,442812,0
1364933400,0,0,0,0,0,2983,0,12152003,184,0,0,0,347340,0
1364933460,0,0,0,0,0,1317,0,11712842,0,0,0,0,343663,0
1364933520,0,0,0,0,0,3091,0,13627389,276,0,9000,5760,396766,0
1364933580,0,0,0,0,0,2069,0,6150059,243,0,0,0,204936,0
1364933640,0,0,0,0,0,2580,0,26339639,0,0,0,0,728932,0
1364933700,0,0,0,0,0,2123,0,13499535,742,0,0,0,363081,0
1364933760,0,0,0,0,0,2688,0,17959365,243,0,90,90,497473,0
1364933820,0,0,0,0,0,3037,0,12329675,243,0,0,0,353318,0
1364933880,0,0,0,0,0,1263,0,4068465,243,0,90,90,123867,0
1364933940,0,0,0,0,0,2580,0,21580584,900,0,0,0,592024,0
1364934000,0,0,0,0,0,2177,0,15174397,243,0,0,0,464194,0
1364934060,0,0,0,0,0,3037,0,10617369,243,0,0,0,328143,0
1364934120,0,0,0,0,0,1720,0,14613348,184,0,90,90,427242,0
1364934180,0,0,0,0,0,2069,0,12978831,0,0,0,0,389070,0
1364934240,0,0,0,0,0,1774,0,19904059,0,0,360,360,561451,0
1364934300,0,0,0,0,0,3897,0,10518606,243,0,0,0,324623,0
1364934360,0,0,0,0,0,2069,0,12745051,0,0,7380,7380,371966,0
1364934420,0,0,0,0,0,1828,0,27210463,762,0,4860,4860,736849,0
1364934480,0,0,0,0,0,2580,0,13998778,243,0,0,0,417897,0
1364934540,0,0,0,0,0,3037,0,9647282,243,0,1170,1170,302204,0
1364934600,0,0,0,0,0,2069,0,8506892,499,0,0,0,280366,0
1364934660,0,0,0,0,0,1371,0,4615292,0,0,0,0,171773,0
1364934720,0,0,0,0,0,3494,0,13503292,243,0,0,0,409524,0
1364934780,0,0,0,0,0,2875,0,17509709,243,0,90,90,520404,0
1364934840,0,0,0,0,0,1774,0,10437098,276,0,0,0,327764,0
1364934900,0,0,0,0,0,2177,0,5722403,808,0,180,180,184503,0
1364934960,0,0,0,0,0,2177,0,16850464,0,0,270,270,494876,0
1364935020,0,0,0,0,0,3332,0,5953435,243,0,3420,3420,189440,0
1364935080,0,0,0,0,0,1371,0,13499394,0,0,23130,270,401550,0
1364935140,0,0,0,0,0,2123,0,1722673,486,0,900,900,92641,0
1364935200,0,0,0,0,0,3843,0,758220,243,0,180,180,43528,0
1364935260,0,0,0,0,0,860,0,610117,243,0,270,270,33275,0
1364935320,0,0,0,0,0,3494,0,9280525,519,0,270,270,284657,0
1364935380,0,0,0,0,0,2580,0,2561159,0,0,810,810,124538,0
1364935440,0,0,0,0,0,2526,0,2829710,0,0,0,0,131890,0
1364935500,0,0,0,0,0,2177,0,10035899,742,0,90,90,293168,0
1364935560,0,0,0,0,0,2177,0,4049203,184,0,270,270,152543,0
1364935620,0,0,0,0,0,3494,0,13950956,0,0,0,0,374198,0
1364935680,0,0,0,0,0,1720,0,10996813,0,0,0,0,330564,0
1364935740,0,0,0,0,0,2123,0,11649484,243,0,0,0,324674,0
1364935800,0,0,0,0,0,2123,0,9133429,900,0,7650,7650,295958,0
1364935860,0,0,0,0,0,3897,0,14682308,486,0,90,90,437283,0
1364935920,0,0,0,0,0,2123,0,12773848,243,0,90,90,380897,0
1364935980,0,0,0,0,0,1774,0,19879101,243,0,90,90,548385,0
1364936040,0,0,0,0,0,2472,0,11025941,243,0,0,0,309490,0
1364936100,0,0,0,0,0,2688,0,6096603,0,0,0,0,188371,0
1364936160,0,0,0,0,0,1720,0,4143214,243,0,90,90,138094,0
1364936220,0,0,0,0,0,1720,0,8369876,243,0,0,0,252296,0
1364936280,0,0,0,0,0,3533,0,5812960,460,0,4500,4500,216932,0
1364936340,0,0,0,0,0,2580,0,7867557,0,0,0,0,249070,0
1364936400,0,0,0,0,0,2177,0,6985055,256,0,270,270,213740,0
1364936460,0,0,0,0,0,1720,0,8935836,243,0,4860,4860,276255,0
1364936520,0,0,0,0,0,3440,0,6623627,0,0,0,0,222743,0
1364936580,0,0,0,0,0,1774,0,826370,486,0,4770,4770,48607,0
1364936640,0,0,0,0,0,2123,0,782091,243,0,0,0,47481,0
1364936700,0,0,0,0,0,2929,0,1520149,1143,0,0,0,79043,0
1364936760,0,0,0,0,0,1774,0,737161,243,0,0,0,42950,0
1364936820,0,0,0,0,0,3494,0,2105020,0,0,90,90,75649,0
1364936880,0,0,0,0,0,806,0,9508723,243,0,22860,0,258499,0
1364936940,0,0,0,0,0,3440,0,3745336,243,0,90,90,132707,0
1364937000,0,0,0,0,0,1263,0,10569399,184,0,0,0,304712,0
1364937060,0,0,0,0,0,3548,0,5798987,0,0,0,0,187619,0
1364937120,0,0,0,0,0,1720,0,11584186,276,0,0,0,358429,0
1364937180,0,0,0,0,0,3386,0,11232853,243,0,90,90,338026,0
1364937240,0,0,0,0,0,3091,0,1095069,0,0,0,0,48722,0
1364937300,0,0,0,0,0,860,0,3862509,742,0,0,0,117230,0
1364937360,0,0,0,0,0,2472,0,9181948,243,0,0,0,274426,0
1364937420,0,0,0,0,0,2580,0,1587418,243,0,0,0,68653,0
1364937480,0,0,0,0,0,3091,0,1265953,243,0,0,0,66266,0
1364937540,0,0,0,0,0,2123,0,9334252,0,0,0,0,260924,0
1364937600,0,0,0,0,0,1720,0,11261665,1143,0,270,270,324897,0
1364937660,0,0,0,0,0,2929,0,16820330,243,0,0,0,498993,0
1364937720,0,0,0,0,0,2339,0,16386066,184,0,0,0,467909,0
1364937780,0,0,0,0,0,1666,0,31349749,0,0,0,0,849845,0
1364937840,0,0,0,0,0,3386,0,9231962,0,0,90,90,276868,0
1364937900,0,0,0,0,0,2580,0,11190222,243,0,0,0,312538,0
1364937960,0,0,0,0,0,1774,0,11162505,0,0,1620,1620,319113,0
1364938020,0,0,0,0,0,2472,0,8185518,762,0,0,0,246181,0
1364938080,0,0,0,0,0,2177,0,9367408,243,0,0,0,271393,0
1364938140,0,0,0,0,0,2634,0,22296732,243,0,0,0,613139,0
1364938200,0,0,0,0,0,2177,0,23295683,499,0,90,90,655148,0
1364938260,0,0,0,0,0,2472,0,19437808,0,0,0,0,549821,0
1364938320,0,0,0,0,0,1720,0,12050519,243,0,0,0,355972,0
1364938380,0,0,0,0,0,2688,0,9055198,243,0,0,0,272612,0
1364938440,0,0,0,0,0,2270,0,6329218,184,0,5760,5760,197965,0
1364938500,0,0,0,0,0,3789,0,13820642,92,0,0,0,371435,0
1364938560,0,0,0,0,0,457,0,12269675,808,0,4860,4860,334499,0
1364938620,0,0,0,0,0,2688,0,4806861,243,0,900,900,152699,0
1364938680,0,0,0,0,0,4192,0,4777082,0,0,23040,180,155027,0
1364938740,0,0,0,0,0,1263,0,4737014,486,0,0,0,142962,0
1364938800,0,0,0,0,0,2688,0,8741582,243,0,0,0,240082,0
1364938860,0,0,0,0,0,1263,0,5740572,243,0,0,0,178657,0
1364938920,0,0,0,0,0,3386,0,1173812,519,0,90,90,54452,0
1364938980,0,0,0,0,0,1720,0,774645,0,0,180,180,39927,0
1364939040,0,0,0,0,0,2688,0,4518016,0,0,0,0,149761,0
1364939100,0,0,0,0,0,2929,0,5098323,742,0,0,0,162105,0
1364939160,0,0,0,0,0,2123,0,7905463,184,0,3330,3330,233543,0
1364939220,0,0,0,0,0,2231,0,11822317,0,0,90,90,337892,0
1364939280,0,0,0,0,0,3037,0,14581215,0,0,90,90,400171,0
1364939340,0,0,0,0,0,2526,0,9461203,243,0,0,0,296139,0
1364939400,0,0,0,0,0,1720,0,21097579,0,0,0,0,600466,0
1364939460,0,0,0,0,0,2688,0,16015201,1386,0,1260,1260,494183,0
1364939520,0,0,0,0,0,3386,0,13818420,243,0,0,0,398366,0
1364939580,0,0,0,0,0,2069,0,12329315,243,0,0,0,362173,0
1364939640,0,0,0,0,0,1828,0,19868044,243,0,0,0,535708,0
1364939700,0,0,0,0,0,3037,0,4429778,0,0,0,0,147230,0
1364939760,0,0,0,0,0,2472,0,12602214,243,0,0,0,364203,0
1364939820,0,0,0,0,0,1720,0,7371929,243,0,0,0,223715,0
1364939880,0,0,0,0,0,2324,0,3473182,460,0,90,90,144588,0
1364939940,0,0,0,0,0,3037,0,5189075,0,0,90,90,178302,0
1364940000,0,0,0,0,0,3076,0,1593216,256,0,90,90,76063,0
1364940060,0,0,0,0,0,187170,0,9658478,243,0,0,0,2563788,0
1364940120,0,0,0,0,0,149467,0,12847181,0,0,90,90,2095409,0
1364940180,0,0,0,0,0,148610,0,1156976,486,0,180,180,1767215,0
1364940240,0,0,0,0,0,112698,0,970775,243,0,90,90,1317099,0
1364940300,0,0,0,0,0,195465,0,609979,3555,0,0,0,2188660,0
1364940360,0,0,0,0,0,144546,0,468265,1143,0,4770,4770,1731272,0
1364940420,0,0,0,0,0,150329,0,990460,0,0,0,0,1768324,0
1364940480,0,0,0,0,0,141740,0,2291367,243,0,23400,540,1792619,0
1364940540,0,0,0,0,0,154940,0,2724714,243,0,0,0,1810612,0
1364940600,0,0,0,0,0,121959,0,1427021,184,0,4860,4860,1392813,0
1364940660,0,0,0,0,0,187080,0,8157515,0,0,4500,4500,2349688,0
1364940720,0,0,0,0,0,151292,0,4243411,276,0,0,0,1853275,0
1364940780,0,0,0,0,0,150594,0,2987727,243,0,0,0,1805525,0
1364940840,0,0,0,0,0,152127,0,3162254,0,0,0,0,1820034,0
1364940900,0,0,0,0,0,149640,0,980243,742,0,1170,1170,1764206,0
1364940960,0,0,0,0,0,94889,0,1496757,243,0,90,90,1313064,0
1364941020,0,0,0,0,0,197434,0,936664,243,0,90,90,2229811,0
1364941080,0,0,0,0,0,156107,0,3473697,243,0,0,0,1839498,0
1364941140,0,0,0,0,0,155258,0,5439280,0,0,0,0,1883391,0
1364941200,0,0,0,0,0,150129,0,5651745,243,0,0,0,1894060,0
1364941260,0,0,0,0,0,149225,0,3767197,1143,0,90,90,1836861,0
1364941320,0,0,0,0,0,121105,0,3168667,184,0,0,0,1437562,0
1364941380,0,0,0,0,0,192284,0,6482956,0,0,0,0,2323705,0
1364941440,0,0,0,0,0,144914,0,3476304,0,0,0,0,1824517,0
1364941500,0,0,0,0,0,149120,0,2973023,243,0,0,0,1826328,0
1364941560,0,0,0,0,0,145149,0,2485743,276,0,0,0,1800060,0
1364941620,0,0,0,0,0,155959,0,2028522,486,0,0,0,1810261,0
1364941680,0,0,0,0,0,114029,0,3503206,243,0,9000,9000,1468985,0
1364941740,0,0,0,0,0,187111,0,3045326,243,0,0,0,2185359,0
1364941800,0,0,0,0,0,151852,0,2903884,499,0,0,0,1809940,0
1364941860,0,0,0,0,0,145228,0,5164939,0,0,0,0,1870231,0
1364941920,0,0,0,0,0,145790,0,9613583,243,0,0,0,1992610,0
1364941980,0,0,0,0,0,154745,0,3805939,243,0,90,90,1835677,0
1364942040,0,0,0,0,0,130727,0,10404320,184,0,90,90,1726019,0
1364942100,0,0,0,0,0,184913,0,10003693,0,0,0,0,2304026,0
1364942160,0,0,0,0,0,149527,0,9738458,92,0,0,0,1990312,0
1364942220,0,0,0,0,0,154472,0,6291876,1051,0,0,0,1910417,0
1364942280,0,0,0,0,0,157665,0,863189,0,0,20430,90,1762618,0
1364942340,0,0,0,0,0,156181,0,661091,486,0,2610,0,1756964,0
1364942400,0,0,0,0,0,114812,0,5016169,243,0,360,360,1561183,0
1364942460,0,0,0,0,0,175960,0,2677042,243,0,0,0,2118643,0
1364942520,0,0,0,0,0,156087,0,6050444,519,0,7110,7110,1898847,0
1364942580,0,0,0,0,0,157382,0,3270669,0,0,0,0,1828091,0
1364942640,0,0,0,0,0,152686,0,1265491,0,0,4860,4860,1766005,0
1364942700,0,0,0,0,0,159931,0,922173,742,0,900,900,1771091,0
1364942760,0,0,0,0,0,95134,0,2890665,184,0,0,0,1246776,0
1364942820,0,0,0,0,0,195976,0,5937480,0,0,0,0,2438458,0
1364942880,0,0,0,0,0,144181,0,10138734,0,0,0,0,2000719,0
1364942940,0,0,0,0,0,155485,0,2354020,243,0,0,0,1808673,0
1364943000,0,0,0,0,0,156164,0,4215320,0,0,90,90,1846772,0
1364943060,0,0,0,0,0,157830,0,2408486,486,0,90,90,1806766,0
1364943120,0,0,0,0,0,136457,0,1012388,1143,0,270,270,1507661,0
1364943180,0,0,0,0,0,186962,0,831881,243,0,90,90,2031529,0
1364943240,0,0,0,0,0,160786,0,4110554,243,0,3420,3420,1858479,0
1364943300,0,0,0,0,0,157938,0,2600174,0,0,1080,1080,1811832,0
1364943360,0,0,0,0,0,138695,0,3062628,243,0,90,90,1808598,0
1364943420,0,0,0,0,0,157780,0,941152,243,0,360,360,1761591,0
1364943480,0,0,0,0,0,139831,0,4814621,460,0,180,180,1636970,0
1364943540,0,0,0,0,0,179125,0,2750582,0,0,990,990,2042507,0
1364943600,0,0,0,0,0,85312,0,2278822,256,0,0,0,982349,0
1364943660,0,0,0,0,0,1774,0,3040689,243,0,0,0,104228,0
1364943720,0,0,0,0,0,2177,0,6154432,0,0,90,90,187950,0
1364943780,0,0,0,0,0,2526,0,2030433,486,0,0,0,89050,0
1364943840,0,0,0,0,0,2123,0,561858,243,0,0,0,40296,0
1364943900,0,0,0,0,0,2634,0,14521772,243,0,0,0,392261,0
1364943960,0,0,0,0,0,2526,0,4774070,243,0,0,0,155199,0
1364944020,0,0,0,0,0,3440,0,2320621,900,0,7740,7740,89699,0
1364944080,0,0,0,0,0,1317,0,4906403,243,0,20430,90,136693,0
1364944140,0,0,0,0,0,2231,0,1024329,243,0,0,0,50171,0
1364944200,0,0,0,0,0,3278,0,2970249,184,0,2700,90,102787,0
1364944260,0,0,0,0,0,2231,0,471663,0,0,0,0,30583,0
1364944320,0,0,0,0,0,1666,0,7196348,276,0,90,90,205094,0
1364944380,0,0,0,0,0,3091,0,3019659,243,0,0,0,101856,0
1364944440,0,0,0,0,0,3037,0,1783014,0,0,4500,4500,73533,0
1364944500,0,0,0,0,0,2123,0,2873566,742,0,0,0,94481,0
1364944560,0,0,0,0,0,2285,0,1174541,243,0,180,180,59571,0
1364944620,0,0,0,0,0,2875,0,2586157,243,0,0,0,100180,0
1364944680,0,0,0,0,0,1774,0,3314895,243,0,4860,4860,101144,0
1364944740,0,0,0,0,0,2580,0,3692883,0,0,4770,4770,115314,0
1364944800,0,0,0,0,0,2634,0,1113493,243,0,0,0,49205,0
1364944860,0,0,0,0,0,2526,0,921197,243,0,0,0,45632,0
1364944920,0,0,0,0,0,1720,0,897237,1084,0,0,0,42076,0
1364944980,0,0,0,0,0,2231,0,782156,0,0,0,0,39847,0
1364945040,0,0,0,0,0,2929,0,3651141,0,0,90,90,117830,0
1364945100,0,0,0,0,0,2580,0,2656720,243,0,90,90,88787,0
1364945160,0,0,0,0,0,2634,0,6280407,0,0,0,0,184266,0
1364945220,0,0,0,0,0,1720,0,5277769,762,0,0,0,170282,0
1364945280,0,0,0,0,0,2069,0,4104711,243,0,0,0,131535,0
1364945340,0,0,0,0,0,2580,0,7092199,243,0,90,90,213225,0
1364945400,0,0,0,0,0,2688,0,9443405,499,0,0,0,267965,0
1364945460,0,0,0,0,0,2472,0,8116983,0,0,0,0,221657,0
1364945520,0,0,0,0,0,2123,0,3310174,243,0,0,0,107631,0
1364945580,0,0,0,0,0,2634,0,7588897,243,0,0,0,227766,0
1364945640,0,0,0,0,0,2634,0,6661696,184,0,0,0,195466,0
1364945700,0,0,0,0,0,2069,0,3216954,0,0,0,0,104820,0
1364945760,0,0,0,0,0,2580,0,2012071,0,0,270,270,71064,0
1364945820,0,0,0,0,0,2634,0,4535884,335,0,0,0,122677,0
1364945880,0,0,0,0,0,2123,0,5055629,808,0,0,0,145110,0
1364945940,0,0,0,0,0,1720,0,2300391,486,0,20340,0,76098,0
1364946000,0,0,0,0,0,3386,0,4649046,243,0,2520,0,141475,0
1364946060,0,0,0,0,0,2634,0,530740,243,0,90,90,32961,0
1364946120,0,0,0,0,0,1666,0,752989,519,0,1620,1620,36043,0
1364946180,0,0,0,0,0,2177,0,2318292,0,0,0,0,76389,0
1364946240,0,0,0,0,0,3440,0,2754688,0,0,0,0,92330,0
1364946300,0,0,0,0,0,1720,0,4508005,742,0,0,0,144495,0
1364946360,0,0,0,0,0,1263,0,3381595,184,0,90,90,101280,0
1364946420,0,0,0,0,0,3897,0,2046205,0,0,0,0,76215,0
1364946480,0,0,0,0,0,2634,0,1369524,0,0,0,0,51835,0
1364946540,0,0,0,0,0,2069,0,1162284,243,0,0,0,52502,0
1364946600,0,0,0,0,0,2580,0,776000,243,0,0,0,40238,0
1364946660,0,0,0,0,0,2177,0,2811184,243,0,5760,5760,98750,0
1364946720,0,0,0,0,0,2177,0,5899998,243,0,0,0,173633,0
1364946780,0,0,0,0,0,2526,0,7551783,1143,0,900,900,209953,0
1364946840,0,0,0,0,0,3440,0,1544779,243,0,0,0,60814,0
1364946900,0,0,0,0,0,2177,0,2228438,0,0,180,180,75245,0
1364946960,0,0,0,0,0,2177,0,7931219,243,0,0,0,216196,0
1364947020,0,0,0,0,0,2526,0,5548312,243,0,0,0,170059,0
1364947080,0,0,0,0,0,2634,0,10051785,460,0,90,90,305701,0
1364947140,0,0,0,0,0,1263,0,5843386,0,0,90,90,160470,0
