93,2,6.12,41,4.68,19,3.48,92,6.52,3,0.91,0,0,0.78,2.54,1966.64,4344.15,18630.87,28424.92,2736.95,4566.78,19669.67,29421.08,14.11,10.19,19.08,19.25,0
39,2,6.29,19,3.84,11,3.01,38,5.25,3,0.8,0,0,1.89,3.67,170.61,34.01,24426.11,35415.49,924.13,690.13,25549.42,36777.2,13.82,12.59,20.66,25.26,0
54,2,6.21,17,3.39,10,2.81,53,5.73,3,0.58,0,0,1.58,3.07,177.74,27.75,24025.02,25208.54,906.72,483.14,25113.89,26172.57,13.36,8.79,20.02,17.9,0
59,1,6,15,3.42,8,2.44,58,5.86,2,0.29,0,0,1.1,2.55,181.79,21.1,34530.53,30693.67,1106.86,595.26,36020.74,31879.73,16.98,10.91,27.45,21.99,0
47,2,6.24,19,3.73,8,2.62,46,5.52,3,0.76,0,0,1.83,3.53,172.61,33.81,27466.35,37794.88,978.43,732.62,28705.61,39255.46,14.78,13.39,22.8,27.09,0
42,1,6,19,3.74,10,2.52,40,5.31,4,0.86,0,0,1.9,3.33,164.93,48.19,13502.02,26896.83,695.8,535.41,14183.98,27939.26,9.68,9.67,12.49,19.36,0
32,2,6.35,18,3.84,10,2.97,31,4.95,3,0.83,0,0,1.81,3.68,170.35,34.32,22694.84,33974.98,888.42,655.14,23751.23,35281.27,13.16,11.95,19.42,24.24,0
69,2,6.32,24,3.96,10,2.53,67,6.06,3,0.57,0,0,0.91,2.67,179.62,24.99,40658.93,45101.1,1225.74,877.26,42399.46,46852.71,19.24,16.11,32.09,32.46,0
60,2,6.37,24,3.92,8,2.18,59,5.88,4,0.77,0,0,1.24,3.23,175.76,30.81,34046.46,33498.56,1107.08,671.82,35534.15,34783.13,17.12,12.22,27.41,23.83,0
62,1,6,22,4,7,1.76,61,5.93,2,0.46,0,0,0.98,2.98,177.82,28.15,44719,43927.12,1326.9,877.07,46629.39,45620.04,21.13,16.06,35.23,31.37,0
64,2,6.17,21,3.88,9,1.81,63,5.98,3,0.52,0,0,0.79,2.7,179.76,25.94,42341.59,37817.57,1264.02,737.18,44147.75,39276.74,19.94,13.49,33.3,27.04,0
71,2,6.16,20,3.94,9,1.72,68,6.06,6,0.8,0,0,0.77,2.6,173.61,44.17,39686.69,38458.37,1197.3,759.07,41380.57,39953.63,18.81,13.76,31.23,27.71,0
54,2,6.21,23,4.2,9,2.04,53,5.73,3,0.45,0,0,0.79,2.44,180.75,24.87,28345.55,30701.26,994.08,601.64,29596.42,31892.03,14.92,11,23.02,22.07,0
80,2,6.56,23,4,8,2.31,77,6.25,4,0.84,0,0,1.49,3.3,179,53.33,32908.01,28418.32,1080.44,556.4,34342.85,29505.81,16.57,10.09,26.43,20.18,0
83,2,6.13,17,3.57,8,2.19,82,6.36,3,0.32,0,0,0.83,2.19,184.66,17.92,36376.93,25779.29,1138.07,498.21,37931.73,26777.39,17.51,9.14,28.65,18.5,0
91,1,6,29,4.23,8,2.26,90,6.49,2,0.39,0,0,1.11,2.81,180.01,25.35,35938.22,32841.27,1142.01,635.43,37491.82,34105.65,17.67,11.62,28.62,23.44,0
81,2,6.14,21,3.78,7,1.67,80,6.32,3,0.43,0,0,0.65,2.42,182.66,22.98,42342.31,34308.08,1257.59,663.3,44143.01,35632.56,19.76,12.17,33.2,24.55,0
76,1,6,25,3.87,9,2.13,74,6.2,4,0.65,0,0,0.96,2.91,173.48,39.74,38093.03,37911.14,1178.68,737.13,39734.49,39375.09,18.47,13.38,30.25,27.14,0
51,2,6.22,17,3.55,10,2.45,50,5.64,3,0.47,0,0,0.84,2.5,180.96,22.82,35410.9,31441.45,1121.68,608.72,36937.22,32655.98,17.28,11.13,28.12,22.51,0
55,2,6.41,22,3.8,9,2.7,53,5.72,3,0.82,0,0,1.78,3.6,173.48,33.6,27039.09,30161.85,969.74,584.63,28255.8,31313.91,14.61,10.62,22.39,21.39,0
52,2,6.22,16,3.45,9,2.52,51,5.67,3,0.46,0,0,0.86,2.48,180.61,22.66,31407.14,32009.95,1058.57,631.21,32781.92,33250.16,16.12,11.56,25.31,22.99,0
33,1,6,18,3.8,9,2.81,32,5,2,0.7,0,0,2.25,3.9,164.94,35,22437.19,37705.49,888.44,722.77,23496.5,39152.99,13.25,13.17,19.47,26.85,0
27,1,6,14,3.38,9,2.89,26,4.7,2,0.71,0,0,2.08,3.9,167.42,36.52,21594.62,35857.65,873.27,687.38,22624.46,37232.11,12.92,12.55,18.92,25.5,0
45,2,6.25,21,3.83,13,3.12,42,5.35,6,1.18,0,0,1.64,3.47,160.89,54.03,28821.43,40492.25,984.57,817.36,30101.39,42063.56,15.11,14.75,23.57,29.14,0
24,2,6.48,17,3.91,8,2.71,23,4.52,3,1.16,0,0,6.43,12.7,154.22,46.66,1622.57,2560.43,502.04,50.67,1900.22,2637.27,6.35,1.43,5,2.5,0
19,2,6.61,12,3.3,7,2.32,18,4.17,3,0.61,0,0,3,9.29,189.44,58.83,5441.83,12164.25,552.67,232.09,5797.39,12635.5,6.61,4.39,6.44,8.8,0
27,2,6.42,20,4.03,8,2.64,26,4.7,3,1.14,0,0,3.69,4.66,151.77,42.82,3421.38,9528.23,526.62,184.44,3769.69,9875.98,6.81,3.49,6.31,6.75,0
28,1,6,14,3.35,8,2.73,27,4.75,2,0.5,0,0,1.11,3.14,173.22,29.24,22801.78,35704.85,889.22,687.84,23857.78,37083.13,13.11,12.59,19.41,25.56,0
27,2,7.69,19,4.07,10,3.07,24,4.55,4,1.35,0,0,2,3.76,172.65,83.93,14568.27,35286.89,714.58,704.6,15297.81,36660.28,9.96,12.88,13.38,25.5,0
40,1,6,17,3.56,9,2.46,38,5.23,4,1.01,0,0,1.79,3.84,159.1,51.08,31337.62,32574.54,1043.56,632.6,32731.21,33810.76,16.23,11.2,25.67,22.94,0
41,2,6.28,18,3.61,9,2.76,40,5.32,3,0.83,0,0,2.05,3.83,169.47,35.33,26142.38,32661.47,953.23,629.89,27340.88,33908.69,14.38,11.43,22.05,23.16,0
37,2,6.61,14,3.26,7,2.25,35,5.11,3,0.88,0,0,1.39,3.46,173.06,32.64,37634.31,45962.65,1168.44,894.99,39269.36,47739.72,18.31,16.36,30.14,32.94,0
36,2,6.31,16,3.39,11,2.98,35,5.13,3,0.77,0,0,1.77,3.54,172.17,32.74,27313.69,36297.93,977.26,715.63,28548.03,37693.17,14.77,13.06,22.71,25.88,0
22,1,6,15,3.63,8,2.76,21,4.39,2,0.79,0,0,2.95,4.17,160.48,38.03,12243.57,26334.38,695.62,502.55,12915,27338.08,9.76,9.14,12.29,18.67,0
62,1,6,22,3.94,9,2.61,61,5.93,2,0.51,0,0,1.75,3.42,175.87,29.99,31806.75,43188.01,1077.97,862.46,33209.9,44860.55,16.56,15.83,25.84,31,0
27,2,6.42,14,3.51,9,2.86,25,4.62,5,1.29,0,0,1.92,3.62,158.77,56.98,23226.88,36952.07,880.46,738.11,24286.96,38386.27,13.23,13.3,19.5,26.61,0
39,1,6,20,3.73,8,2.45,38,5.25,2,0.4,0,0,0.89,2.74,177.68,25.48,30285.68,37545.96,1035.47,737.94,31623.79,38998.06,15.74,13.53,24.63,26.91,0
38,2,6.3,25,4.3,11,3.08,37,5.21,3,0.97,0,0,2.59,4.26,161.73,39.09,21917.62,24152.57,881.41,461.27,22960.16,25041.18,13.19,8.18,19.16,16.53,0
36,2,6.63,19,3.78,10,2.89,35,5.13,4,0.95,0,0,5.26,19.65,173.54,35.11,11731.86,22097.22,678.91,435.39,12358.09,22946.37,9.26,7.95,11.46,15.8,0
85,1,6,19,3.91,9,2.33,84,6.39,2,0.28,0,0,0.88,2.36,182.14,20.46,42229.11,45327.98,1272.71,891.64,44024.89,47093.53,20.05,16.41,33.11,32.71,0
41,2,6.55,21,3.94,9,2.61,39,5.27,3,0.82,0,0,1.45,3.35,175.22,31.75,23914.7,32051.45,901.77,623.28,25006.35,33286.78,13.32,11.39,20.07,22.92,0
58,1,6,21,3.66,10,2.69,56,5.8,4,0.83,0,0,1.82,3.52,166.98,45.42,26926.07,28121.27,960.35,545.21,28136,29191.74,14.54,9.73,22.26,19.88,0
21,2,6.55,13,3.31,10,3.21,20,4.32,3,1.08,0,0,3.1,4.22,160.6,39.34,6105,14579.21,567.2,280.12,6531.1,15125.77,7.4,5.14,7.75,10.3,0
41,2,6.55,18,3.62,10,2.83,39,5.27,3,0.66,0,0,1.1,2.79,179.1,25.39,34978.4,44748.73,1116.25,874.1,36493.95,46490.83,17.23,16.06,27.93,32.28,0
24,2,7.91,19,4.18,8,2.82,21,4.35,4,1.66,0,0,4.43,4.75,155.57,94.92,4433.39,8425.17,532.35,205.77,4813.3,8725.54,6.91,3.59,6.91,6.09,0
37,1,6,14,3.34,9,2.65,36,5.17,2,0.41,0,0,1.06,2.85,177.36,26.1,28007.33,35461.71,999.86,699.8,29257.33,36831.66,15.08,12.82,23,25.4,0
51,1,6,14,3.25,6,2.33,50,5.64,2,0.47,0,0,1.32,3.06,177.92,28.29,27160.56,28170.04,970,541.23,28376,29252.76,14.52,9.88,22.36,20.09,0
48,2,6.23,21,3.86,11,3.02,46,5.51,5,1.04,0,0,1.74,3.52,164,47.87,22589.21,31470.99,875.87,632.81,23630.74,32681.79,13.04,11.41,19.15,22.48,0
50,2,6.22,19,3.59,10,2.74,49,5.61,3,0.73,0,0,1.88,3.53,171.35,34.3,27130.39,30942.45,971.06,596.17,28353.78,32123.28,14.67,10.79,22.51,21.92,0
31,2,6.37,18,3.83,9,2.86,30,4.91,3,0.56,0,0,1.33,2.75,178,23.96,19536.5,30718.83,815.33,596.09,20446.03,31911.59,11.67,10.93,16.7,22.12,0
47,2,6.24,16,3.34,10,2.58,46,5.52,3,0.64,0,0,1.72,3.11,176.41,29.42,25443.3,38150.83,941.15,742.01,26589.83,39631.42,14.02,13.62,21.09,27.45,0
36,1,6,21,4.08,9,3.03,35,5.13,2,0.86,0,0,3.14,4.49,157.2,40.61,22380.69,39520.3,904.23,780.45,23459.43,41029.1,13.69,14.19,19.83,28,0
20,2,6.58,14,3.68,8,2.79,19,4.25,3,1.02,0,0,2.42,4.03,163.79,37.09,4268.16,10973.38,528.84,215.03,4616.79,11386.13,6.63,4,6.32,7.85,0
60,2,6.19,16,3.49,10,1.98,57,5.8,6,0.7,0,0,1.39,2.37,173.19,43.94,18098.88,29165.21,778.1,590.81,18932.81,30307.94,11.07,10.72,15.31,21.18,0
80,2,6.14,26,4.15,7,2.33,79,6.3,3,0.57,0,0,1.44,3.17,178.52,28.56,37836.28,41270.22,1179.46,798.58,39466.91,42868.54,18.39,14.64,30.05,29.63,0
88,2,6.38,29,4.1,8,2.1,85,6.39,3,0.62,0,0,0.85,2.74,180.7,26.22,37402.84,36268.51,1161.25,705.67,39011.94,37671.99,18.02,12.93,29.66,26.01,0
77,2,6.14,20,3.64,10,2.27,76,6.25,3,0.4,0,0,0.68,2.33,182.8,21.42,32802.29,27963.4,1073.72,541.21,34226.97,29043.76,16.36,9.92,26.24,20.03,0
37,1,6,16,3.61,7,2.28,36,5.17,2,0.41,0,0,1,2.81,178.92,26.34,32078.06,39764.48,1089.92,792.91,33487.06,41304.68,16.72,14.56,25.94,28.55,0
37,1,6,18,3.75,8,2.61,36,5.17,2,0.65,0,0,2.39,3.77,170.72,34.78,12758.47,18989.44,699.22,358.22,13429.47,19702.6,9.64,6.5,12.28,13.3,0
59,2,6.76,27,4.33,10,2.89,55,5.75,6,1.31,0,0,2.41,3.98,166.52,70.08,19692.07,30814.62,815.14,607.77,20620.97,32003.67,11.9,10.96,17.07,22.09,0
39,2,6.29,13,3.23,8,2.32,38,5.25,3,0.35,0,0,1.05,2.04,181.74,20.81,19173.97,21642.83,802.79,422.22,20052.87,22485.02,11.37,7.69,16.13,15.61,0
73,2,6.15,23,4.02,10,2.54,72,6.17,3,0.56,0,0,1.76,3.3,177.51,27.93,22719.03,31948.86,884.99,619.71,23757.42,33187.22,12.96,11.37,19.08,22.97,0
39,2,6.29,20,3.99,9,2.65,38,5.25,3,0.73,0,0,1.84,3.41,173.97,31.92,5891.21,9904.47,560.87,195.13,6289.79,10278.97,7.03,3.59,7.24,7.11,0
51,1,6,21,3.87,8,2.53,50,5.64,2,0.58,0,0,1.72,3.49,173.7,32.59,27739.86,38089.96,988.46,733.95,28994.18,39558.98,14.94,13.43,23.08,27.24,0
99,2,6.11,16,2.48,63,5.28,45,3.44,57,4.35,0,0,0.47,1.71,81.9,91.74,10324.46,23567.59,486.43,538.99,10791.93,24519.6,7.35,8.91,8.59,17.64,0
70,1,6,20,3.75,12,2.78,67,6.04,5,0.75,0,0,1.48,3.02,170.8,45.05,25009.65,23377.12,914.45,455.77,26127.83,24273.47,13.62,8.09,20.57,16.64,0
56,2,6.2,19,3.49,8,2.6,55,5.78,3,0.73,0,0,1.89,3.57,174.2,33.34,23881.45,23107.94,904.45,433.54,24973.24,23976.74,13.38,7.82,20.07,16.15,0
56,2,6.4,19,3.36,9,2.75,54,5.74,3,0.66,0,0,1.2,2.94,177.47,27.31,26603.44,28044.44,958.42,552.29,27791.29,29125.25,14.33,10.06,21.85,20.05,0
47,2,6.48,17,3.42,10,2.76,46,5.52,4,0.64,0,0,1.02,2.59,180.13,24.08,24155.93,22890.62,904,444.46,25238.89,23770.88,13.28,8.07,19.91,16.34,0
25,1,6,16,3.86,6,2.07,24,4.58,2,0.74,0,0,2.42,4,164.25,36.87,4256.13,9892.28,539,184.7,4610.63,10260.28,6.79,3.44,6.42,7.02,0
39,2,6.29,19,3.66,6,2.06,38,5.25,3,0.95,0,0,3.08,4.16,164.55,40.07,10602.5,17824.56,658.03,335.79,11198.61,18489.83,9,6.08,10.89,12.45,0
47,2,6.24,21,3.95,12,2.94,45,5.48,5,0.79,0,0,1.22,2.72,171.8,43.58,30029.22,41766.02,1012.85,823.84,31342.09,43397.39,15.43,15.02,24.17,30.23,0
61,2,6.18,20,3.95,7,2.42,60,5.91,3,0.59,0,0,1.52,3.12,177.08,30.09,28987.65,34435.44,1005.35,672.24,30270.82,35767.19,15.2,12.29,23.62,24.7,0
57,2,6.2,23,3.94,9,2.72,56,5.81,3,0.72,0,0,1.82,3.47,174,33.07,25513.04,31530.04,941.5,612.79,26672.25,32741.96,14.07,11.17,21.32,22.49,0
57,2,6.79,25,4.35,11,2.8,54,5.74,4,0.81,0,0,1.14,2.82,182.02,57.74,25934.38,34907.43,938.38,684.65,27089.3,36267.76,13.89,12.55,21.25,25.22,0
35,1,6,16,3.33,9,2.37,34,5.09,2,0.52,0,0,1.18,3.22,175.74,30.41,33957.97,40688.34,1108.09,788.98,35447.79,42257.58,17.12,14.44,27.44,29.09,0
58,2,6.19,23,3.81,10,2.43,57,5.83,3,0.61,0,0,1.05,3.07,175.84,28.98,35234.61,38989.41,1143.18,786.32,36770.58,40492.15,17.77,14.38,28.3,27.86,0
77,1,6,22,3.31,10,2.13,76,6.25,3,0.54,0,0,0.92,2.89,175.89,34.02,37113.49,27237.3,1155.89,527.07,38714.38,28274.08,18,9.46,29.5,19.23,0
54,2,6.21,17,3.67,8,2.18,53,5.73,3,0.52,0,0,0.98,2.74,180.66,25.22,36756.19,39268.89,1154.17,759.81,38342.26,40791.06,17.89,13.95,29.23,28.21,0
49,2,6.46,23,4.02,8,2.66,47,5.54,3,0.84,0,0,1.71,3.56,173.38,33.42,18322.81,23697.14,798.17,460.41,19202.35,24603.52,11.44,8.36,16.15,16.85,0
81,2,6.14,22,3.95,10,2.52,80,6.32,3,0.43,0,0,1.3,2.88,181.45,23.1,33626.06,37765.37,1096.4,739.91,35082.51,39233.95,16.8,13.61,26.82,27.22,0
54,1,6,26,4.21,9,2.81,53,5.73,2,0.45,0,0,1.43,2.99,176.58,27.56,17182.92,28876.8,783.68,565.61,18010.09,29996.94,11.09,10.38,15.17,20.78,0
41,1,6,18,3.75,8,2.64,40,5.32,2,0.54,0,0,1.55,3.36,174.63,31.19,20138.78,31112.32,845.48,605.39,21089.08,32310.84,12.28,11.08,17.45,22.24,0
39,2,6.29,17,3.3,13,3.27,36,5.12,6,1.3,0,0,2.16,3.65,156.11,56.78,11286.84,17909.16,643.89,362.35,11886.58,18592.02,8.89,6.3,10.97,12.76,0
26,2,6.44,17,3.75,10,2.97,25,4.64,3,1.02,0,0,4.92,12.59,161.96,41.3,20202.24,37132.2,851.96,709.61,21186.24,38554.13,12.68,12.9,18.08,26.39,0
39,2,6.29,18,3.65,11,2.97,38,5.25,3,0.66,0,0,2.66,7.64,180.34,47.95,22662.26,35452.71,886.66,681.28,23706,36824.59,12.95,12.55,19.18,25.44,0
28,2,6.41,16,3.68,8,2.6,27,4.75,3,0.82,0,0,1.78,3.58,171.19,33.1,20764.63,36237.96,844.44,701.98,21740.33,37639.02,12.33,12.86,17.93,25.99,0
42,1,6,23,4.03,9,2.48,41,5.36,2,0.76,0,0,2.2,4.14,165.37,38.42,27054.93,38724.16,982.05,739.9,28304.93,40201.21,14.98,13.45,23,27.4,0
69,2,6.16,20,3.57,8,2.12,68,6.09,3,0.54,0,0,1.06,2.9,179.25,26.94,40992.74,35936.78,1245.51,714.31,42745.29,37321.34,19.6,13.06,32.31,25.67,0
39,2,6.29,19,3.82,13,3.26,36,5.12,6,1.16,0,0,1.32,3.12,157.29,57.67,23698.45,30218.4,873.87,611.97,24767.13,31390.01,13.13,10.82,19.66,21.74,0
58,2,6.58,16,3.01,9,2.01,56,5.8,4,0.71,0,0,0.91,2.73,184.98,54.31,33751.16,21508.94,1089.61,416.44,35208.21,22328.4,16.63,7.59,26.84,15.21,0
60,2,6.37,19,3.37,9,2.34,58,5.85,3,0.73,0,0,1.34,3.31,176.29,30.64,32449.88,24580.56,1067.75,474.35,33870.76,25505.76,16.37,8.53,26.17,17.18,0
74,2,6.15,23,4,11,2.73,73,6.19,3,0.46,0,0,1.23,2.68,179.96,24.15,26076.25,31364.11,946.64,608.83,27241.07,32578.24,14.05,11.16,21.42,22.51,0
36,1,6,12,2.99,9,2.57,35,5.13,2,0.51,0,0,2.17,3.43,175.6,29.81,16311.77,21487.77,765.26,406.72,17105.09,22305.14,10.77,7.41,14.54,15.2,0
38,1,6,20,4.02,8,2.81,37,5.21,2,0.75,0,0,2.49,4.09,163.95,37.41,22088.46,35586.85,884.16,679.74,23141.43,36946.05,13.19,12.36,19.35,25.22,0
55,2,6.2,20,3.97,12,2.63,52,5.67,6,0.9,0,0,0.96,2.71,169.67,48.16,37811.52,44736.42,1158.3,884.24,39435.93,46479.81,18.17,16.05,29.94,32.3,0
51,2,6.22,19,3.88,8,2.47,50,5.64,3,0.54,0,0,1.54,3.26,180.76,27.53,23107.02,32261,895.88,626.68,24160.3,33511.12,13.12,11.51,19.36,23.18,0
44,2,6.26,20,3.83,9,2.72,43,5.43,3,0.74,0,0,1.95,3.49,174.72,32.95,15442.42,24910.75,751.14,483.3,16212.51,25868.43,10.53,8.83,14.12,17.8,0
34,2,6.33,23,4.39,10,3.01,33,5.04,3,0.98,0,0,2.48,4.26,163.12,39.89,7140.42,9415.55,599.24,187.5,7611.27,9747.44,7.94,3.32,8.58,6.39,0
41,1,6,18,3.54,7,2.03,40,5.32,2,0.38,0,0,0.75,2.63,178.25,25,33515.1,33210.74,1093.45,638.81,34979.75,34486.78,16.8,11.66,26.98,23.65,0
78,2,6.29,23,3.84,9,2.08,76,6.24,3,0.57,0,0,0.86,2.71,179.95,25.76,34085.36,30010.17,1094.91,578.61,35563.78,31163.73,16.81,10.56,27.23,21.39,0
78,1,6,25,3.88,10,1.99,77,6.27,3,0.45,0,0,0.73,2.49,178.14,31.08,36068.01,30800.75,1140.61,606.35,37622.97,31986.34,17.68,11.02,28.65,21.98,0
58,2,6.19,21,3.67,10,2.14,57,5.83,3,0.61,0,0,1.12,3.09,176.68,28.97,26798.37,22583.63,958.33,425.52,27999.91,23432.57,14.33,7.66,22.11,15.77,0
41,2,6.55,18,3.8,8,2.6,39,5.27,3,0.88,0,0,1.8,3.6,173.93,33.94,25898.8,25918.3,938.27,498.43,27071.45,26899.73,14.03,9.01,21.57,18.23,0
60,2,6.19,20,3.73,9,2.54,59,5.88,3,0.54,0,0,1.27,2.93,179.54,26.54,26267.92,24868.05,951.44,478.76,27441.81,25818.85,14.15,8.72,21.59,17.65,0
49,2,6.69,19,3.62,8,2.07,47,5.54,4,0.87,0,0,2.25,3.28,178.73,63.34,20576.83,33430.63,837.48,653.14,21527.08,34729.84,12.08,11.96,17.46,24.1,0
48,1,6,18,3.57,8,2.48,47,5.55,2,0.61,0,0,2.3,3.6,172.49,33.25,23212.81,33763.77,908.91,655.8,24283.57,35062.57,13.49,11.99,19.68,24.1,0
57,2,6.2,21,3.85,11,2.72,55,5.77,5,0.81,0,0,1.32,2.91,171.89,42.65,27541.55,35870.59,967.36,714.86,28762.2,37264.5,14.59,13,22.46,25.84,0
34,2,6.33,15,3.26,7,2.1,33,5.04,3,0.72,0,0,1.94,3.67,170.88,32.73,17485.67,33545.58,785,665.21,18324.7,34847.15,11.24,12.16,15.39,24.15,0
37,2,6.31,19,3.47,8,2.49,36,5.17,3,0.88,0,0,2.5,3.93,166.92,36.62,9679.47,17058.41,640.86,335.33,10233.25,17699.28,8.64,6.09,10.11,11.99,0
39,2,6.29,17,3.59,9,2.75,38,5.25,3,0.8,0,0,2.18,3.66,171.42,34.16,23492.74,33081.54,903.63,652.34,24576.26,34351.62,13.42,11.9,19.92,23.57,0
54,1,6,15,2.76,9,2.59,53,5.73,2,0.45,0,0,1.66,3.08,176.92,27.5,28663.55,36138,1004.09,703.59,29939.02,37533.85,15.17,12.89,23.47,25.88,0
65,2,6.17,16,3.32,9,2.47,64,6,3,0.32,0,0,0.8,2.09,183.31,17.26,36605.94,34291.23,1141.06,665.57,38172.22,35626.38,17.59,12.23,28.86,24.74,0
57,2,6.2,21,3.4,13,2.87,54,5.72,6,1.13,0,0,1.66,3.66,160.09,51.01,24468.11,23238.35,904.98,459.93,25584.46,24110.34,13.66,7.93,20.54,16.22,0
50,2,6.22,20,3.85,9,2.65,49,5.61,3,0.68,0,0,1.55,3.34,175.18,30.94,26677.24,32867.38,961.92,634.63,27878.59,34130.94,14.43,11.59,22.1,23.44,0
61,2,6.55,18,3.42,7,2.33,58,5.83,3,0.63,0,0,1,2.65,182.27,24.21,35704.58,36275.59,1123.47,709.73,37240.38,37686.91,17.3,13.03,28.3,26.16,0
32,2,6.35,17,3.81,9,2.84,31,4.95,3,0.83,0,0,1.87,3.63,170.58,34.3,22190.35,34744.51,874.71,670.34,23225.84,36081.96,12.9,12.25,19.03,24.82,0
39,1,6,22,4.21,10,3.08,38,5.25,2,0.63,0,0,1.89,3.67,168,33.04,10353.79,17877.81,654.89,346.28,10931.63,18550.9,8.87,6.28,10.55,12.55,0
37,1,6,17,3.61,9,2.71,36,5.17,2,0.58,0,0,1.5,3.48,172.11,32.26,30446.33,40682.21,1048.61,788.64,31805.83,42248.68,16.08,14.41,25.03,29.04,0
46,2,6.24,16,3.49,12,2.94,43,5.39,6,1.03,0,0,1.33,2.98,166.38,52.04,31144.67,39637.08,1022.33,791.51,32505.56,41184.03,15.71,14.3,25.07,28.67,0
43,2,7.05,20,3.72,10,2.98,40,5.28,4,1.1,0,0,2.14,3.61,173.36,69.77,19817.36,31590.94,825.31,631.2,20747.74,32812.76,11.98,11.47,17.1,22.68,0
32,2,6.35,18,3.65,9,2.5,31,4.95,3,0.96,0,0,2.39,4.17,165.9,39.38,21231.23,33739.42,863.06,649.54,22244.06,35029.97,12.77,11.82,18.61,23.96,0
44,2,6.26,20,3.93,9,2.6,43,5.43,3,0.67,0,0,1.53,3.28,174.91,30.28,21866.58,33104.69,868.12,640.65,22881.56,34383.56,12.7,11.72,18.65,23.72,0
62,1,6,18,3.07,7,1.85,61,5.93,2,0.35,0,0,0.66,2.48,179.8,23.56,40495.51,31372.77,1221.77,601.05,42226.2,32575.78,19.15,10.95,31.9,22.3,0
211,2,6.05,25,2.04,159,6.74,62,2.59,152,6.21,0,0,0.55,2.18,49.83,80.11,8388.8,23309.9,398.96,539.63,8766.77,24251.94,6.32,8.92,6.96,17.47,0
135,1,6,17,2.78,64,4.51,77,4.53,60,3.66,0,0,0.31,1.58,104.09,92.01,23040.45,30421.15,756.46,692.39,24020.61,31648.22,11.93,11.52,18.07,22.71,0
47,2,6.24,17,3.1,10,2.56,46,5.52,3,0.57,0,0,1.22,2.96,178.5,26.69,30280.15,31279.06,1024.24,606.26,31613.33,32487.61,15.52,11.08,24.54,22.41,0
31,2,6.73,16,3.43,10,3.09,29,4.84,3,0.99,0,0,2,3.72,169.43,34.75,13847.87,29339.83,725.1,624.24,14557.33,30473.34,10.17,11.45,13,21.06,0
51,2,6.44,21,3.58,9,2.61,50,5.64,4,0.95,0,0,1.9,3.84,169.26,36.06,30258.26,36607.03,1037.82,713.21,31613.78,38006.31,15.96,12.94,24.96,25.96,0
31,1,6,11,3.24,8,2.38,30,4.91,2,0.35,0,0,1.2,2.66,178.97,23.85,17768.5,25570.55,797.17,499.98,18611.7,26565.57,11.3,9.16,15.47,18.46,0
47,2,6.24,18,3.17,28,4.36,28,3.77,22,3.27,0,0,1.3,3.15,98.93,87.59,7661.28,23723.9,482.15,515.46,8062.59,24664.13,6.96,8.79,7.35,17.5,0
58,2,6.19,25,4.17,10,2.75,57,5.83,3,0.75,0,0,2.04,3.62,171.18,34.17,18084.3,32543.74,801.25,628.4,18959.95,33799.19,11.53,11.5,16.07,23.3,0
24,2,6.48,16,3.85,10,3.03,23,4.52,3,0.91,0,0,1.91,3.8,164.96,37.51,6165.65,11597.65,561.3,232.74,6577.13,12033.26,7.22,4.14,7.48,8.24,0
25,2,6.46,16,3.77,10,3.16,24,4.58,3,1.04,0,0,2.58,4.3,161.92,39.96,21140.67,37610.57,862.08,724.45,22158.58,39051.7,12.83,13.19,18.71,26.75,0
22,2,6.52,16,3.82,10,3.14,21,4.39,3,1.12,0,0,3.24,4.43,156.67,40.64,12226.52,26361.76,690.86,507.68,12905.29,27363.6,9.76,9.21,12.43,18.65,0
56,2,6.6,20,3.66,10,2.96,54,5.74,4,0.89,0,0,1.76,3.41,176.4,61.41,28870.89,40474.17,1005.64,793.42,30156.78,42042.77,15.24,14.52,23.67,29.08,0
55,2,6.2,18,3.5,12,2.29,52,5.67,6,0.75,0,0,0.37,1.89,171.69,45.62,38377.37,38733.04,1169.31,778.01,40012.78,40246.24,18.33,14.06,30.15,28.03,0
24,1,6,15,3.65,9,2.98,23,4.52,2,0.76,0,0,2.17,4.12,158.83,35.09,3972.52,7334.06,537.78,142.12,4332.7,7595.63,6.87,2.58,6.52,5.07,0
35,2,6.32,18,3.79,10,2.77,34,5.09,3,1.01,0,0,3.24,4.23,161.38,41.03,12910,27386.15,705.62,527.67,13605.47,28433.04,9.94,9.61,12.74,19.48,0
57,2,6.39,21,3.88,10,2.71,55,5.77,3,0.59,0,0,1.11,2.78,179.8,24.75,33115.89,39760.03,1079.05,775.92,34555.57,41306.15,16.52,14.25,26.52,28.65,0
40,2,6.28,16,3.26,10,2.89,39,5.29,3,0.72,0,0,1.72,3.47,172.59,31.13,20892.85,35016.05,851.62,681.51,21874.03,36368.62,12.44,12.48,18.03,25.09,0
43,1,6,18,3.42,10,2.94,42,5.39,2,0.59,0,0,2.19,3.54,170.93,32.31,26193.93,39134.56,963.21,756.09,27387.36,40642.69,14.52,13.81,21.95,27.97,0
52,2,6.22,18,3.67,12,2.93,49,5.58,6,1.06,0,0,1.75,3.33,162.9,50.58,29936.88,40197.71,1007.57,790.24,31258.25,41758.05,15.51,14.25,24.33,28.93,0
53,2,6.21,26,4.3,11,2.91,52,5.7,3,0.7,0,0,1.58,3.45,171.65,31.65,32300.58,42687.19,1071.31,824.46,33731.12,44333.56,16.52,15.06,26.35,30.52,0
46,2,6.24,13,3.42,7,2.14,45,5.49,3,0.31,0,0,0.58,1.82,183.53,19.06,41914.78,36452.19,1242.02,713.41,43685.4,37877.25,19.47,13.09,32.64,26.4,0
35,2,6.32,23,4.15,11,3.02,34,5.09,3,1.01,0,0,3.79,7.54,166.97,58.94,17978.41,32467.04,815.68,619.39,18880.35,33704,11.88,11.32,16.56,22.97,0
55,2,6.2,19,3.41,10,2.25,54,5.75,3,0.51,0,0,0.74,2.62,179.59,25.05,32320.17,28963.07,1062.22,556.76,33733.02,30072.85,16.2,10.15,26.02,20.58,0
68,1,6,21,3.96,7,2.07,67,6.07,2,0.43,0,0,1.13,2.94,178.94,27.06,36804.18,37275.28,1163.78,724.65,38397.52,38712.44,18.09,13.27,29.36,26.64,0
47,2,6.24,21,3.89,11,2.96,45,5.48,5,0.79,0,0,1.11,2.62,170.8,43.34,22845.54,37888.74,869.8,745.64,23882.54,39366.63,12.8,13.59,19.07,27.39,0
43,1,6,20,3.57,10,2.92,42,5.39,2,0.65,0,0,1.76,3.73,168.86,34.23,26837.14,32551.16,976.57,624.28,28058.86,33788.78,14.81,11.31,22.48,22.97,0
47,2,6.48,21,3.76,10,3.09,46,5.52,4,0.96,0,0,2.2,3.79,166,39.09,19226.76,22751.7,809.39,437.46,20144.2,23606.73,11.78,7.78,16.85,15.91,0
53,2,6.85,16,3.29,9,2.64,50,5.61,4,0.76,0,0,1.27,2.6,187.15,55.39,26087.19,30452.12,935.65,594.83,27238.96,31640.6,13.75,10.97,21.19,22.03,0
53,2,6.21,20,3.63,11,2.79,52,5.7,3,0.65,0,0,1.58,3.27,175.52,30.12,30406.75,40064.82,1031.56,773.8,31752.13,41614.95,15.71,14.18,24.77,28.74,0
45,1,6,20,3.94,8,2.61,44,5.46,2,0.57,0,0,1.91,3.52,173.57,32.11,26574.25,40080.26,973.16,781.86,27780.07,41628.67,14.66,14.33,22.18,28.71,0
52,1,6,22,3.98,11,2.91,49,5.58,5,0.98,0,0,1.76,3.44,162.39,51.69,19643.65,32314.23,817.33,641.75,20568.12,33564.41,11.98,11.58,16.98,23.2,0
62,2,6.18,23,4,8,2.41,61,5.93,3,0.4,0,0,0.69,2.26,181.79,20.92,33502.28,35344.38,1086.21,690.46,34954.87,36716.03,16.61,12.68,26.75,25.42,0
31,1,6,20,4.15,9,3.05,30,4.91,2,0.78,0,0,2.4,4.21,163.23,39,11543.23,22589.61,682.43,430.52,12188.43,23445.3,9.47,7.82,11.8,15.94,0
43,2,6.26,15,3.44,6,2.28,42,5.39,3,0.68,0,0,1.74,3.32,176.05,30.63,32972.57,42569.48,1088.71,846.2,34419.1,44217.98,16.76,15.52,26.64,30.56,0
46,2,6.49,18,3.18,9,2.65,45,5.49,4,0.86,0,0,3.93,17.38,174.71,33.8,26186.56,23431.38,946.36,441.07,27366.6,24311.66,14.18,7.91,21.71,16.36,0
28,1,6,18,3.91,7,2.52,27,4.75,2,0.76,0,0,2.81,4.08,162.59,37.5,14960.04,30794.64,746.59,588.75,15734.04,31973.71,10.67,10.73,14.19,21.9,0
36,2,6.63,20,3.79,12,3.17,32,4.94,6,1.35,0,0,1.34,3.22,157.63,56.76,16020.91,33001.15,736.89,701.81,16791.49,34287.82,10.6,12.69,14.14,23.88,0
30,1,6,15,3.32,9,2.83,29,4.86,2,0.74,0,0,2.48,4.02,163.86,36.52,24686.97,38919.89,933.45,744.86,25838.28,40410.55,14.1,13.55,21.17,27.65,0
43,2,6.26,18,3.26,11,2.98,42,5.39,3,0.61,0,0,1.33,3.04,174.88,27.5,27719.71,41253.5,978.26,799.73,28960.52,42853.34,14.74,14.66,22.83,29.65,0
54,2,6.42,20,3.57,10,2.88,52,5.69,3,0.83,0,0,2.09,3.56,172.25,33.63,22108.45,32554.55,874.36,636.84,23134,33807.7,12.87,11.63,18.85,23.26,0
56,2,6.2,14,3.08,6,1.67,55,5.78,3,0.36,0,0,1.51,3,183.27,18.28,20700.78,31944.72,836.95,619.05,21644.31,33192.4,11.96,11.41,17.33,23.12,0
22,1,6,18,4.01,8,2.76,21,4.39,2,0.96,0,0,3.81,4.86,144.48,40.09,1904.95,5407.32,509.9,107.45,2211.24,5594.44,6.62,2.17,5.52,3.95,0
30,2,7.14,21,4.09,13,3.37,26,4.63,7,1.8,0,0,2.41,3.87,149.34,94.94,6341.59,21538.76,534.31,443.65,6744.55,22377.24,7.03,7.85,7.34,15.65,0
60,2,6.19,21,3.47,10,2.59,59,5.88,3,0.54,0,0,0.92,2.81,177.19,26.37,33172.51,34439.81,1089.12,684.16,34620.07,35766.97,16.75,12.5,26.66,24.6,0
55,2,6.2,19,3.16,8,2.45,54,5.75,3,0.69,0,0,1.44,3.39,172.17,32.87,29423.5,25677.61,1009.57,489.29,30732.35,26645.44,15.37,8.74,24.09,17.97,0
49,2,6.23,17,3.69,9,2.55,48,5.58,3,0.56,0,0,1.17,2.88,179.17,26.22,28507.23,33212.29,990,640.62,29767.19,34497.84,14.88,11.74,23.19,23.84,0
45,2,6.25,20,3.92,10,2.69,44,5.46,3,0.66,0,0,1.77,3.25,175.55,30.02,17110.41,29613.08,775.86,573.25,17935.59,30759.56,10.98,10.5,15.14,21.28,0
57,1,6,22,3.96,8,2.49,56,5.81,2,0.54,0,0,1.86,3.42,175.21,31.06,18850.34,28923.19,815.79,562.38,19748.38,30036.15,11.71,10.3,16.48,20.66,0
42,2,6.27,23,4.21,12,3.19,40,5.31,5,1.08,0,0,1.59,3.58,162.63,49.33,15302.85,30171.89,731.22,593.58,16063.63,31339.8,10.39,10.75,13.95,21.69,0
50,2,6.22,18,3.21,9,2.51,49,5.61,3,0.55,0,0,1.33,2.95,177.86,26.16,25099.08,40472.63,935.45,801,26234.31,42050.72,13.9,14.72,20.88,29.25,0
30,2,6.38,21,4.21,9,2.93,29,4.86,3,0.87,0,0,2.28,3.81,168.59,34.9,14500.14,25663.97,727.07,492.95,15239.66,26645.1,10.21,8.98,13.55,18.24,0
54,2,6.62,21,3.7,10,2.46,51,5.64,3,0.86,0,0,2.19,3.5,175.32,32.44,15874.83,26421.44,744.6,512.81,16648.57,27441.6,10.42,9.39,14.19,18.95,0
48,2,6.23,17,3.67,10,2.85,47,5.55,3,0.7,0,0,1.91,3.4,173.74,31.3,22166.98,33336.61,877.57,647.01,23192.77,34623.11,12.89,11.83,18.85,23.87,0
36,1,6,20,4,9,2.95,35,5.13,2,0.59,0,0,1.77,3.57,169.97,32.09,12864.09,23920.04,701,458.7,13537.06,24835.18,9.69,8.37,12.31,17.01,0
44,1,6,19,3.81,11,2.87,41,5.32,5,1.04,0,0,1.67,3.5,160.05,54.35,21515.84,33687.13,852.47,673.28,22514.12,34990.74,12.67,12.09,18.35,24.19,0
50,2,6.22,20,3.67,9,2.88,49,5.61,3,0.55,0,0,1.35,2.9,176.57,25.9,21086.08,23210.5,845.39,441.37,22059.31,24095.49,12.24,8.01,17.88,16.43,0
67,2,6.17,19,3.54,8,2.52,66,6.04,3,0.6,0,0,1.7,3.21,175.76,30.42,29284.5,38135.75,1010.45,741.66,30584.29,39614.75,15.32,13.57,23.92,27.42,0
78,2,6.57,20,3.71,8,2.53,75,6.21,4,0.58,0,0,1.12,2.38,185.05,48.17,31966.17,36177.83,1054.3,709.93,33347.6,37592.45,15.97,13.06,25.44,26.21,0
33,2,6.34,26,4.6,11,3.2,32,5,3,1.04,0,0,2.81,4.5,156.28,39.98,4765.13,8335.64,553.47,172.37,5155.94,8628.65,7.22,3.12,7.09,5.74,0
38,1,6,13,3.08,8,2.09,37,5.21,2,0.41,0,0,0.81,2.73,177.41,25.72,32164.68,21998.33,1064,409.49,33572.3,22820.34,16.27,7.32,25.92,15.25,0
42,2,6.27,24,4.31,13,3.21,39,5.24,6,1.29,0,0,1.9,3.77,154.54,55.25,23099.85,35013.76,871.95,692.92,24167.32,36363.01,13.15,12.39,19.63,25.04,0
49,1,6,21,3.98,10,2.69,48,5.58,2,0.54,0,0,2,3.51,173.27,30.73,21357,31416.22,861.9,609.58,22351.63,32624.85,12.6,11.15,18.27,22.43,0
29,2,6.39,18,3.99,7,2.51,28,4.81,3,0.89,0,0,1.93,3.84,166.5,35.01,3737.36,9305.19,519,181.2,4057.5,9652.98,6.39,3.39,5.79,6.66,0
34,2,6.67,23,4.27,9,2.84,32,4.98,3,1,0,0,2.18,3.86,167.42,35.81,7921.76,21464.65,596.39,418.42,8400.55,22291.77,7.82,7.68,8.73,15.42,0
38,2,6.59,19,4.03,9,2.74,37,5.21,4,0.84,0,0,1.43,3.18,173.62,29.44,25056.68,42973.04,924.22,837.56,26192.41,44644.84,13.78,15.35,20.89,30.99,0
62,1,6,21,3.55,8,2.46,61,5.93,2,0.51,0,0,1.34,3.23,176.38,30.01,28603.41,25039.42,997.92,471.11,29876.43,25985.1,15.07,8.52,23.43,17.56,0
40,2,6.28,20,4.02,11,2.83,37,5.16,6,1.06,0,0,1.08,2.82,164.05,53.89,14351.26,29840.83,700.46,598.57,15056.28,31006.9,9.79,10.8,12.92,21.63,0
31,2,6.37,21,3.89,11,3.15,30,4.91,3,0.92,0,0,2,4,163.53,35.85,18005.1,34476.95,799.07,665.46,18894.83,35800.75,11.63,12.13,16.33,24.57,0
34,2,6.33,23,4.15,10,2.97,33,5.04,3,0.98,0,0,2.73,4.23,157.21,39.04,13588.15,32289.9,717.33,625.19,14311,33531.81,10.24,11.37,13.24,23.07,0
60,2,6.19,20,3.49,10,2.64,59,5.88,3,0.48,0,0,1.05,2.69,179.42,23.92,26930.61,33445.7,969.63,652.76,28129.22,34741.82,14.49,11.98,22.05,24.03,0
51,2,6.22,17,3.37,10,2.54,50,5.64,3,0.47,0,0,1.12,2.53,179.94,22.86,25722.14,38920.29,940.3,756.01,26872.62,40436.23,13.94,13.91,21.16,28.09,0
21,1,6,15,3.72,8,2.75,20,4.32,2,0.97,0,0,4,4.9,143.55,40.98,1097.75,2273.74,497.15,57.35,1373.05,2334.04,6.4,1.56,4.95,2.25,0
39,2,7.16,25,4.14,11,3.07,34,5.02,7,1.73,0,0,2.53,3.94,154.05,85.6,10995.87,30427.1,629.68,611.21,11585.03,31611.11,8.71,11.01,10.79,22.01,0
72,1,6,16,3.02,9,2.33,71,6.15,2,0.25,0,0,1.01,2.17,182.14,19.44,28758.14,37605.82,996.34,726.75,30021.07,39072.07,14.93,13.38,23.24,27.17,0
50,2,6.22,18,3.48,9,2.54,49,5.61,3,0.73,0,0,2.2,3.5,172.78,32.83,16224.59,24092.58,765.55,475.29,17020.39,25013.08,10.84,8.66,14.59,17.11,0
36,2,6.63,22,4.22,11,3.22,34,5.07,3,0.96,0,0,1.83,3.75,168.86,35.16,17042.97,32116.66,783.6,652.78,17883.66,33354.29,11.26,11.94,15.43,22.98,0
36,2,6.31,21,4.13,10,2.92,35,5.13,3,0.77,0,0,1.83,3.56,170.71,32.3,25009,42018.6,931.06,812.72,26156.94,43643.31,13.94,14.88,21.11,30.12,0
23,1,6,14,3.53,10,3.08,22,4.46,2,0.57,0,0,1.45,3.42,169.23,30.97,23255.18,38626.7,906.23,759,24340.73,40114.36,13.5,13.88,19.95,27.58,0
28,1,6,18,3.96,13,3.32,25,4.58,5,1.53,0,0,3.41,4.68,132.48,62.1,3686.48,6850.73,512.48,175.08,4035.59,7094.38,6.89,2.67,6.33,5,0
26,2,6.44,22,4.4,10,3.09,25,4.64,3,1.12,0,0,3.28,4.63,150.36,39.42,1092.8,2190.64,481.56,69.89,1351.04,2265.92,6,1.74,4.64,2.4,0
40,2,6.28,16,3.5,9,2.76,39,5.29,2,0.17,0,0,2.26,10.11,184.21,13.69,24897.56,37611.54,920.15,729.42,26004.74,39083.37,13.51,13.43,20.36,27.26,0
60,2,6.19,20,3.71,9,2.6,59,5.88,3,0.6,0,0,2.32,5.35,179.64,41.78,22923.76,27835.3,894.59,534.34,23971.36,28903.76,13.1,9.8,19.25,19.83,0
35,2,6.32,21,3.87,9,2.74,34,5.09,3,0.97,0,0,3,4.12,162.21,38.68,10296.35,18685.78,650.85,352.95,10882.24,19385.34,8.91,6.39,10.71,13.08,0
53,1,6,20,3.64,9,2.64,52,5.7,2,0.52,0,0,1.98,3.37,173.94,29.66,23371.33,31209.11,899.52,598.94,24442.71,32407.88,13.29,10.93,19.69,22.24,0
44,2,6.26,16,3.03,10,2.42,42,5.38,5,0.91,0,0,1.81,3.05,168.19,46.11,14240.67,21081.71,701.91,414.43,14937.56,21895.19,9.74,7.41,12.77,15.13,0
54,1,6,17,3.61,8,2.04,53,5.73,2,0.45,0,0,1.75,3.08,176.7,27.4,19179.91,30111.97,818.43,580.77,20080.43,31276.68,11.74,10.65,16.53,21.61,0
46,2,6.24,21,3.89,8,2.43,45,5.49,3,0.77,0,0,2.13,3.64,170.69,33.61,18602.73,35419.87,808.24,684.52,19498.56,36789.47,11.67,12.54,16.44,25.41,0
57,2,6.59,22,3.94,8,2.69,55,5.77,4,0.72,0,0,1.11,2.72,177.54,30.13,30256.82,38768.22,1015.68,760.35,31582.57,40277.7,15.39,13.92,24.41,27.98,0
71,2,6.47,22,3.78,10,2.74,69,6.1,4,0.71,0,0,1.31,2.98,182.59,51.42,29604.79,35510.74,1019.44,688.36,30910.76,36887.14,15.37,12.65,24.04,25.52,0
31,1,6,21,4.1,10,3.15,30,4.91,2,0.72,0,0,2,4,163.3,35.55,13559.07,20445.43,716.7,380.47,14272.67,21206.93,10.1,6.83,13.07,14.19,0
51,1,6,22,4.11,11,2.81,49,5.6,4,0.75,0,0,1.48,3.09,169.1,44.51,29316.5,40244.79,1010.86,804.55,30614.78,41807.18,15.44,14.62,23.9,28.96,0
35,2,6.32,20,4.02,9,2.94,34,5.09,3,0.71,0,0,1.53,3.29,173.12,30.16,11173,21555.08,661.76,419.06,11776.35,22384.73,8.91,7.66,11.03,15.43,0
36,1,6,17,3.44,8,2.52,35,5.13,2,0.66,0,0,2.34,3.72,170.09,35.14,10542.57,16008.99,657.91,300.47,11130.69,16607.19,8.89,5.44,10.74,11.18,0
38,2,6.3,19,3.64,9,2.72,37,5.21,3,0.81,0,0,2.32,3.73,169.16,34.08,11857.38,19096.65,675.76,362.7,12489.81,19817.68,9.24,6.58,11.57,13.44,0
51,2,6.44,23,3.98,10,2.63,50,5.64,4,0.75,0,0,4.04,16.28,177.02,30.07,19349.24,34939.18,817.22,675.95,20256.56,36297.04,11.74,12.42,16.66,25.18,0
58,1,6,21,3.92,8,2.47,57,5.83,2,0.43,0,0,1.26,2.92,178.11,26.78,34526.91,40375.23,1121.16,781.63,36031.75,41937.63,17.32,14.33,27.72,28.96,0
54,2,6.42,24,4.12,11,2.94,50,5.6,6,1.22,0,0,2,3.54,162.77,52.36,20081.77,34230.89,814.96,675.93,21019.25,35559.3,11.94,12.23,17.23,24.66,0
58,1,6,21,3.62,9,2.68,57,5.83,2,0.49,0,0,1.44,3.15,175.88,28.77,24236.63,22599.18,922.82,435.9,25339.79,23450.14,13.68,7.87,20.28,15.8,0
59,2,6.19,18,3.44,9,2.44,58,5.86,3,0.49,0,0,0.9,2.63,179.55,24.23,35583.83,30344.95,1127.55,590.77,37121.38,31517.56,17.41,10.77,28.33,21.74,0
43,2,6.52,18,3.57,10,2.61,41,5.34,3,0.79,0,0,1.76,3.24,173.67,30.45,17470.98,35959.4,779.86,700.33,18310.45,37357.78,11.1,12.86,15.4,25.94,0
44,2,6.26,22,4.07,10,2.91,43,5.43,3,0.85,0,0,2.23,3.96,168.81,36.39,20727.14,33780.04,854.49,656.5,21715.74,35075.56,12.56,11.98,18.16,24.05,0
34,1,6,17,3.8,8,2.77,33,5.04,2,0.68,0,0,2.06,3.83,168.24,35.65,16185.12,32567.57,768.61,626.51,16993.3,33823,10.97,11.47,14.82,23.31,0
42,1,6,18,3.93,10,2.77,40,5.31,4,0.49,0,0,0.56,1.74,174.54,42.57,11801.37,16082.81,659.32,324.59,12401.66,16708.6,8.83,5.75,10.98,11.62,0
29,2,7.57,19,4.07,10,3.24,26,4.66,4,1.43,0,0,2.64,4.14,168.29,83.55,3916.64,6873.52,513.93,175.76,4243.64,7130.55,6.32,3.05,5.93,5.16,0
31,2,6.37,25,4.55,11,3.16,30,4.91,3,1.11,0,0,3.4,4.68,147.13,40.72,2343,5131.35,506.87,116.38,2651.33,5306.23,6.53,2.16,5.57,3.77,0
39,2,6.29,18,3.58,10,2.92,38,5.25,3,0.66,0,0,1.63,3.21,175.11,28.9,17686.13,31399.46,787.95,614.43,18539.45,32620.83,11.21,11.27,15.66,22.66,0
38,2,6.3,19,3.83,9,2.29,37,5.21,3,0.36,0,0,1.03,2.06,182.03,16.71,20343.16,38044.78,830.19,741.24,21276.24,39533.08,11.86,13.66,17.14,27.57,0
59,1,6,26,4.29,10,2.9,58,5.86,2,0.58,0,0,1.86,3.5,172.14,32.01,26777.71,38656.08,966.86,742.72,27991.4,40146.13,14.57,13.58,22.33,27.63,0
40,2,6.56,25,4.35,15,3.54,37,5.16,7,1.58,0,0,2.51,4.19,143.56,58.38,4106.69,11356.99,503.31,247.85,4441.82,11787.22,6.54,4.22,6.08,8.22,0
45,2,6.25,21,4.02,10,2.95,44,5.46,3,0.42,0,0,1.02,2.39,178.11,20.69,24355.98,40662.19,914.11,798.41,25452.39,42248.6,13.5,14.67,20.16,29.39,0
39,2,6.58,19,3.78,9,2.95,38,5.25,4,0.9,0,0,5.24,20.96,215.29,262.42,21027.79,35348.71,935.92,808.01,22010.21,36716.84,13.42,13.48,18.05,25.38,0
64,2,6.52,27,4.2,10,2.77,61,5.9,3,0.86,0,0,2.06,3.49,173.13,33.23,20143.19,32570.21,830.75,631.07,21088.52,33828.74,12.05,11.55,17.37,23.36,0
26,2,6.44,21,4.24,10,3.08,25,4.64,3,0.95,0,0,2,4,162.68,35.63,8499.48,22206.88,614.84,433.86,9016.92,23059.77,8.24,7.92,9.44,15.88,0
35,1,6,18,3.81,9,2.76,34,5.09,2,0.32,0,0,0.91,2.5,177.24,22.27,31441.62,41958.01,1050.82,810.69,32823.44,43586.05,16.03,14.88,25.44,30.17,0
45,1,6,21,4.04,10,2.7,42,5.35,5,1.13,0,0,2.36,3.82,155.82,54.99,19781.39,36046.55,819.18,705.64,20721.57,37440.19,12.14,12.72,17.27,25.87,0
58,2,6.19,20,3.46,10,2.66,57,5.83,3,0.61,0,0,1.68,3.15,176.19,28.84,27442.74,35884.08,977.74,698.2,28670.81,37273.46,14.7,12.79,22.6,25.77,0
105,2,6.11,24,3.79,10,2.32,104,6.7,3,0.36,0,0,1.33,3.05,181.42,21.96,26608.07,33578.95,954.98,656.63,27786.86,34886.26,14.18,12.07,21.68,24.23,0
89,2,6.13,20,3.48,9,2.02,88,6.46,3,0.36,0,0,0.57,2.15,182.75,20.05,42238.48,33378.73,1259.48,648.6,44029.61,34671.63,19.8,11.89,33.02,23.96,0
69,2,6.65,23,3.97,9,2.67,66,6.03,4,0.75,0,0,1.24,2.89,181.37,53.47,28377.04,28836.04,981.16,562.78,29626.57,29951.36,14.69,10.27,23,20.68,0
64,1,6,21,3.7,8,2.54,63,5.98,2,0.55,0,0,1.65,3.39,175.33,31.35,31944.63,32123.85,1062.76,611.15,33353.21,33350.25,16.29,11.12,25.94,22.75,0
71,2,6.16,20,3.68,11,2.58,68,6.06,6,0.74,0,0,0.94,2.55,174,42.98,33080.79,36942.31,1070.4,738.16,34510.07,38383.63,16.46,13.41,26.33,26.71,0
43,1,6,19,3.84,9,2.75,42,5.39,2,0.53,0,0,1.38,3.25,174.88,30.39,16921.9,21129.26,774.31,395.21,17746.33,21927.09,10.95,7.18,15.12,14.83,0
45,2,6.25,28,4.51,9,2.94,44,5.46,3,0.83,0,0,2.07,3.92,167.3,35.44,18777.98,33530.49,816.7,647.6,19689.07,34819.15,11.89,11.82,16.73,23.92,0
51,2,6.44,19,3.38,11,2.93,49,5.6,3,0.64,0,0,1.12,2.8,177.94,26.01,25986.74,37031.02,946.54,728.88,27152.18,38470.06,14.1,13.38,21.44,26.68,0
46,2,6.49,19,3.91,11,2.56,45,5.49,4,0.57,0,0,1.13,2.47,180.02,20.69,24730.07,38492.68,912.6,750.39,25835.71,39995.84,13.44,13.79,20.33,27.85,0
36,1,6,22,4.21,9,2.91,35,5.13,2,0.78,0,0,2.6,4.16,163.51,38.54,9483.51,21092.09,642.09,402.23,10045.4,21894.04,8.71,7.34,10.26,14.95,0
112,2,6.1,26,3.28,55,4.62,66,4.51,49,3.65,0,0,1.3,2.89,102.77,89.68,10011.05,23175.94,521.18,515.8,10493.4,24099.63,7.6,8.64,8.85,17.16,0
23,2,6.5,13,3.48,8,2.55,22,4.46,3,0.83,0,0,1.55,3.41,171.45,31.94,7330.18,14468.76,590.91,303.08,7779.64,15019.34,7.64,5.55,8.18,10.31,0
47,2,6.24,17,3.24,7,1.92,46,5.52,3,0.64,0,0,2.24,3.16,173.98,31.17,14106.2,23766.14,713.07,457.56,14808.98,24682.34,9.85,8.34,12.87,17.02,0
64,2,6.17,25,4.13,9,2.65,63,5.98,3,0.71,0,0,1.87,3.63,173.38,32.87,29778.08,41481.58,1029.63,804.47,31108.52,43083.32,15.71,14.73,24.49,29.7,0
64,2,6.17,20,3.93,7,2.28,63,5.98,3,0.46,0,0,1.05,2.62,181.63,23.4,31244.3,36324.64,1055.03,724.88,32611.6,37735.2,16.03,13.32,25.17,26.14,0
67,1,6,17,3.02,9,2.19,66,6.04,2,0.27,0,0,0.64,2.21,182.15,20.09,34355.09,25678.38,1108.15,495.63,35839.09,26663.76,17,9.05,27.33,18.27,0
52,2,6.22,23,4.18,13,3.13,49,5.58,6,1.11,0,0,1.76,3.44,162.06,51.63,26490.96,40603.08,943.67,797.23,27682.1,42178.9,14.33,14.44,21.92,29.22,0
62,2,6.54,30,4.53,10,3.01,60,5.9,4,0.96,0,0,2.23,3.75,172.26,61.02,24800.33,37562.4,929.57,737.69,25938.39,39010.98,13.9,13.46,20.93,26.87,0
57,2,6.2,17,3.61,9,2.48,56,5.81,3,0.26,0,0,0.68,1.82,185.63,13.65,22609.07,25980.71,877.91,513.81,23626.54,26993.81,12.68,9.46,18.7,18.77,0
75,2,6.3,28,4.14,9,2.54,73,6.18,3,0.58,0,0,1.19,2.88,178.95,26.06,33742.66,36313.63,1096.59,708.12,35209.18,37719.05,16.85,12.97,27.01,26.05,0
42,2,6.27,17,3.72,10,2.56,41,5.36,3,0.62,0,0,1.02,2.97,176.9,28.2,28238.15,38166.37,993.1,739.73,29503.76,39641.82,14.98,13.56,23.29,27.35,0
41,1,6,25,4.22,9,3,40,5.32,2,0.77,0,0,2.6,4.13,163.53,38.25,12665.2,25398.88,706.13,485.72,13353.6,26366.45,9.9,8.83,12.6,18,0
30,1,6,19,4.06,11,3.16,28,4.79,4,0.99,0,0,1.38,3.45,156.21,52.53,15615.52,30448.83,734,600.76,16392,31624.87,10.55,10.79,14.24,21.83,0
49,2,6.23,16,3.25,10,2.38,48,5.58,3,0.62,0,0,1.71,3.08,176.38,28.91,19887.06,34440.39,828.58,667.53,20819.65,35777.42,11.94,12.26,17.13,24.8,0
36,2,6.31,21,3.89,10,3.08,35,5.13,3,0.84,0,0,3.63,11.17,168.57,36.58,17280.63,22319.15,787.14,414.09,18130.8,23154.18,11.34,7.43,15.6,15.53,0
52,2,6.22,23,4,9,2.42,51,5.67,3,0.71,0,0,2.63,6.06,176.2,46.34,14952.65,33388.19,743.69,643.58,15703.78,34682.68,10.37,11.86,13.76,24.02,0
36,2,6.31,19,3.75,9,2.65,35,5.13,3,0.69,0,0,1.69,3.27,174.71,29.99,17423.89,32654.42,783.86,635.83,18260.17,33921.09,11.14,11.67,15.34,23.5,0
47,1,6,20,3.78,9,2.8,46,5.52,2,0.35,0,0,0.96,2.6,178.33,23.49,23202.67,36099.61,897.72,708.57,24258.98,37501.66,13.17,13.03,19.41,25.99,0
50,2,6.22,24,4.07,13,2.93,47,5.52,6,1.23,0,0,1.92,3.87,157.12,53.72,31770.04,42236.07,1060.67,855.34,33181.39,43863.5,16.59,15.4,26,30.18,0
48,1,6,19,3.77,9,2.63,47,5.55,2,0.49,0,0,1.28,3.13,175.79,29.04,29823.43,40686.15,1029.4,791.73,31149.26,42260.83,15.66,14.52,24.4,29.19,0
47,2,6.24,19,3.62,9,2.6,46,5.52,3,0.57,0,0,1.41,3.11,178.7,26.91,18047.46,29121.2,793.17,564.66,18906.37,30250.04,11.24,10.37,15.76,20.94,0
84,2,6.27,24,3.84,9,2.57,82,6.35,3,0.58,0,0,1.33,2.95,179.58,26.43,29064.82,26195.15,1006.86,509.57,30345.2,27199.32,15.18,9.29,23.57,18.63,0
48,2,6.47,22,3.91,9,2.3,47,5.55,4,0.84,0,0,1.72,3.32,170.87,35.95,12016.09,18352.4,669.77,358.75,12639.57,19053.25,9.11,6.46,11.4,13.07,0
70,2,6.32,20,3.72,10,2.53,69,6.11,4,0.47,0,0,1.36,2.49,185.33,48.28,23613.51,35257.78,900.67,692.32,24673.1,36634.23,13.12,12.77,19.48,25.51,0
60,1,6,18,3.7,10,2.55,57,5.8,5,0.72,0,0,1.66,2.99,171.46,46.25,21489.75,29852.74,854.92,600.1,22464.76,31015.78,12.51,10.86,17.92,21.57,0
50,2,6.22,21,3.81,8,2.68,49,5.61,3,0.83,0,0,2.33,3.86,170.41,36.57,21485.57,32448.64,865.67,623.82,22496.27,33693.52,12.73,11.38,18.57,23.11,0
75,1,6,25,4.24,7,2.36,74,6.21,2,0.41,0,0,1.3,2.95,180.28,25.9,28235.58,36421.87,993.18,704.01,29489.23,37834.46,14.91,12.94,23.07,26.19,0
63,2,6.18,23,3.86,10,2.76,62,5.95,3,0.52,0,0,1.15,2.83,178.82,25.96,25309.15,28706.82,929.44,552.08,26449.27,29811.35,13.76,10.09,20.97,20.49,0
73,2,6.31,21,3.82,10,2.57,72,6.17,4,0.52,0,0,2.74,13.71,182.71,23.37,27618.88,32792.17,977.74,634.82,28837.9,34067.66,14.6,11.67,22.43,23.64,0
73,1,6,27,4.22,8,2.57,72,6.17,2,0.5,0,0,1.79,3.4,175.6,29.42,27048.26,35832.6,971.85,690.03,28263.76,37215.46,14.6,12.63,22.36,25.64,0
67,2,6.33,22,3.84,13,2.89,63,5.94,6,0.86,0,0,0.97,2.49,171.88,44.11,26622.11,39626.29,941,781.32,27801.95,41174.58,14.11,14.24,21.71,28.69,0
60,1,6,20,3.92,8,2.49,59,5.88,2,0.36,0,0,1.12,2.71,179.98,23.97,25907.14,31498.52,942.15,604.8,27065.61,32717.45,13.97,11.1,21.31,22.6,0
72,2,6.15,27,4.29,10,2.75,71,6.15,3,0.57,0,0,1.55,3.08,177.27,28.3,20658.45,29185.31,846.68,569.62,21621.61,30310.73,12.25,10.43,17.69,20.88,0
58,2,6.39,24,3.85,10,2.58,56,5.8,3,0.8,0,0,1.4,3.47,173.91,32.87,28369.98,33414.14,993.11,645.22,29640.54,34695.69,15.04,11.76,23.39,23.78,0
55,2,6.2,19,3.84,11,2.5,54,5.75,3,0.44,0,0,1.33,2.69,181.28,22.1,16412.57,23565.28,754.91,454.3,17193.43,24479.34,10.48,8.34,14.31,16.96,0
57,1,6,20,3.78,9,2.79,56,5.81,2,0.49,0,0,1.45,3.16,175.8,29.07,25424.2,35376.96,938.84,679.93,26578.73,36741.88,13.98,12.45,21.23,25.31,0
55,1,6,20,3.57,12,2.95,52,5.67,5,0.77,0,0,1.43,2.86,168,47.67,19766.59,29749.3,809,588.36,20680.15,30905.98,11.72,10.61,16.78,21.45,0
46,2,6.24,23,4.18,10,3.02,45,5.49,3,0.82,0,0,2.27,3.79,168.6,35.48,16500,32225.91,777.36,645.28,17323.82,33476.18,11.13,11.81,15.11,23.21,0
43,2,7.05,21,3.99,9,2.55,40,5.28,4,1.04,0,0,1.9,3.35,175.14,68.64,11442.93,25610.74,653.52,507.39,12039.02,26607.1,8.76,9.23,10.9,18.52,0
60,2,6.19,23,3.97,10,2.56,59,5.88,3,0.48,0,0,0.75,2.55,179.69,24.17,33921,41682.61,1098.03,808.03,35394.19,43303.46,16.86,14.85,27.14,30.04,0
95,2,6.12,29,4.08,11,2.43,94,6.55,3,0.57,0,0,1.19,3.12,177.35,29.19,32497.06,31067.85,1077.29,595.68,33922.19,32256.66,16.52,10.85,26.24,22.05,0
38,1,6,16,3.56,8,2.32,37,5.21,2,0.41,0,0,0.86,2.73,178.68,25.96,23274.38,21685.38,891.59,408.07,24337.57,22504.83,13.05,7.4,19.54,15.21,0
81,2,6.14,25,3.89,13,2.58,78,6.26,6,0.76,0,0,0.85,2.68,172.1,42.12,36536.6,35793.71,1153.2,731.56,38108.18,37181.22,18.02,13.23,28.96,25.72,0
68,2,6.33,23,3.63,10,2.69,67,6.07,4,0.65,0,0,1.12,2.91,176.79,27.1,29782.58,30593.42,1015.6,591.82,31096.01,31769.7,15.4,10.76,24.18,21.82,0
42,1,6,25,4.4,10,3.14,41,5.36,2,0.6,0,0,1.76,3.59,169.39,32.2,23880.29,35139.08,917.59,685.81,24984.1,36487.87,13.71,12.5,20.29,25.02,0
47,2,6.72,18,3.71,7,2.03,44,5.42,3,0.83,0,0,1.09,3.11,176.83,29.95,36872.74,41718.69,1148.48,815.2,38467.35,43335.08,17.87,14.92,29.39,29.96,0
71,2,6.16,20,3.7,10,2.45,70,6.13,3,0.36,0,0,0.69,2.16,182.56,19.72,35333.54,38672.79,1138.36,778.72,36856.51,40178.15,17.56,14.33,28.06,27.89,0
65,1,6,25,4.07,9,2.73,64,6,2,0.63,0,0,1.94,3.63,171.94,33.97,19728.8,21836.69,835.53,413.05,20668.3,22653.27,12.14,7.44,17.25,15.19,0
67,1,6,22,3.89,11,2.77,65,6.01,4,0.49,0,0,0.85,2.83,174.95,36.9,28325.21,34077.32,979.86,664.34,29573.33,35401.94,14.76,12.09,22.97,24.55,0
63,2,6.18,28,4.41,9,2.53,62,5.95,3,0.58,0,0,1.06,2.98,176.92,28.04,33010.19,42254.78,1090.4,831.85,34459.52,43893.69,16.77,15.26,26.69,30.38,0
68,2,6.16,22,3.73,10,2.22,67,6.07,3,0.54,0,0,0.93,2.86,176.81,28.58,33258.12,32444.1,1090.24,629.53,34710.3,33690.94,16.78,11.45,26.75,23.12,0
79,2,6.14,24,3.68,10,2.25,78,6.29,3,0.53,0,0,0.9,2.86,177.21,26.99,30638.4,22404.31,1032.33,423.3,31987.29,23243.85,15.69,7.59,24.83,15.58,0
73,2,6.15,21,3.66,11,2.43,72,6.17,3,0.41,0,0,0.72,2.41,180.79,22.1,37166.89,36504.87,1158.26,707.36,38767.03,37918.58,17.96,12.97,29.49,26.2,0
41,2,6.83,19,3.89,11,3.05,39,5.27,4,1.04,0,0,2.4,3.67,174.25,70.46,19994.63,36796.51,829.5,723.69,20937.58,38228.94,12.03,13.23,17.32,26.58,0
46,2,6.24,23,4.21,12,2.99,43,5.39,6,1.16,0,0,1.6,3.47,161.42,53.66,25683.51,37442.87,930.98,747.21,26845.2,38893.68,14.11,13.47,21.38,26.91,0
33,2,6.34,15,3.59,8,2.71,32,5,3,0.89,0,0,2.31,3.88,170.63,37.18,15984.25,23408.33,760.19,449.83,16783.44,24297.37,10.78,8.17,14.66,16.55,0
65,1,6,17,3.37,8,2.34,64,6,2,0.34,0,0,0.91,2.55,181.73,23.06,33071.78,34220.21,1084.11,668.12,34510.78,35545.17,16.56,12.27,26.5,24.56,0
38,2,6.59,24,4.31,11,3.12,36,5.16,3,0.93,0,0,2,3.72,171.3,34.92,12236.57,26084.24,683.19,509.79,12883.38,27091.87,9.35,9.35,11.84,18.73,0
55,2,6.41,21,3.56,10,2.83,54,5.75,4,0.81,0,0,1.69,3.41,174.3,31.97,21942.83,33133.77,871.11,650.71,22960.54,34414.1,12.78,11.89,18.7,23.75,0
52,1,6,14,3.08,6,1.81,51,5.67,2,0.32,0,0,1.59,2.98,181.35,22.46,22346.12,32264.67,874.41,621.92,23362.12,33519.77,12.69,11.45,18.67,23.27,0
282,2,6.04,25,1.41,239,7.54,51,1.68,234,7.26,0,0,0.36,1.68,30.63,67.25,2370.5,11023.88,256.1,283.22,2492,11476.75,4.03,4.38,2.22,8.45,0
46,2,6.24,20,3.54,11,2.97,45,5.49,3,0.72,0,0,2.09,3.53,172.73,31.72,22670.78,32026.74,889.49,623.26,23716.6,33258.29,13.13,11.38,19.22,22.85,0
60,2,6.19,23,4.07,11,2.81,59,5.88,3,0.54,0,0,1.46,3.03,175.92,28.02,21655.92,33376.73,864.32,664.33,22652.25,34671.27,12.61,12.17,18.31,24,0
77,2,6.14,23,4.14,10,2.56,76,6.25,3,0.4,0,0,1.03,2.59,181.92,21.5,34776.21,37722.51,1115.47,737.5,36278.34,39189.15,17.14,13.56,27.67,27.18,0
59,2,6.19,21,3.63,10,2.32,58,5.86,3,0.6,0,0,1.03,3.05,176.19,28.74,31587.26,28967.24,1054.36,555.1,32977.71,30070.17,16.12,10.07,25.6,20.46,0
62,1,6,24,3.97,10,2.45,61,5.93,2,0.56,0,0,1.38,3.39,173.36,31.55,31702.43,35216.79,1070.15,685.48,33110,36562.84,16.46,12.48,25.92,24.96,0
77,2,6.14,20,3.36,22,3.24,66,5.75,14,1.48,0,0,0.66,2.3,153.95,66.82,27052.93,28675.68,915.55,602.02,28234.17,29800.42,13.96,10.44,21.75,20.85,0
52,2,6.22,14,2.26,10,2.49,51,5.67,3,0.53,0,0,0.98,2.75,179.69,25.55,30850.27,22191.6,1032.24,419.97,32201.76,23029.88,15.65,7.59,24.88,15.56,0
67,2,6.5,20,3.66,11,2.73,65,6.01,4,0.74,0,0,1.33,3.08,179.74,55.26,29419.62,28692.55,1009.56,558.86,30716.71,29795.09,15.24,10.16,23.88,20.45,0
64,2,6.35,24,3.94,10,2.59,62,5.95,3,0.75,0,0,1.46,3.37,174.54,31.4,34043.19,36189.26,1101.62,699.46,35533.79,37579.23,17.03,12.74,27.46,25.78,0
63,2,6.18,20,3.52,10,2.09,62,5.95,3,0.46,0,0,0.65,2.46,179.87,23.52,44315.95,41891.81,1310.23,829.87,46197.27,43515.02,20.79,15.21,34.69,30.08,0
56,1,6,23,4.18,8,2.29,55,5.78,2,0.38,0,0,1.53,2.9,177.71,24.53,19731.64,33381.16,826.84,643.8,20655.67,34676.78,11.87,11.83,16.96,24.02,0
44,1,6,22,4.03,14,3.13,40,5.24,6,1.19,0,0,1.81,3.42,154.09,58.65,13589.07,34497.96,692.05,683.17,14280.74,35842.39,9.81,12.37,12.67,24.95,0
40,2,6.28,17,3.41,10,2.49,39,5.29,3,0.9,0,0,2.05,4.04,167.03,37.66,37823.56,44703.31,1186.67,861.12,39483.21,46414.65,18.74,15.64,30.59,31.73,0
38,2,6.3,21,4,10,2.9,37,5.21,3,0.67,0,0,4.03,17.77,174.73,31.15,23422.38,33090.59,903.32,633.54,24497.03,34365.74,13.38,11.56,19.76,23.65,0
31,2,6.37,14,2.96,9,2.53,30,4.91,3,0.77,0,0,2.63,7.56,180.33,53.78,27965.37,23533.07,991.87,439.1,29216.9,24412.48,14.9,8.01,23.03,16.34,0
34,2,6.33,20,3.85,10,3.12,33,5.04,3,0.87,0,0,2.18,3.86,166.73,35.32,10286.48,22659.89,648.67,437,10862.06,23528.04,8.79,7.98,10.52,16.16,0
46,1,6,21,3.85,10,3.02,45,5.49,2,0.62,0,0,1.87,3.66,169.76,33.36,26361.71,44038.73,966.16,855.36,27568.51,45740.03,14.6,15.67,22.2,31.54,0
57,2,6.2,20,3.75,11,2.67,55,5.77,5,0.75,0,0,1.07,2.72,173.48,41.44,30865.89,33213.8,1025.84,655.87,32212.86,34503.67,15.64,11.88,24.8,23.91,0
100,2,6.11,21,3.39,10,2.11,99,6.63,3,0.45,0,0,0.85,2.62,180.89,24.36,38586.43,28933.82,1185.78,560.11,40239.44,30043.07,18.46,10.21,30.46,20.57,0
48,1,6,17,3.59,8,2.59,47,5.55,2,0.49,0,0,1.53,3.17,175.57,28.96,27480.45,31132.21,976.34,593.84,28712.06,32325.29,14.68,10.82,22.66,22.13,0
51,2,6.44,20,3.84,10,2.54,49,5.6,3,0.76,0,0,1.28,3.27,174.86,30.73,25264.04,30634.85,930.5,593.02,26406.8,31811.97,13.86,10.81,21.02,21.84,0
28,2,6.41,20,4.09,10,3.15,27,4.75,3,0.82,0,0,1.48,3.55,169.3,32.69,4904.63,7909.58,542.56,163.7,5272.33,8203.88,6.78,2.99,6.67,5.66,0
45,2,6.25,22,3.98,10,2.96,44,5.46,3,0.66,0,0,1.41,3.24,169.86,34.55,18253.02,24719.67,793.5,479.37,19129.75,25662.32,11.41,8.63,16.09,17.51,0
48,2,6.47,24,4.28,13,2.92,45,5.45,7,1.26,0,0,1.96,3.46,166.02,75.95,19438.68,37642.89,812.62,755.69,20351.19,39108.07,11.85,13.74,16.77,27.18,0
34,2,6.33,22,4.2,10,3.14,33,5.04,3,0.8,0,0,1.88,3.58,169.76,33.05,23276.91,37409.26,895.52,722.5,24354.85,38852.09,13.3,13.2,19.82,26.76,0
41,1,6,21,3.94,10,2.94,40,5.32,2,0.67,0,0,2.4,3.83,167.8,34.72,12166.3,19477.08,687.45,364.43,12815.55,20209.35,9.47,6.6,11.88,13.65,0
49,2,6.23,17,3.59,10,2.52,48,5.58,3,0.62,0,0,1.13,3.08,177.17,29,33604.1,36367.52,1092.63,706.17,35072.19,37769.44,16.81,12.91,27.04,25.99,0
64,2,6.35,21,3.41,9,2.62,63,5.98,4,0.68,0,0,3.22,14.52,179.4,29.3,25296.84,26626.49,939.43,520.52,26433.44,27649.15,13.95,9.49,20.9,18.98,0
64,1,6,18,3.45,8,2.12,63,5.98,2,0.45,0,0,1.05,2.96,177.24,27.6,40312.48,34851.08,1224.95,672.97,42042.48,36186.52,19.25,12.26,31.89,24.76,0
60,2,6.37,24,4.01,11,2.85,57,5.81,5,0.92,0,0,1.49,3.14,170.83,43.1,26354.12,33469.12,938.73,656.43,27531.27,34765.79,14.08,11.9,21.66,24.05,0
33,2,6.34,13,3.23,10,3.02,32,5,3,0.74,0,0,1.63,3.37,173.34,31.01,23741.34,37235.37,902.97,721.04,24832.47,38675.07,13.38,13.2,20.06,26.7,0
54,1,6,15,3.35,8,2.45,53,5.73,2,0.45,0,0,1.17,3,177.66,27.55,36982.06,37590.95,1162.75,731.61,38583.57,39039.04,18.09,13.38,29.51,26.84,0
46,2,6.49,22,3.77,10,2.48,44,5.45,3,0.87,0,0,1.56,3.62,171.38,33.98,32170.56,41296.69,1070.09,799.21,33596.6,42887.25,16.51,14.58,26.27,29.49,0
51,2,6.22,20,3.93,10,2.67,50,5.64,3,0.61,0,0,1.32,3.04,177.58,28.48,26886.06,38076.81,967.1,743.74,28094.86,39551.61,14.48,13.65,22.24,27.34,0
69,1,6,21,4.03,8,2.48,68,6.09,2,0.43,0,0,1.44,3.14,178.69,26.88,28055.43,35874.7,992.72,692.21,29306.22,37262.66,14.93,12.7,23.01,25.73,0
90,1,6,24,4.09,12,2.6,87,6.42,5,0.58,0,0,1.35,2.68,175.36,39.4,24644.35,25706.61,909.63,502.62,25743.61,26702.98,13.45,9.06,20.21,18.48,0
69,2,6.16,24,3.99,7,2.39,68,6.09,3,0.49,0,0,1.1,2.66,179.69,24.78,31929.35,36394.18,1056.96,705.77,33322.97,37805.21,16.1,12.95,25.66,26.16,0
86,2,6.13,22,3.78,10,2.61,85,6.41,3,0.41,0,0,0.87,2.39,180.08,24.08,34403.46,37759.01,1108.25,739.72,35892.24,39225.63,17.05,13.56,27.42,27.18,0
60,2,6.75,25,4.24,8,2.59,57,5.81,4,0.94,0,0,2.14,3.59,178.47,59.45,23599.81,31379.22,895.86,619.03,24672.63,32592.6,13.17,11.31,19.73,22.52,0
85,2,6.13,20,3.62,9,2.25,84,6.39,3,0.37,0,0,1.49,2.53,182.74,20.41,25782.58,32122.92,945.21,637.64,26927.7,33373.24,13.98,11.74,21.06,23.17,0
80,1,6,26,3.86,10,2.69,79,6.3,2,0.47,0,0,1.27,3,176.52,28.37,29179.35,32428.16,1016.39,638.61,30473.78,33674.6,15.41,11.67,23.82,23.12,0
32,2,6.35,13,3.2,12,3.11,29,4.8,6,1.25,0,0,0.97,2.96,158.39,58.78,20472.23,22442.18,810.26,470.57,21412.87,23306.57,11.94,8.13,17.29,16.06,0
47,2,6.48,24,4.26,9,2.72,46,5.52,4,0.91,0,0,2.11,3.65,171.43,33.87,22822.85,37898.88,902.35,782.46,23878.8,39365.38,13.41,14.33,19.41,27.2,0
45,1,6,20,3.88,7,2.55,44,5.46,2,0.36,0,0,1.09,2.64,178.73,24.03,25607.3,38228.26,943.95,740.18,26760.34,39713.04,14.02,13.61,21.2,27.52,0
71,2,6.47,27,4.12,9,2.68,68,6.06,3,0.76,0,0,1.46,3.28,176.7,30.5,27555.09,33093.6,973.79,641.89,28785.46,34370.03,14.63,11.73,22.64,23.68,0
26,2,6.44,15,3.75,9,2.85,25,4.64,3,0.95,0,0,2,4,165.64,36.79,13031.88,19468.02,704.2,384.26,13717.8,20196.53,9.84,6.93,12.56,13.59,0
49,1,6,17,3.54,7,2.42,48,5.58,2,0.48,0,0,1.67,3.25,177.04,28.83,23639.13,32840.48,920.79,646.83,24717,34109.61,13.63,11.86,19.81,23.54,0
46,1,6,18,3.55,12,2.74,44,5.45,4,0.92,0,0,1.6,3.62,162.96,48.61,25832.33,23007.71,936.56,445.64,27005.18,23864.94,14.18,7.73,21.58,15.94,0
57,2,6.2,21,3.87,10,2.68,56,5.81,3,0.56,0,0,1.14,2.84,178.48,27.06,27786.59,35421.48,978.77,684.34,29021.98,36793.95,14.68,12.55,22.73,25.45,0
65,2,6.17,25,4.21,11,2.88,64,6,3,0.61,0,0,1.34,3.14,173.95,30.71,34040.55,44172.26,1108.73,861.11,35531.73,45882.87,17.17,15.75,27.47,31.7,0
26,2,6.44,16,3.7,10,3,25,4.64,3,0.76,0,0,1.36,3.28,173.36,30.55,22074.8,32713.7,871.76,632.55,23095.52,33976.3,12.8,11.56,18.76,23.42,0
26,2,6.44,21,4.32,10,3.08,25,4.64,3,1.12,0,0,3.2,4.66,151.64,40.55,2677.24,5696.15,515.24,124.57,2991.64,5889.33,6.6,2.42,5.68,4.08,0
29,1,6,15,3.62,10,2.99,28,4.81,2,0.49,0,0,1.43,3.25,172.79,28.58,13074.25,29465.53,707.29,587.15,13751.46,30606.61,9.75,10.79,12.39,21.17,0
38,2,7.19,21,4.13,11,3.23,33,4.97,7,1.8,0,0,2.65,4.13,155.14,88.35,15864.11,32051.41,722.22,645.09,16645.57,33293.41,10.41,11.56,14.35,23.09,0
37,2,6.31,18,3.65,10,2.77,36,5.17,3,0.83,0,0,1.72,3.72,170.67,34.94,27006.11,40673.51,982.11,809.51,28236.39,42241.06,14.89,14.81,22.64,29.07,0
40,1,6,19,3.59,9,2.69,39,5.29,2,0.48,0,0,1.08,3.03,175.33,28.45,20529.85,21757.25,849.33,419.11,21493.23,22576.24,12.33,7.58,17.69,15.21,0
67,2,6.33,22,3.69,10,2.83,65,6.01,3,0.68,0,0,1.42,3.11,176.55,29.15,24194.24,26850.49,906.39,515.41,25293.45,27877.88,13.38,9.38,20.21,19.07,0
66,2,6.34,19,3.8,6,2.32,65,6.02,4,0.56,0,0,1.28,2.96,181.14,23.19,29211.8,32145.37,1003.14,628.49,30493.12,33394.1,15.09,11.52,23.58,23.15,0
66,1,6,24,4.08,10,2.76,65,6.02,2,0.39,0,0,1.23,2.84,178.78,25.25,25785.38,30563.86,945.28,587.87,26944,31742.08,14.05,10.76,21.31,21.85,0
74,2,6.15,26,4.29,12,2.77,71,6.12,6,0.86,0,0,1.45,3.06,170.55,45.03,31040.88,35570.02,1032.66,697.24,32400.66,36948.4,15.82,12.62,25.04,25.56,0
37,2,6.31,22,4.16,8,2.56,36,5.17,3,0.88,0,0,1.94,3.96,168.75,37.44,19270.11,31380.22,825.69,605.2,20204.89,32581.59,12.03,11.03,17.17,22.31,0
73,2,6.15,18,3.43,9,2.28,72,6.17,3,0.29,0,0,0.53,1.83,183.25,18.96,33111.03,28214.4,1084.06,557.66,34540.17,29310.3,16.54,10.2,26.32,20.31,0
59,2,6.19,20,3.36,10,2.52,58,5.86,3,0.65,0,0,1.47,3.48,175.43,30.65,28357.17,22768.02,996.95,432.27,29621.93,23619.06,15.07,7.76,23.28,15.81,0
41,2,6.28,17,3.49,10,2.76,40,5.32,3,0.77,0,0,1.8,3.6,172.35,33.54,23887.92,26318.5,922.35,526.7,24986.53,27314.23,13.75,9.53,20.2,18.5,0
36,1,6,18,3.64,9,2.79,35,5.13,2,0.66,0,0,2.06,3.78,167.86,34.53,23020.11,36352.59,897.91,696.84,24097.31,37748.08,13.37,12.71,19.8,25.89,0
27,2,6.42,21,4.29,13,3.44,24,4.52,6,1.64,0,0,2.31,4.21,139.38,62.15,7415.12,21602.99,564.08,443.03,7882.96,22437.95,7.73,7.83,8.54,15.59,0
47,2,6.24,20,3.9,9,2.69,46,5.52,3,0.71,0,0,1.74,3.35,173.7,31.62,21658.96,37403.47,868,724.53,22670.48,38851.81,12.72,13.29,18.59,26.86,0
48,1,6,20,3.91,10,2.78,47,5.55,2,0.55,0,0,1.62,3.37,174.11,31.31,22189.51,34546.62,880.66,664.17,23223.51,35879.18,12.94,12.16,19,24.72,0
52,2,7.08,26,4.26,11,3.06,48,5.54,4,0.94,0,0,1.33,2.93,181.06,60.54,18993.76,31182.59,802.86,618.02,19877.69,32398.91,11.41,11.32,16.24,22.56,0
75,2,6.15,23,3.92,9,2.65,74,6.21,3,0.51,0,0,1.35,2.92,178.7,25.9,25774.34,31175.34,943.89,608.7,26932.28,32378.62,14.03,11.15,21.3,22.31,0
86,1,6,21,3.35,9,2.56,85,6.41,2,0.41,0,0,1.32,2.8,179.27,26.03,27738.91,31764.86,983.29,612.75,28970.48,32991.71,14.74,11.23,22.66,22.75,0
68,1,6,18,3.58,11,2.63,65,6,5,0.66,0,0,1.25,2.65,173.1,43.75,25728.67,22973.32,925.01,451.26,26869.51,23859.67,13.78,8.01,20.99,16.45,0
49,2,6.23,19,3.73,10,2.88,48,5.58,3,0.62,0,0,1.48,3.19,175.81,28.83,22230,22915.32,870.77,435.82,23250.33,23785.3,12.73,7.89,18.75,16.16,0
54,2,6.21,20,3.96,10,2.69,53,5.73,3,0.64,0,0,2.79,9.34,176.87,31.4,35225.72,40261.41,1137.25,785.45,36759.83,41816.12,17.66,14.37,28.26,28.82,0
29,2,6.39,23,4.42,9,2.9,28,4.81,3,1.11,0,0,4.79,8.85,162.93,64.23,6703.61,9421.56,607.57,182.3,7178.04,9744.16,8.11,3.32,8.64,6.24,0
47,2,6.24,16,3.36,10,2.66,46,5.52,3,0.3,0,0,0.83,1.85,183.85,15.1,28502.5,33636.81,986.15,655.24,29748.8,34950.59,14.72,12.06,22.93,24.34,0
70,1,6,21,3.66,9,2.67,69,6.11,2,0.52,0,0,1.77,3.29,175.39,30.01,22928.26,28814.34,897.13,577.43,23981.04,29919.11,13.22,10.55,19.35,20.5,0
63,2,6.18,22,4.16,12,2.65,60,5.88,6,0.81,0,0,1.31,2.64,171.42,45.23,23700.32,36367.91,889.81,726.28,24764.29,37788.29,13.16,13.22,19.56,26.33,0
34,2,6.33,20,4.04,6,2.16,33,5.04,3,0.87,0,0,2.18,3.86,169.55,36.2,11675.09,22804.59,676.03,440.02,12301.39,23678.69,9.24,8.04,11.45,16.28,0
28,1,6,16,3.73,6,2.14,27,4.75,2,0.5,0,0,1.56,3.24,172.85,28.99,11094.04,23701.54,664.85,455.84,11690.04,24616.09,8.96,8.35,10.89,16.99,0
68,2,6.33,23,3.65,11,2.93,66,6.04,3,1.15,0,0,1.81,3.36,31358.66,54393.65,16359.79,32944.03,34225.16,58174.88,19102.54,33502.17,52.93,70.88,50.63,60.3,0
61,2,6.18,20,3.61,9,2.41,60,5.91,3,1.05,0,0,1.72,3.09,26292.03,47978.23,12965.82,29359.58,28717.2,51344.22,15268.78,29995.62,44.75,63.1,42.48,54.91,0
47,1,6,15,2.94,11,2.83,44,5.42,5,1.38,0,0,0.87,2.51,34258.65,51393.34,12526.35,28860.93,37270.39,54975.71,15286.87,29326.05,55.61,66.98,50.96,57.22,0
68,2,6.16,23,3.63,14,3.34,60,5.74,12,1.91,0,0,2.43,5.57,23581.85,46496.81,13094.76,28433.09,25825.46,49756.34,15210.13,29081.43,41.39,61.07,39.03,53.49,0
61,2,6.55,21,3.43,12,3.12,57,5.79,7,1.58,0,0,3.07,5.08,26312.42,48796.66,8220.78,16014.99,28662.72,52265.88,10306.18,16210.74,43.38,64.41,38.47,54.06,0
55,1,6,17,3.15,11,2.97,52,5.67,5,1.32,0,0,2.35,5.13,29212.59,48963.14,15016.52,21699.27,31907.78,52354.25,17565.26,21574.03,49.74,63.08,47.04,52.38,0
46,2,6.24,20,3.35,12,2.94,43,5.39,6,1.52,0,0,2.96,5.18,35019.16,50478.77,9675.2,28116.43,38047.24,54016.32,12410.22,28725.45,55.91,66.15,50.49,58.05,0
72,2,6.31,20,3.54,11,2.88,69,6.08,7,1.37,0,0,3.83,13.92,22265.65,45088.11,13386.93,23666.73,24421.85,48244.04,15436.56,24039.77,39.79,58.96,37.8,50.63,0
67,1,6,23,3.49,13,3.19,62,5.87,7,1.47,0,0,2.64,4.98,23937.89,45834.59,15462.82,28002.04,26267.86,49011.35,17714.7,28466.87,42.98,59.46,41.55,51.46,0
70,2,6.32,18,3.31,13,3.15,60,5.73,13,1.99,0,0,1.65,4.74,22903.88,46123.49,18182.59,31213.79,25173.13,49322.09,20416.59,31808.42,41.87,60.11,41.23,51.66,0
77,2,6.14,24,3.82,11,2.85,76,6.25,3,0.96,0,0,1.12,2.94,20795,44102.34,25469.83,30040.15,23056.61,47093.59,27902.12,30270.98,41.72,56.15,44.88,46.66,0
74,1,6,22,3.88,11,2.76,73,6.19,2,0.87,0,0,1.36,2.75,21642.66,41873.08,17608.12,30554.47,23817.45,44760.59,19791.79,31122.21,40.11,54.39,40.27,47.32,0
81,2,6.28,24,3.61,10,2.85,79,6.3,3,1.04,0,0,1.3,2.89,19761.53,41616.41,19296.7,27432.27,21830.65,44482.06,21428.22,27795.33,38.16,53.8,39.31,45.77,0
71,2,6.16,22,3.8,10,2.77,70,6.13,3,0.94,0,0,0.79,2.25,22564.54,41869.93,26407.84,39900.57,24969.23,44666.26,28973.93,40653.46,44.37,53.37,47.36,46.81,0
68,1,6,21,3.66,12,2.95,65,6,5,1.19,0,0,0.97,2.7,23579.3,46030.07,23034.1,35158.51,26010.58,49160.52,25539.54,35730.75,44.87,59.05,46.24,50.84,0
56,1,6,17,3.19,10,2.89,48,5.41,11,1.99,0,0,3.05,5.84,28672.42,45421.4,18895.65,35754.9,31416.93,48495.67,21576.02,36361.93,50.65,58.04,49.49,50.75,0
60,2,6.19,15,3.26,8,2.33,59,5.88,3,1.04,0,0,0.86,2.78,26736.78,47004.2,27419,39443.66,29469.25,50142.22,30310.02,39965.65,50.44,59.41,53.37,50.65,0
51,2,6.22,16,3.18,10,2.57,50,5.64,3,1.07,0,0,0.44,1.96,31514.58,48771.31,22545.46,30885.74,34502.94,52056.49,25539.7,30850.85,55.18,61.63,55.28,50.62,0
45,2,6.25,21,3.5,12,2.89,44,5.46,3,1.11,0,0,1.89,3.83,35772.45,49320.61,10393.41,21892.84,38859.55,52764.81,13198.5,21992.14,57,64.15,51.77,53.34,0
64,2,6.7,25,3.76,11,3,61,5.91,4,1.32,0,0,2,3.44,25045.49,45013.2,14142.44,23472.66,27398.86,48152.11,16408.67,23672.39,43.44,58.59,41.81,49.4,0
53,1,6,18,3.28,14,2.94,50,5.61,5,1.3,0,0,0.9,2.43,30329.92,48211.42,12044.19,29690.31,33042.77,51581.25,14540,30312.01,50.08,63.14,46.06,54.9,0
56,2,6.2,21,3.33,15,3.35,48,5.41,12,2.11,0,0,2.62,5.36,28666.55,47481.34,4393.67,10544.97,31112.22,50888.91,6458.29,10829.91,45.13,63.18,38.09,53.08,0
44,2,6.51,18,3.29,8,2.52,43,5.43,4,1.27,0,0,1.86,3.47,36607.3,51298.31,8204.02,21075.1,39700.84,54925.66,10950.81,21371,57.14,67.53,50.7,56.86,0
58,1,6,19,3.48,10,2.8,57,5.83,2,0.96,0,0,1.46,3.16,27661.58,46588.53,13490.89,28046.97,30201.12,49835.83,15898.75,28520.15,46.86,60.8,44.42,52.01,0
69,2,6.49,22,3.62,10,2.92,66,6.02,3,1.13,0,0,1.04,2.51,23218.41,42333.33,14555.68,27333.56,25436.56,45283,16725.12,27805.36,40.93,55.34,40.01,47.98,0
56,2,6.2,16,3.15,10,2.49,55,5.78,3,1.09,0,0,0.73,2.6,28660.64,46894.4,26111.45,37545.3,31513.91,50017.49,29085.71,37905.83,52.67,59.01,54.91,49.81,0
73,1,6,21,3.47,13,3.12,69,6.06,6,1.34,0,0,2.01,4.09,21942.31,41338.08,17076.49,24565.52,24149.97,44175.58,19266.04,24741.42,40.72,53.03,40.39,44.54,0
51,1,6,15,2.78,13,2.96,43,5.24,11,2.07,0,0,1.82,4.9,31514.06,45761.68,7928.76,23523.21,34228.98,48999.77,10329.04,24050.05,50.1,60.47,44.3,52.37,0
47,2,6.24,21,3.44,11,2.83,46,5.52,3,1.13,0,0,1.63,3.36,34228.07,48899.32,6326.24,23383.93,37113.2,52380.59,8866.5,24017.76,53.26,64.92,46.87,55.77,0
51,2,6.22,20,3.44,10,2.72,50,5.64,3,1.12,0,0,1.52,3.26,31499.96,48409.18,7989.62,23087.33,34218.48,51839.06,10426.74,23595.39,50.18,63.94,44.96,54.54,0
58,2,6.19,21,3.44,10,2.99,57,5.83,3,1.07,0,0,1.44,3.15,27664.18,48722.54,15457.98,30689.59,30237.4,52110.91,17951.84,31222.79,47.49,63.52,46.02,54.85,0
48,2,6.23,17,3.08,8,2.35,47,5.55,3,1.13,0,0,1.36,3.09,33501.4,48482.84,12999.96,31982.83,36462.21,51848.25,15751.91,32588.55,54.66,63.21,50.79,54.18,0
87,1,6,22,3.77,8,2.14,84,6.37,5,1.14,0,0,1.86,3.72,18403.35,38119.13,15884.29,32352.71,20321.51,40756.65,17787.29,33177.05,35.36,50,35.08,44.77,0
77,2,6.14,19,3.11,10,2.56,69,5.93,12,1.81,0,0,3.09,5.7,20824.59,41722.37,10907.14,18834.51,22836.25,44655.64,12756.01,19075.58,37.09,54.63,34.09,46.74,0
59,2,6.57,19,3.17,11,2.78,52,5.56,10,1.92,0,0,3.29,6.18,27226.64,43830.49,6168.83,17731.16,29616.09,46944.86,8225.17,18152.87,44.1,57.94,37.93,49.76,0
53,2,6.21,19,3.13,11,2.85,47,5.4,9,1.81,0,0,3.88,6.9,30342.21,47367.12,4726.12,16527.87,32950.48,50739.1,6949.46,17028.21,48.13,62.66,41.02,54.07,0
62,2,6.36,20,3.23,11,2.77,55,5.64,9,1.78,0,0,3.41,6.2,25896.46,44770.3,7267.1,15634.68,28213.7,47944,9313.07,15856.46,42.75,58.95,37.74,50.68,0
64,2,6.35,18,3.17,11,2.75,58,5.73,10,1.79,0,0,3.43,6.09,25078.03,44147.67,8533.21,17103.77,27361.87,47265.37,10572.76,17309.16,42.14,57.95,37.62,49.6,0
51,1,6,14,2.58,11,2.63,44,5.25,9,1.83,0,0,3.34,6.49,31557.4,47169.38,8550.16,23699.13,34329.48,50475.12,10981.08,24192,51.16,61.66,44.86,53.31,0
76,2,6.15,19,3.32,10,2.58,68,5.96,12,1.83,0,0,2.05,4.39,21069.68,43992.13,10570.51,20768.19,23069.89,47104.59,12428.8,21166.81,36.88,58.03,34.27,49.68,0
72,2,6.15,18,3.19,9,2.3,71,6.15,3,1.06,0,0,1.63,3.15,22233.1,40702.5,13998.08,27293.92,24386.03,43531.55,16092.62,27803.25,39.7,53.11,38.62,45.88,0
41,2,6.28,18,3.1,8,2.26,40,5.32,3,1.11,0,0,1.25,3.31,39329.3,50037.93,2174,4235.75,42508.2,53651.55,4893.15,4919.05,58.7,66.9,50.17,56.86,0
56,2,6.2,18,3.19,10,2.7,55,5.78,3,1.11,0,0,1.35,3.19,28651.56,44872.56,16683.09,35311.45,31329.24,47947.81,19287.35,35996.34,49.42,58.08,48.05,50.54,0
43,2,6.26,19,3.11,10,2.57,42,5.39,3,1.07,0,0,1.67,3.73,37458.05,47544.24,1618.1,3900.36,40499.19,50979.63,4217.24,4791.78,56.14,63.6,47.95,54.33,0
66,1,6,18,2.67,35,4.2,41,4.35,28,3.39,0,0,0.92,2.89,24215.62,41748.59,534.49,799.01,26240.82,44799.57,2182.18,3108.25,37.34,56.49,30.4,48.76,0
87,2,6.13,17,2.76,44,4.69,49,4.31,42,4,0,0,1.03,3.91,18336.99,38877.85,8936.15,25395.33,20071.71,41655.35,10509.15,26174.6,31.97,52.18,29.03,46.58,0
49,1,6,21,3.52,8,2.56,48,5.58,2,0.99,0,0,2.46,4.02,32802.69,50983.53,7502.06,20061.36,35624.6,54593.74,10016.85,20432.14,52.08,67.16,46.4,56.49,0
43,2,6.26,14,2.94,10,2.47,42,5.39,3,1.13,0,0,1.43,3.03,37473.07,49598.27,6283.5,19196.91,40592.45,53125.51,9018.74,19563.76,57.6,65.66,50.48,55.74,0
51,2,6.44,20,3.54,8,2.33,49,5.6,3,1.19,0,0,1.32,2.87,31510.94,47707.33,11795.98,28355.23,34286.46,51049.5,14352.74,28877.52,51.24,62.57,47.18,53.26,0
48,2,6.94,20,3.3,9,2.61,45,5.47,4,1.41,0,0,1.57,3.27,33503.06,45954.12,5684.81,18281.8,36312.72,49236.58,8159.36,18688.54,51.89,61.08,45.66,52.21,0
51,1,6,18,2.89,11,2.74,46,5.41,7,1.53,0,0,2.6,4.57,31521.5,46090.19,6026.36,18813.58,34250.98,49343.79,8406.84,19239.64,50.38,60.51,43.92,52.16,0
72,1,6,17,3.16,10,2.84,64,5.84,11,1.79,0,0,2.37,5.57,22259.17,42039.47,16448.97,32660.7,24474.69,44938.14,18610.24,33391.48,40.86,54.71,39.87,48.47,0
69,2,6.16,14,2.86,10,2.56,66,6.02,6,1.31,0,0,1.76,4.45,23232.85,42287.5,17590.28,28325.03,25529.59,45191.47,19873.34,28697.5,42.37,54.5,42.12,47.03,0
63,2,6.18,23,3.39,12,2.78,60,5.88,6,1.41,0,0,3.56,9.64,25451.94,42835.31,6381.69,16581.27,27722.1,45874.64,8381.56,16926.25,41.89,56.52,36.87,48.3,0
57,2,6.2,19,2.94,11,2.68,54,5.72,6,1.44,0,0,3.52,7.77,28169.16,44766.39,6956.13,15204.19,30643.63,47936.57,9154.8,15362.24,45.66,58.88,40.55,50.54,0
51,2,6.22,17,3.03,9,2.51,48,5.55,6,1.48,0,0,2.26,5.23,31525.06,46230.01,6264.84,17907.77,34225.62,49511.92,8641.16,18267.29,49.84,61.03,43.84,52.54,0
65,1,6,17,3.11,11,2.78,58,5.69,9,1.67,0,0,2.42,5.48,24692.22,43013.13,12736.13,28690.46,27029.97,45999.47,14916.31,29310.66,43.13,56.05,40.22,49.56,0
61,2,6.18,18,2.85,12,2.97,53,5.57,12,2.03,0,0,2.82,4.98,26282.65,44808.65,7303.8,21820.07,28616.28,47990.14,9384.43,22384.15,43.05,59.35,38.38,51.51,0
42,2,6.27,19,3.18,9,2.48,41,5.36,3,1.1,0,0,1.71,3.55,38373.85,50444.42,5238.1,18223.74,41545.51,54041.7,8024.15,18659.23,58.56,66.86,51.41,56.98,0
34,1,6,15,3.32,7,2.31,33,5.04,2,0.98,0,0,1.15,2.91,23742.79,39783.42,5185.82,12168.46,25841.76,42629.62,7018.06,12372.76,38.7,52.83,33.76,44.25,0
27,2,6.85,16,3.45,7,2.54,25,4.62,3,1.14,0,0,2.77,4.15,165.23,39.79,9568.15,23832.28,630.69,472.07,10117.62,24748.57,8.5,8.66,10.04,17.08,0
28,2,6.41,19,3.97,7,2.5,27,4.75,3,1.12,0,0,3.78,4.57,154.07,43.12,10572.78,24719.99,663.33,472.58,11192.48,25656.25,9.3,8.59,11.33,17.46,0
32,1,6,14,3.37,6,1.78,31,4.95,2,0.46,0,0,1.9,3.09,176.52,27.85,15397.29,25585.6,745.42,494.36,16150.84,26572.73,10.39,9.06,13.81,18.33,0
55,1,6,22,4.11,12,2.81,52,5.67,5,0.89,0,0,1.7,3.28,164.98,49.55,26733.83,42880.4,955.98,851.54,27931.39,44548.98,14.5,15.49,22.04,30.93,0
38,2,6.59,19,3.72,9,2.46,37,5.21,4,1.04,0,0,2.49,3.85,165.57,41.46,9750.19,16791.05,632.22,340.8,10299.22,17426.12,8.51,6.11,10.03,11.89,0
43,2,6.52,16,3.55,9,2.57,42,5.39,4,0.77,0,0,1.81,3.18,184.4,63.14,27072.6,39052.39,967.45,756.08,28275.93,40573.03,14.38,13.94,22.14,28.19,0
42,2,6.27,20,3.36,9,2.44,41,5.36,3,0.7,0,0,2.15,3.43,173.63,30.54,15544.41,21946.65,752.76,436.87,16306.9,22782.64,10.59,7.96,13.98,15.55,0
42,2,6.54,20,3.74,10,2.91,41,5.36,4,1.03,0,0,5.39,17.6,169.37,38.9,21068.39,32630.44,856.15,624.92,22061.17,33882.29,12.61,11.38,18.24,23.25,0
57,1,6,19,3.64,7,2.43,56,5.81,2,0.49,0,0,1.54,3.09,177.13,29.11,28585.84,35388.37,999.95,683.49,29857.05,36755.16,15.09,12.52,23.39,25.35,0
67,2,6.33,22,3.85,13,2.86,63,5.94,6,0.86,0,0,1.11,2.51,172.97,44.29,24428.21,32464.71,905.27,657.57,25518.88,33731.21,13.42,11.94,20.06,23.48,0
42,1,6,12,3.09,6,2.01,41,5.36,2,0.46,0,0,1.8,3.05,178.24,27.95,25897.34,39093.68,948.83,753.9,27063.05,40611.8,14.12,13.86,21.44,28.14,0
60,2,6.19,24,4.04,10,2.73,59,5.88,3,0.69,0,0,1.76,3.48,173.92,32.29,25531.29,37873.89,945.81,741.44,26695.12,39336.16,14.15,13.58,21.41,27.12,0
50,2,6.45,19,3.59,8,2.47,48,5.57,3,0.71,0,0,1.71,3.26,178.24,28.87,24207.24,30937.93,907.27,600.77,25301.53,32133.83,13.37,11.01,20.12,22.19,0
44,2,6.26,19,3.66,10,2.57,43,5.43,3,0.6,0,0,1.67,3.17,177.65,27.6,13256.37,18771.8,698.81,359.67,13923.49,19490.47,9.51,6.57,12.21,13.37,0
37,1,6,19,3.8,9,2.72,36,5.17,2,0.76,0,0,2.83,4.07,164.89,38.47,10462.78,17120.57,661.89,326.7,11055.78,17757.27,9.06,5.9,10.83,11.91,0
37,1,6,18,3.66,11,3.06,34,5.04,5,1.11,0,0,2,3.5,155.56,56.49,10070.44,18188.84,619.56,365.06,10619.28,18884.12,8.44,6.37,10.03,12.98,0
20,2,6.58,12,3.33,7,2.61,19,4.25,3,1.02,0,0,2.11,4.08,167.32,38.39,11550.47,15644.17,671.63,302.92,12186.16,16221.93,9.21,5.43,11.63,10.83,0
63,2,6.18,23,4.05,11,2.82,62,5.95,3,0.67,0,0,1.61,3.39,172.35,32.62,32060.6,38734.93,1069.1,749.84,33476.82,40226.13,16.47,13.66,26.08,27.65,0
29,2,6.39,22,4.32,10,3.05,28,4.81,3,0.96,0,0,2.43,4.08,164.18,37.58,7380.93,13982.44,593.82,270.31,7851.5,14504.26,7.82,4.91,8.57,9.82,0
35,2,6.32,17,3.32,10,3,34,5.09,3,0.79,0,0,1.53,3.53,170.18,32.64,18680.12,22178,814.47,434.24,19580.47,23008.78,11.79,7.82,16.53,15.45,0
68,2,6.49,17,3.53,9,2.44,66,6.04,4,0.57,0,0,0.99,2.45,184.91,51.53,35280.78,29058,1114.49,568.87,36792.36,30188.23,17.09,10.41,27.85,20.95,0
63,2,6.18,22,3.91,10,2.8,62,5.95,4,0.79,0,0,1.65,3.4,171.87,38.5,22142.79,24103.15,869.35,462.28,23166.08,25018.71,12.77,8.3,18.81,17.01,0
34,2,6.33,20,3.82,10,3.04,33,5.04,3,0.93,0,0,2.52,4.08,163.88,37.35,27298,42560.07,982.18,819.22,28547.76,44196.48,15.03,14.9,23,30.35,0
24,2,6.48,13,3.29,8,2.63,23,4.52,3,0.81,0,0,1.3,3.37,175.09,32.01,24649.43,37354.67,921.78,724.72,25772.3,38801.11,13.7,13.28,20.65,26.83,0
32,2,7.06,17,3.73,7,2.12,29,4.8,3,0.9,0,0,1.68,3.18,178.32,28.98,19447.03,40463.42,806.26,795.01,20351.35,42045.47,11.52,14.65,16.61,29.33,0
46,2,6.24,20,3.88,10,2.78,45,5.49,3,0.87,0,0,2.49,3.96,167.76,37.36,29198.22,44060.65,1026.11,874.9,30517.64,45760.79,15.76,15.99,24.29,31.53,0
45,1,6,22,3.94,9,2.62,44,5.46,2,0.63,0,0,1.73,3.71,170.11,33.82,35134.64,42878.58,1134.16,824.59,36684.09,44527.03,17.7,15.03,28.55,30.56,0
41,1,6,16,3.4,11,2.41,38,5.2,5,0.88,0,0,0.85,2.68,164.15,52.88,40027.6,43697.82,1202.2,872.01,41736,45399.4,19.07,15.71,31.5,31.53,0
46,2,6.24,18,3.51,11,2.78,45,5.49,3,0.72,0,0,1.6,3.44,173.98,32.03,22437.07,25455.73,878.73,488.14,23474.49,26422.72,12.91,8.85,19.07,17.96,0
52,2,6.22,22,3.82,11,3.02,51,5.67,3,0.81,0,0,2.18,3.75,167.43,36.52,20069.78,23230.63,834.45,438.48,21022.1,24101.66,12.22,7.83,17.49,16.21,0
24,2,6.48,14,3.55,8,2.7,23,4.52,3,0.81,0,0,1.83,3.48,172.74,31.51,19049.7,37338.48,827.87,785.25,19956.57,38787.78,12,14.43,16.65,26.88,0
51,2,6.22,21,3.85,10,2.24,50,5.64,3,0.54,0,0,1.74,3.04,177.62,25.73,17860.96,29645.04,785.7,573.06,18706.88,30795.21,11.12,10.51,15.52,21.33,0
44,1,6,21,3.95,7,2.14,43,5.43,2,0.69,0,0,2.6,3.77,168.07,36,16005.05,30935.5,763.79,591.75,16806.72,32124.29,10.88,10.82,14.7,22.08,0
23,2,6.5,17,3.97,11,3.21,20,4.24,6,1.8,0,0,2.82,4.42,132.5,65.14,6438.73,22706.09,539.68,464.8,6872.36,23585.51,7.41,8.25,7.91,16.43,0
44,1,6,14,3.22,8,2.41,43,5.43,2,0.45,0,0,1.7,2.98,177.88,27.38,24402,32108.7,924.3,622.91,25505.07,33349.94,13.67,11.42,20.28,23.02,0
31,2,7.47,17,3.84,10,3.12,28,4.77,4,1.47,0,0,3.2,4.4,165.43,83.18,18806,34915.57,805.37,683.67,19720.13,36258.3,11.77,12.42,16.8,24.95,0
31,2,6.73,11,2.91,8,2.58,29,4.84,3,0.91,0,0,1.47,3.38,176.17,32.68,31728.63,42833.31,1055.83,837.52,33131.1,44492,16.17,15.36,25.83,30.75,0
29,2,6.79,16,3.41,7,2.51,28,4.81,4,1.1,0,0,1.89,3.8,167.86,35.78,26926,38774.09,972,771.72,28150.36,40266.69,14.79,14.03,22.54,27.69,0
22,1,6,14,3.59,7,2.59,21,4.39,2,0.79,0,0,2.38,4.26,161.52,38.5,20513.76,34194.12,863.81,655.59,21511.76,35495.99,12.86,11.9,18.33,24.16,0
32,2,6.35,18,3.91,9,2.9,31,4.95,3,1.06,0,0,3.42,4.41,158.84,42.29,12023.81,24271.6,692.26,465.56,12690,25189.85,9.74,8.45,12.19,17.12,0
27,2,6.42,16,3.66,9,2.82,26,4.7,3,0.93,0,0,2.23,3.94,168,36.8,27655.81,40067.2,989.38,778.82,28911.73,41607.78,15.08,14.2,23.12,28.58,0
45,2,6.25,18,3.73,8,2.46,44,5.46,3,0.51,0,0,1.09,2.71,178.09,26.6,33205.07,35782.05,1086.18,712.46,34646.34,37170.12,16.68,13.02,26.55,25.73,0
26,2,6.44,19,4,8,2.67,25,4.64,3,1.12,0,0,3.68,4.51,155.4,42.74,10476.48,24491.45,661.56,470.18,11091.12,25420.8,9.24,8.55,11.24,17.33,0
19,2,6.61,14,3.68,9,2.97,18,4.17,3,1.19,0,0,3.44,4.66,150.39,40.77,1333.78,2539.72,484.28,78.77,1602.33,2625.65,6.06,1.87,4.83,2.57,0
39,1,6,16,3.67,13,3.12,34,4.94,7,1.33,0,0,1.58,3.18,151.13,65.33,22745.71,35423.1,851.18,710.39,23777.24,36803.79,12.82,12.65,18.97,25.61,0
191,2,6.06,19,1.94,143,6.61,57,2.59,137,6.01,0,0,0.43,1.7,53.18,83.33,9454.37,26312.75,434.24,595.74,9866.23,27374.75,6.91,10,7.58,19.66,0
50,2,6.22,25,4.07,8,2.64,49,5.61,3,0.87,0,0,2.57,4,167.51,37.65,25441.33,41089.72,953.14,795.04,26614.02,42672.15,14.41,14.53,21.57,29.35,0
43,1,6,17,3.55,8,2.13,42,5.39,2,0.45,0,0,1.86,3.1,177.6,27.71,21843.45,34395.31,878.6,684.08,22849.17,35729.09,12.83,12.57,18.48,24.73,0
26,2,6.88,16,3.7,9,2.82,24,4.56,3,1.02,0,0,1.6,3.67,172.24,35.01,23567.68,36833.33,891.44,719.68,24650.72,38257.57,13.2,13.17,19.92,26.42,0
23,2,6.5,16,3.66,10,3.12,22,4.46,3,1.09,0,0,2.73,4.45,160.91,41.79,4730.23,7275.81,546,150.08,5113.41,7530.55,7,2.78,6.95,5.08,0
31,2,7.1,19,3.81,9,2.86,29,4.84,4,1.35,0,0,3.6,4.27,164.17,82.89,10517.9,23719.18,649.97,465.44,11111.9,24625.75,8.9,8.42,10.87,16.91,0
30,1,6,12,3.06,16,3.51,21,3.87,11,2.3,0,0,1.45,3.15,118.97,84.53,11104.48,24000.71,572,524.29,11653.72,24948.1,8.24,8.9,10.07,17.62,0
39,2,6.29,20,3.68,10,2.77,38,5.25,3,0.86,0,0,1.84,3.88,168.68,36.16,18919.82,21869.78,822.74,424.08,19829.97,22686.3,11.97,7.61,16.71,15.2,0
38,2,6.3,14,3.01,8,2.46,37,5.21,3,0.87,0,0,4.51,11.09,171.62,39.01,18560.76,25301.79,815.57,480.61,19454.43,26262.93,11.81,8.71,16.41,17.88,0
26,2,6.44,14,3.43,8,2.45,25,4.64,3,0.87,0,0,4.24,10.03,178.8,58.77,12916.48,25413.47,706.08,484.29,13587.28,26391.05,9.64,8.94,12.28,18.18,0
